Date,Open,High,Low,Close,Volume,MA5,MA20,MA60
1984-09-07,26.5,26.87,26.25,26.5,2981600.0,,,
1984-09-10,26.5,26.62,25.87,26.37,2346400.0,,,
1984-09-11,26.62,27.37,26.62,26.87,5444000.0,,,
1984-09-12,26.87,27.0,26.12,26.12,4773600.0,,,
1984-09-13,27.5,27.62,27.5,27.5,7429600.0,26.672000000000004,,
1984-09-14,27.62,28.5,27.62,27.87,8826400.0,26.946000000000005,,
1984-09-17,28.62,29.0,28.62,28.62,6886400.0,27.395999999999997,,
1984-09-18,28.62,28.87,27.62,27.62,3495200.0,27.546,,
1984-09-19,27.62,27.87,27.0,27.0,3816000.0,27.722,,
1984-09-20,27.12,27.37,27.12,27.12,2387200.0,27.646000000000004,,
1984-09-21,27.12,27.87,26.5,26.87,3591200.0,27.446000000000005,,
1984-09-24,26.87,27.0,26.62,26.62,2833600.0,27.046,,
1984-09-25,26.5,26.5,26.12,26.12,5977600.0,26.746,,
1984-09-26,26.12,27.25,25.75,25.75,3987200.0,26.496,,
1984-09-27,25.75,25.87,25.75,25.75,3796000.0,26.222,,
1984-09-28,25.75,25.75,24.62,25.12,8344800.0,25.872000000000003,,
1984-10-01,25.0,25.0,24.5,24.5,3521600.0,25.448,,
1984-10-02,24.75,25.62,24.75,24.75,4258400.0,25.174,,
1984-10-03,25.12,25.5,25.12,25.12,4335200.0,25.048000000000002,,
1984-10-04,25.37,25.62,25.37,25.37,4482400.0,24.972,26.378000000000004,
1984-10-05,25.37,25.37,24.75,24.87,3510400.0,24.922000000000004,26.2965,
1984-10-08,24.87,25.0,24.87,24.87,1721600.0,24.996000000000002,26.221500000000002,
1984-10-09,24.87,25.0,24.62,24.62,4515200.0,24.970000000000002,26.109,
1984-10-10,24.62,24.62,23.87,23.87,13070400.0,24.720000000000002,25.996499999999997,
1984-10-11,23.87,24.5,23.75,23.75,6553600.0,24.396,25.808999999999997,
1984-10-12,23.75,23.87,22.5,22.75,9522400.0,23.972,25.553,
1984-10-15,24.0,24.25,24.0,24.0,8715200.0,23.798000000000002,25.322,
1984-10-16,24.0,24.12,23.87,23.87,4246400.0,23.648000000000003,25.1345,
1984-10-17,24.87,25.0,24.87,24.87,5636000.0,23.848,25.028,
1984-10-18,25.62,25.75,25.62,25.62,8842400.0,24.222,24.953,
1984-10-19,25.62,27.37,25.5,25.62,11673600.0,24.796,24.890500000000003,
1984-10-22,25.62,26.0,25.37,25.37,4108800.0,25.07,24.828000000000003,
1984-10-23,26.0,26.25,26.0,26.0,6668800.0,25.496,24.822000000000003,
1984-10-24,26.25,26.5,26.25,26.25,5989600.0,25.772000000000002,24.847,
1984-10-25,26.25,26.25,25.25,25.25,5676000.0,25.698,24.822000000000003,
1984-10-26,25.25,25.25,24.5,24.62,4113600.0,25.497999999999998,24.797000000000004,
1984-10-29,24.75,24.87,24.75,24.75,1836000.0,25.374000000000002,24.809500000000003,
1984-10-30,25.0,25.25,25.0,25.0,2677600.0,25.174,24.822000000000003,
1984-10-31,25.0,25.25,24.87,24.87,2191200.0,24.898000000000003,24.809500000000003,
1984-11-01,25.0,25.25,25.0,25.0,1680000.0,24.848000000000003,24.791000000000004,
1984-11-02,25.0,25.12,24.75,24.87,1004800.0,24.898000000000003,24.791,
1984-11-05,24.87,25.37,24.75,24.75,3764800.0,24.898000000000003,24.785,
1984-11-06,26.25,26.37,26.25,26.25,8073600.0,25.148000000000003,24.8665,
1984-11-07,26.25,26.37,25.75,25.75,8286400.0,25.324,24.9605,
1984-11-08,25.75,25.75,24.75,24.75,3162400.0,25.274,25.0105,
1984-11-09,24.75,24.87,23.0,23.25,10518400.0,24.95,25.0355,
1984-11-12,24.12,24.25,24.12,24.12,4070400.0,24.824,25.0415,
1984-11-13,24.12,24.62,23.5,23.5,4548800.0,24.274,25.023,
1984-11-14,23.75,24.0,23.75,23.75,3752800.0,23.874000000000002,24.967,
1984-11-15,23.75,24.0,23.75,23.75,3833600.0,23.674,24.8735,
1984-11-16,23.75,24.12,23.12,23.25,5920000.0,23.674,24.755,
1984-11-19,23.25,23.37,21.87,21.87,8321600.0,23.223999999999997,24.58,
1984-11-20,22.62,22.75,22.62,22.62,9424800.0,23.048000000000002,24.410999999999998,
1984-11-21,23.12,23.25,23.12,23.12,6418400.0,22.922000000000004,24.2545,
1984-11-23,23.37,24.12,23.37,23.75,4904800.0,22.922000000000004,24.179499999999997,
1984-11-26,24.0,24.0,24.0,24.0,3636000.0,23.072000000000003,24.1485,
1984-11-27,24.62,24.87,24.62,24.62,4590400.0,23.622000000000003,24.142,
1984-11-28,25.87,26.5,25.87,25.87,14673600.0,24.272,24.185499999999998,
1984-11-29,25.87,25.87,25.37,25.37,6248800.0,24.722,24.210500000000003,
1984-11-30,25.37,25.62,24.62,24.75,3906400.0,24.922,24.198,25.122333333333337
1984-12-03,24.75,24.87,24.37,24.37,3533600.0,24.996000000000002,24.173000000000002,25.086833333333335
1984-12-04,24.87,25.37,24.87,24.87,4332800.0,25.046000000000003,24.179000000000002,25.061833333333333
1984-12-05,26.12,26.12,26.12,26.12,9406400.0,25.096,24.172500000000003,25.049333333333333
1984-12-06,27.37,27.5,27.37,27.37,11360000.0,25.496000000000002,24.253500000000003,25.07016666666667
1984-12-07,27.37,28.37,27.12,27.25,17696000.0,25.996000000000002,24.378500000000003,25.066
1984-12-10,27.25,27.25,26.75,26.75,4016000.0,26.472,24.553500000000003,25.04733333333333
1984-12-11,26.75,27.12,26.37,26.37,4432800.0,26.772,24.666000000000004,25.009833333333336
1984-12-12,26.37,26.37,25.5,25.5,3937600.0,26.648000000000003,24.766000000000002,24.9745
1984-12-13,25.75,26.25,25.75,25.75,2424800.0,26.324,24.866000000000003,24.953666666666667
1984-12-14,25.75,26.62,25.75,26.37,3475200.0,26.148000000000003,24.997000000000003,24.941166666666668
1984-12-17,27.0,27.25,27.0,27.0,4513600.0,26.198,25.184500000000003,24.94333333333333
1984-12-18,28.62,28.75,28.62,28.62,12164800.0,26.648000000000003,25.522000000000002,24.97666666666667
1984-12-19,28.62,28.75,27.5,27.5,11372800.0,27.048000000000002,25.766000000000002,24.999666666666666
1984-12-20,27.5,28.0,27.37,27.37,5013600.0,27.372000000000003,25.978500000000004,25.026666666666664
1984-12-21,27.37,27.5,26.75,27.0,4438400.0,27.498,26.141000000000002,25.0475
1984-12-24,27.5,27.62,27.5,27.5,2418400.0,27.598000000000003,26.316000000000003,25.08716666666667
1984-12-26,27.62,27.87,27.62,27.62,2444000.0,27.398000000000003,26.466,25.139166666666668
1984-12-27,27.75,27.87,27.75,27.75,3531200.0,27.448,26.560000000000002,25.18916666666667
1984-12-28,27.75,28.87,27.62,28.75,5941600.0,27.724,26.729000000000003,25.249666666666666
1984-12-31,29.12,29.25,29.12,29.12,7453600.0,28.148000000000003,26.9475,25.312166666666666
1985-01-02,29.12,29.12,27.87,27.87,6272800.0,28.222,27.122500000000002,25.362166666666667
1985-01-03,28.37,29.12,28.37,28.37,5967200.0,28.372000000000003,27.297500000000003,25.4205
1985-01-04,28.37,28.5,28.0,28.37,4915200.0,28.496,27.410000000000004,25.483
1985-01-07,28.37,28.5,28.25,28.25,6117600.0,28.395999999999997,27.454,25.556
1985-01-08,28.25,28.5,28.0,28.0,5040000.0,28.171999999999997,27.491500000000002,25.626833333333334
1985-01-09,28.75,29.12,28.75,28.75,5973600.0,28.348000000000003,27.591500000000003,25.726833333333335
1985-01-10,30.0,30.12,30.0,30.0,9926400.0,28.674,27.773000000000003,25.826833333333337
1985-01-11,30.0,30.25,29.5,29.75,7347200.0,28.95,27.985500000000002,25.924833333333332
1985-01-14,30.62,30.87,30.62,30.62,9691200.0,29.424,28.229000000000003,26.020666666666667
1985-01-15,30.62,31.12,30.0,30.0,9476000.0,29.824,28.410500000000003,26.093666666666664
1985-01-16,30.25,30.75,30.25,30.25,6816000.0,30.124000000000002,28.573,26.170833333333334
1985-01-17,30.25,30.75,28.12,28.12,19573600.0,29.748,28.548000000000002,26.216666666666665
1985-01-18,28.12,29.25,28.0,28.62,12615200.0,29.522000000000002,28.603999999999996,26.26033333333333
1985-01-21,29.25,29.5,29.25,29.25,11635200.0,29.248,28.698,26.310333333333332
1985-01-22,30.12,30.25,30.12,30.12,15202400.0,29.272,28.853999999999996,26.3915
1985-01-23,30.12,30.25,29.62,29.62,15384000.0,29.145999999999997,28.959999999999997,26.474833333333333
1985-01-24,29.62,29.62,29.0,29.0,14192800.0,29.322000000000003,29.028999999999996,26.545666666666666
1985-01-25,29.0,29.62,28.37,29.62,11381600.0,29.522000000000002,29.122499999999995,26.622666666666667
1985-01-28,30.25,30.62,30.25,30.25,14721600.0,29.722,29.197499999999998,26.712333333333333
1985-01-29,30.25,30.5,29.87,29.87,8029600.0,29.672000000000004,29.234999999999996,26.793499999999998
1985-01-30,29.87,30.5,29.87,29.87,17624800.0,29.721999999999998,29.334999999999997,26.876833333333334
1985-01-31,29.87,30.0,29.0,29.0,9880000.0,29.721999999999998,29.366499999999995,26.94766666666667
1985-02-01,29.0,29.12,28.37,28.62,4941600.0,29.522000000000002,29.378999999999998,26.987166666666667
1985-02-04,29.25,29.37,29.25,29.25,7801600.0,29.322000000000003,29.428999999999995,27.0455
1985-02-05,29.5,30.0,29.5,29.5,6824800.0,29.248,29.503999999999998,27.124666666666666
1985-02-06,30.0,30.0,30.0,30.0,6980000.0,29.274,29.566499999999998,27.237166666666667
1985-02-07,30.0,30.37,29.87,29.87,8793600.0,29.448,29.559999999999995,27.333000000000002
1985-02-08,29.87,30.0,29.5,29.87,4757600.0,29.698,29.565999999999995,27.439166666666665
1985-02-11,30.5,30.75,30.5,30.5,12431200.0,29.948,29.559999999999995,27.551666666666666
1985-02-12,30.5,30.62,29.75,29.75,8095200.0,29.998,29.547499999999996,27.651666666666664
1985-02-13,29.75,29.75,28.37,28.37,18835200.0,29.671999999999997,29.4535,27.737000000000002
1985-02-14,28.37,28.62,27.62,27.62,15268800.0,29.222,29.428499999999996,27.832833333333333
1985-02-15,27.62,28.12,27.37,28.0,6224000.0,28.848000000000003,29.3975,27.9225
1985-02-19,27.87,27.87,27.62,27.62,5391200.0,28.272000000000002,29.316000000000003,27.997500000000002
1985-02-20,27.62,27.75,26.37,26.37,7864800.0,27.596000000000004,29.128500000000003,28.041166666666665
1985-02-21,26.87,27.0,26.87,26.87,11035200.0,27.296,28.991000000000003,28.089000000000002
1985-02-22,26.87,27.87,26.87,27.62,8096000.0,27.296,28.922000000000004,28.139
1985-02-25,27.62,27.75,27.25,27.25,3564000.0,27.145999999999997,28.803500000000003,28.162
1985-02-26,27.25,27.37,26.75,26.75,6764800.0,26.972,28.628500000000003,28.185
1985-02-27,26.75,26.75,25.12,25.12,14421600.0,26.722,28.391000000000002,28.191166666666668
1985-02-28,25.12,25.12,24.75,24.75,11415200.0,26.298000000000002,28.135,28.1975
1985-03-01,24.75,24.87,24.0,24.87,8857600.0,25.748,27.928500000000003,28.1975
1985-03-04,25.25,26.0,25.25,25.25,5484000.0,25.348,27.76,28.183
1985-03-05,25.87,25.87,25.87,25.87,4687200.0,25.172000000000004,27.591,28.158
1985-03-06,25.87,25.87,24.62,24.62,6933600.0,25.072000000000003,27.347,28.11416666666667
1985-03-07,24.62,24.75,22.12,22.12,26244000.0,24.546,26.953000000000003,28.037
1985-03-08,22.12,22.12,20.75,21.5,16931200.0,23.872,26.534499999999998,27.95583333333333
1985-03-11,22.25,22.37,22.25,22.25,10244800.0,23.272,26.153499999999998,27.901666666666664
1985-03-12,23.0,23.25,23.0,23.0,7880000.0,22.698,25.778499999999998,27.855833333333333
1985-03-13,23.0,23.0,21.75,21.75,8973600.0,22.124000000000002,25.3785,27.778833333333335
1985-03-14,21.75,21.87,21.75,21.75,8667200.0,22.05,25.047500000000003,27.691333333333333
1985-03-15,21.75,23.12,21.62,22.62,6524000.0,22.274,24.797500000000003,27.591333333333335
1985-03-18,22.87,23.12,22.87,22.87,4487200.0,22.398000000000003,24.541000000000004,27.514166666666664
1985-03-19,22.87,23.12,22.0,22.0,6147200.0,22.198,24.26,27.424666666666667
1985-03-20,22.25,22.62,22.25,22.25,14498400.0,22.298000000000002,24.054000000000002,27.3455
1985-03-21,22.62,23.0,22.62,22.62,5826400.0,22.472,23.841500000000003,27.264166666666668
1985-03-22,22.62,23.0,22.25,22.25,2910400.0,22.398000000000003,23.573,27.174666666666667
1985-03-25,22.25,22.25,21.62,21.62,3931200.0,22.148,23.291500000000003,27.072499999999998
1985-03-26,22.5,22.5,22.5,22.5,4346400.0,22.247999999999998,23.079,26.96833333333333
1985-03-27,22.5,22.75,21.87,21.87,4008800.0,22.172,22.916500000000003,26.847500000000004
1985-03-28,21.87,22.25,21.87,21.87,4667200.0,22.022000000000002,22.7725,26.7475
1985-03-29,21.87,22.25,21.87,22.12,3155200.0,21.996000000000002,22.634999999999998,26.643333333333334
1985-04-01,22.12,22.62,21.62,21.62,4115200.0,21.996000000000002,22.4535,26.53083333333333
1985-04-02,21.62,21.75,21.0,21.0,8146400.0,21.696,22.21,26.41
1985-04-03,21.0,21.12,21.0,21.0,8681600.0,21.522,22.029,26.293333333333333
1985-04-04,21.0,21.12,20.62,20.87,5792800.0,21.322,21.9665,26.162
1985-04-08,20.87,21.0,19.62,19.62,7129600.0,20.822000000000003,21.8725,25.988999999999997
1985-04-09,19.62,19.75,19.62,19.62,9461600.0,20.422000000000004,21.741,25.82016666666667
1985-04-10,21.0,21.25,21.0,21.0,8117600.0,20.422000000000004,21.641,25.659833333333335
1985-04-11,21.37,22.0,21.37,21.37,5260000.0,20.496000000000002,21.622,25.516000000000002
1985-04-12,21.37,21.37,20.75,20.87,2607200.0,20.496000000000002,21.578,25.35966666666667
1985-04-15,21.37,21.62,21.37,21.37,2168800.0,20.846,21.5155,25.247166666666665
1985-04-16,21.62,21.75,21.62,21.62,2424800.0,21.246000000000002,21.453,25.1305
1985-04-17,22.62,22.87,22.62,22.62,4402400.0,21.57,21.484,25.02
1985-04-18,22.87,23.0,22.87,22.87,7246400.0,21.87,21.515,24.899166666666666
1985-04-19,22.87,22.87,22.37,22.5,3468800.0,22.196,21.509,24.780500000000004
1985-04-22,22.5,22.5,21.62,21.62,3700000.0,22.246000000000002,21.4775,24.657500000000002
1985-04-23,22.12,22.25,22.12,22.12,4261600.0,22.346000000000004,21.5025,24.532500000000002
1985-04-24,22.12,22.5,22.0,22.0,2830400.0,22.222,21.4775,24.395
1985-04-25,22.0,22.12,22.0,22.0,3135200.0,22.048000000000002,21.484,24.263833333333334
1985-04-26,22.0,22.62,21.87,21.87,4295200.0,21.922,21.484,24.130499999999998
1985-04-29,21.87,22.0,21.12,21.12,2256000.0,21.822,21.434000000000005,23.999166666666667
1985-04-30,21.25,21.37,21.25,21.25,3396000.0,21.648000000000003,21.4155,23.876333333333335
1985-05-01,21.25,21.37,20.87,20.87,2075200.0,21.422000000000004,21.409,23.736666666666668
1985-05-02,20.62,20.62,19.25,19.25,11787200.0,20.872000000000003,21.3215,23.565833333333334
1985-05-03,19.25,20.12,19.25,20.0,5673600.0,20.498,21.278,23.399166666666666
1985-05-06,20.0,20.25,19.75,19.75,2007200.0,20.224,21.2845,23.2305
1985-05-07,20.0,20.0,20.0,20.0,3844800.0,19.974,21.3035,23.066
1985-05-08,19.87,19.87,19.87,19.87,5177600.0,19.774,21.247,22.888833333333334
1985-05-09,20.0,20.12,20.0,20.0,4571200.0,19.924,21.1785,22.726333333333336
1985-05-10,20.0,20.5,20.0,20.25,4893600.0,19.974,21.1475,22.591
1985-05-13,20.25,20.37,20.0,20.0,3157600.0,20.024,21.079,22.464000000000002
1985-05-14,20.0,20.12,19.75,19.75,4364000.0,19.974,20.9855,22.326500000000003
1985-05-15,20.0,20.37,20.0,20.0,4668800.0,20.0,20.854499999999998,22.1995
1985-05-16,21.37,22.0,21.37,21.37,8275200.0,20.273999999999997,20.7795,22.11616666666667
1985-05-17,21.37,22.12,21.25,21.75,7592800.0,20.574,20.741999999999997,22.03083333333333
1985-05-20,21.75,22.25,21.37,21.37,7044000.0,20.848000000000003,20.729499999999998,21.92666666666667
1985-05-21,21.25,21.25,20.75,20.75,5452800.0,21.048000000000002,20.660999999999998,21.818333333333335
1985-05-22,20.75,20.87,20.62,20.62,4342400.0,21.172000000000004,20.592,21.716166666666666
1985-05-23,20.5,20.5,19.75,19.75,8576000.0,20.848000000000003,20.479499999999998,21.626666666666665
1985-05-24,19.75,19.75,18.12,18.12,21060000.0,20.122000000000003,20.291999999999998,21.516166666666667
1985-05-28,17.87,17.87,16.87,16.87,18253600.0,19.222,20.079500000000003,21.382833333333334
1985-05-29,17.12,17.25,17.12,17.12,8808800.0,18.496000000000002,19.873,21.247333333333337
1985-05-30,17.62,17.87,17.62,17.62,11273600.0,17.896,19.710500000000003,21.109833333333334
1985-05-31,17.62,18.0,17.37,17.37,13235200.0,17.419999999999998,19.616500000000002,20.988999999999997
1985-06-03,17.0,17.0,16.0,16.0,20578400.0,16.996,19.416500000000003,20.887
1985-06-04,17.25,17.37,17.25,17.25,14373600.0,17.072000000000003,19.291500000000003,20.816166666666668
1985-06-05,17.25,17.75,16.87,16.87,10267200.0,17.022,19.135,20.7265
1985-06-06,17.0,17.0,17.0,17.0,9688800.0,16.898,18.991500000000002,20.626500000000004
1985-06-07,17.0,17.0,16.37,16.37,16980000.0,16.698,18.810000000000002,20.536833333333334
1985-06-10,16.37,16.5,16.12,16.12,11296000.0,16.722,18.603500000000004,20.443
1985-06-11,16.12,16.5,16.12,16.12,10751200.0,16.496000000000002,18.4095,20.334666666666667
1985-06-12,16.12,16.25,15.75,15.75,8888800.0,16.272000000000002,18.209500000000002,20.216
1985-06-13,15.75,15.88,14.88,14.88,13573600.0,15.848000000000003,17.953500000000002,20.097333333333335
1985-06-14,14.88,15.75,14.75,14.75,20226400.0,15.524000000000001,17.622500000000002,19.972333333333335
1985-06-17,14.88,15.0,14.88,14.88,8464000.0,15.276,17.279000000000003,19.84333333333333
1985-06-18,15.25,15.5,15.25,15.25,9489600.0,15.102,16.973000000000003,19.726666666666667
1985-06-19,15.63,15.88,15.63,15.63,6177600.0,15.078,16.717000000000002,19.626833333333334
1985-06-20,15.75,15.75,15.75,15.75,6822400.0,15.252,16.4735,19.514333333333337
1985-06-21,16.12,16.5,16.12,16.12,5941600.0,15.526,16.292,19.418499999999998
1985-06-24,17.25,17.5,17.25,17.25,7387200.0,16.0,16.2485,19.3415
1985-06-25,17.5,17.87,17.5,17.5,10506400.0,16.45,16.28,19.264499999999998
1985-06-26,18.12,18.12,18.12,18.12,4722400.0,16.948,16.330000000000002,19.206166666666668
1985-06-27,18.37,18.5,18.37,18.37,6915200.0,17.472,16.3675,19.162333333333333
1985-06-28,18.37,18.5,18.0,18.0,4875200.0,17.848000000000003,16.399,19.112333333333332
1985-07-01,18.12,18.25,18.12,18.12,3702400.0,18.022000000000002,16.505000000000003,19.0665
1985-07-02,18.12,18.25,17.25,17.25,2807200.0,17.972,16.505000000000003,19.027
1985-07-03,17.5,17.5,17.5,17.5,2472800.0,17.848000000000003,16.5365,18.991666666666667
1985-07-05,17.62,17.75,17.62,17.62,1321600.0,17.698,16.567500000000003,18.935333333333332
1985-07-08,17.62,17.75,17.62,17.62,3301600.0,17.622,16.630000000000003,18.872833333333336
1985-07-09,17.62,17.75,17.62,17.62,5284000.0,17.522,16.705000000000002,18.818666666666665
1985-07-10,18.0,18.0,18.0,18.0,3802400.0,17.672,16.799,18.7625
1985-07-11,18.0,18.12,18.0,18.0,2361600.0,17.772,16.9115,18.702166666666663
1985-07-12,18.0,18.0,17.87,17.87,1680000.0,17.822000000000003,17.061,18.623
1985-07-15,17.87,18.25,17.75,17.75,2804800.0,17.848000000000003,17.211,18.537666666666667
1985-07-16,17.75,17.87,17.5,17.5,5120000.0,17.824,17.342,18.454333333333334
1985-07-17,17.62,17.87,17.62,17.62,4255200.0,17.748,17.4605,18.387666666666668
1985-07-18,17.62,17.62,17.25,17.25,6437600.0,17.598000000000003,17.5415,18.306499999999996
1985-07-19,17.37,17.37,17.37,17.37,4117600.0,17.497999999999998,17.6225,18.229333333333333
1985-07-22,17.37,17.37,16.87,16.87,6906400.0,17.322,17.66,18.14383333333333
1985-07-23,16.87,17.12,16.5,16.5,6038400.0,17.122,17.6225,18.054333333333332
1985-07-24,16.5,16.75,16.25,16.25,6040000.0,16.848000000000003,17.56,17.973166666666664
1985-07-25,16.62,16.75,16.62,16.62,11282400.0,16.722,17.485,17.896
1985-07-26,16.62,16.75,16.62,16.62,4673600.0,16.572000000000003,17.3975,17.825166666666668
1985-07-29,16.62,16.62,16.0,16.0,2808800.0,16.398000000000003,17.2975,17.771
1985-07-30,16.25,16.37,16.25,16.25,3237600.0,16.348000000000003,17.204,17.7085
1985-07-31,16.25,16.37,15.88,15.88,2917600.0,16.274,17.1355,17.644000000000002
1985-08-01,15.88,16.12,15.88,15.88,1842400.0,16.125999999999998,17.054499999999997,17.575333333333333
1985-08-02,15.88,15.88,15.75,15.75,3501600.0,15.951999999999998,16.961,17.506666666666664
1985-08-05,15.75,15.88,15.38,15.38,3307200.0,15.828,16.848999999999997,17.429666666666666
1985-08-06,15.38,15.75,15.25,15.25,2260000.0,15.628,16.7305,17.346333333333334
1985-08-07,15.25,16.0,14.88,14.88,5452800.0,15.428,16.5745,17.261000000000003
1985-08-08,15.13,15.25,15.13,15.13,5321600.0,15.278,16.431000000000004,17.184
1985-08-09,15.25,15.25,15.25,15.25,2186400.0,15.178,16.300000000000004,17.104833333333332
1985-08-12,15.25,15.25,15.0,15.0,1988800.0,15.102,16.1625,16.99866666666667
1985-08-13,15.25,15.5,15.25,15.25,1555200.0,15.102,16.050000000000004,16.890333333333334
1985-08-14,15.25,15.25,14.63,14.63,10372800.0,15.052000000000001,15.900500000000003,16.778000000000002
1985-08-15,14.63,14.75,14.5,14.5,3800000.0,14.925999999999998,15.763000000000002,16.673833333333334
1985-08-16,14.63,14.88,14.63,14.63,3008800.0,14.802000000000001,15.626000000000001,16.574
1985-08-19,15.0,15.25,15.0,15.0,1726400.0,14.802000000000001,15.532500000000002,16.494833333333336
1985-08-20,15.25,15.25,15.25,15.25,2431200.0,14.802000000000001,15.470000000000002,16.447
1985-08-21,15.25,15.25,15.25,15.25,2767200.0,14.926000000000002,15.420000000000002,16.42
1985-08-22,15.25,15.25,14.88,14.88,4406400.0,15.002,15.333000000000002,16.38266666666667
1985-08-23,14.88,15.0,14.75,14.75,1601600.0,15.026,15.239500000000001,16.334833333333332
1985-08-26,15.13,15.13,15.13,15.13,1315200.0,15.052000000000001,15.196000000000002,16.2975
1985-08-27,15.25,15.25,15.25,15.25,1540000.0,15.052000000000001,15.146,16.285
1985-08-28,15.25,15.38,15.25,15.25,1475200.0,15.052000000000001,15.114500000000001,16.25166666666667
1985-08-29,15.25,15.25,14.88,14.88,2006400.0,15.052000000000001,15.0645,16.2185
1985-08-30,15.0,15.0,15.0,15.0,1537600.0,15.102,15.027000000000001,16.185166666666667
1985-09-03,15.0,15.0,14.75,14.75,1369600.0,15.026,14.995500000000002,16.158166666666666
1985-09-04,14.88,15.13,14.88,14.88,1708800.0,14.952000000000002,14.977,16.1375
1985-09-05,14.88,15.0,14.88,14.88,1201600.0,14.878,14.976999999999999,16.116833333333332
1985-09-06,15.0,15.0,15.0,15.0,3333600.0,14.902000000000001,14.970499999999998,16.104333333333333
1985-09-09,15.25,15.38,15.25,15.25,4728800.0,14.952000000000002,14.970499999999998,16.1105
1985-09-10,15.38,15.63,15.38,15.38,4364800.0,15.078,14.989499999999998,16.121
1985-09-11,15.5,15.63,15.5,15.5,3150400.0,15.202000000000002,15.001999999999999,16.131333333333334
1985-09-12,16.12,16.12,16.12,16.12,3998400.0,15.45,15.0765,16.145833333333332
1985-09-13,16.12,16.12,15.75,15.75,2541600.0,15.6,15.139,16.147833333333335
1985-09-16,15.75,15.75,15.25,15.25,1344000.0,15.6,15.169999999999998,16.1395
1985-09-17,15.25,15.25,15.25,15.25,6564000.0,15.574000000000002,15.1825,16.125
1985-09-18,16.25,16.25,16.25,16.25,4316000.0,15.724,15.232499999999998,16.108333333333334
1985-09-19,17.0,17.0,17.0,17.0,6662400.0,15.9,15.319999999999999,16.1
1985-09-20,17.0,17.12,16.75,16.75,4846400.0,16.1,15.413499999999999,16.077166666666667
1985-09-23,16.87,17.12,16.87,16.87,4277600.0,16.424,15.519499999999999,16.05216666666667
1985-09-24,16.87,17.25,16.5,16.5,3161600.0,16.674,15.588,16.027166666666666
1985-09-25,16.5,16.5,15.88,15.88,3761600.0,16.6,15.619499999999999,15.989833333333333
1985-09-26,15.88,16.0,15.88,15.88,1949600.0,16.375999999999998,15.651,15.967
1985-09-27,15.88,16.0,15.88,15.88,250400.0,16.202,15.700999999999999,15.94
1985-09-30,15.88,16.0,15.75,15.75,1324800.0,15.978,15.738499999999998,15.908833333333332
1985-10-01,15.75,15.88,15.75,15.75,3175200.0,15.828,15.788499999999999,15.877666666666666
1985-10-02,15.75,15.88,15.63,15.63,795200.0,15.778,15.826000000000002,15.8445
1985-10-03,15.63,15.63,15.5,15.5,1784800.0,15.702000000000002,15.857000000000003,15.802833333333332
1985-10-04,15.5,15.5,15.0,15.0,2484800.0,15.526,15.857000000000003,15.752833333333333
1985-10-07,15.0,15.25,15.0,15.0,3284800.0,15.376,15.844500000000002,15.705
1985-10-08,15.13,15.13,15.13,15.13,3144000.0,15.252,15.832000000000003,15.661333333333333
1985-10-09,15.13,15.25,15.0,15.0,3001600.0,15.126000000000001,15.807000000000002,15.619666666666665
1985-10-10,15.88,16.0,15.88,15.88,9386400.0,15.202000000000002,15.795000000000002,15.590666666666666
1985-10-11,16.0,16.25,16.0,16.0,4261600.0,15.402000000000001,15.807500000000001,15.569833333333332
1985-10-14,16.62,16.62,16.62,16.62,5555200.0,15.726000000000003,15.876000000000001,15.557333333333332
1985-10-15,17.0,17.12,17.0,17.0,10504800.0,16.1,15.963500000000002,15.559499999999998
1985-10-16,18.0,18.12,18.0,18.0,10336000.0,16.7,16.051000000000002,15.584499999999998
1985-10-17,18.25,19.12,18.25,18.25,12455200.0,17.174,16.113500000000002,15.617833333333332
1985-10-18,18.25,18.37,17.75,17.75,8268800.0,17.524,16.163500000000003,15.636666666666665
1985-10-21,17.75,17.75,17.25,17.25,4248800.0,17.65,16.1825,15.647166666666665
1985-10-22,18.0,18.25,18.0,18.0,15186400.0,17.85,16.2575,15.680499999999999
1985-10-23,18.0,18.5,18.0,18.0,5309600.0,17.85,16.363500000000002,15.709666666666665
1985-10-24,18.37,18.87,18.37,18.37,9768800.0,17.874000000000002,16.488000000000003,15.751166666666666
1985-10-25,18.37,18.37,18.0,18.0,2271200.0,17.924,16.594,15.786499999999998
1985-10-28,18.0,18.12,18.0,18.0,2148800.0,18.074,16.706500000000002,15.824
1985-10-29,18.0,18.0,17.87,17.87,4693600.0,18.048000000000002,16.812500000000004,15.865499999999999
1985-10-30,19.0,19.0,19.0,19.0,8098400.0,18.248,16.981,15.927999999999999
1985-10-31,19.0,19.25,18.62,18.62,5548800.0,18.298000000000002,17.137,15.990333333333332
1985-11-01,18.62,19.0,18.62,18.62,3320000.0,18.422,17.317999999999998,16.0485
1985-11-04,18.75,19.12,18.75,18.75,5584800.0,18.572,17.505499999999998,16.106833333333334
1985-11-05,18.75,19.12,18.62,18.62,3841600.0,18.722,17.68,16.167166666666667
1985-11-06,19.25,19.37,19.25,19.25,7181600.0,18.772,17.8925,16.233833333333333
1985-11-07,19.62,19.87,19.62,19.62,11352800.0,18.972,18.0795,16.317
1985-11-08,20.5,20.75,20.5,20.5,10517600.0,19.348000000000003,18.304499999999997,16.416999999999998
1985-11-11,20.5,20.75,20.0,20.0,6421600.0,19.598000000000003,18.473499999999998,16.5065
1985-11-12,20.0,20.25,19.87,19.87,6224800.0,19.848000000000003,18.616999999999997,16.587666666666667
1985-11-13,19.87,19.87,19.37,19.37,3642400.0,19.872,18.685499999999998,16.656333333333333
1985-11-14,20.0,20.12,20.0,20.0,4995200.0,19.948,18.773,16.7355
1985-11-15,20.0,20.25,19.87,19.87,2932800.0,19.822,18.878999999999998,16.818666666666665
1985-11-18,19.87,20.0,19.87,19.87,2342400.0,19.796,19.009999999999998,16.904
1985-11-19,19.87,20.0,19.25,19.25,3373600.0,19.672000000000004,19.072499999999998,16.972666666666665
1985-11-20,19.25,19.37,19.0,19.0,3548800.0,19.598000000000003,19.1225,17.035166666666665
1985-11-21,19.0,19.25,19.0,19.0,3720000.0,19.398000000000003,19.154,17.09766666666667
1985-11-22,19.0,19.25,18.87,19.0,4620000.0,19.224,19.204,17.166333333333334
1985-11-25,19.0,19.25,19.0,19.12,3488800.0,19.074,19.259999999999998,17.235
1985-11-26,19.12,19.5,19.0,19.37,5892800.0,19.098,19.335,17.312
1985-11-27,19.37,20.12,19.25,20.0,6873600.0,19.298,19.384999999999998,17.397333333333332
1985-11-29,20.0,20.12,19.87,20.12,3546400.0,19.522,19.46,17.484666666666666
1985-12-02,20.12,20.25,20.0,20.25,3611200.0,19.772,19.541500000000003,17.572166666666664
1985-12-03,20.25,20.37,20.0,20.12,5548800.0,19.972,19.610000000000003,17.65333333333333
1985-12-04,20.12,20.62,20.12,20.5,5928800.0,20.198,19.704,17.738666666666667
1985-12-05,20.5,20.75,20.0,20.12,4508800.0,20.222,19.747500000000002,17.81566666666667
1985-12-06,20.12,20.12,19.62,19.75,2347200.0,20.148000000000003,19.754,17.876166666666666
1985-12-09,19.75,20.0,19.25,19.37,5015200.0,19.972,19.6975,17.9365
1985-12-10,19.37,19.62,19.25,19.5,7206400.0,19.848,19.672500000000003,18.00733333333333
1985-12-11,19.5,20.12,19.5,19.75,8489600.0,19.698,19.666500000000003,18.08233333333333
1985-12-12,19.87,20.25,19.87,20.0,4515200.0,19.674,19.698,18.14483333333333
1985-12-13,20.0,20.25,19.75,20.0,8975200.0,19.724,19.698,18.19483333333333
1985-12-16,20.0,21.25,20.0,20.87,10362400.0,20.024,19.748,18.2635
1985-12-17,20.87,21.0,20.37,20.62,3926400.0,20.248,19.785500000000003,18.326
1985-12-18,21.37,22.87,21.37,22.25,20033600.0,20.748,19.9355,18.421833333333332
1985-12-19,22.25,22.75,22.12,22.5,9673600.0,21.248,20.110500000000002,18.532166666666665
1985-12-20,22.5,22.75,22.25,22.37,7402400.0,21.722,20.279000000000003,18.640333333333334
1985-12-23,22.37,22.5,21.62,21.87,5157600.0,21.922,20.4225,18.740166666666664
1985-12-24,21.87,22.0,21.62,21.75,2344800.0,22.148,20.554,18.840166666666665
1985-12-26,21.75,22.0,21.62,21.75,1658400.0,22.048,20.673,18.940166666666663
1985-12-27,21.75,22.62,21.75,22.37,4427200.0,22.022,20.7915,19.052500000000002
1985-12-30,22.37,22.62,22.12,22.25,3848800.0,21.998,20.898,19.165000000000003
1985-12-31,22.25,22.37,22.0,22.0,3158400.0,22.024,20.9855,19.28166666666667
1986-01-02,22.0,22.25,21.75,22.25,4212800.0,22.124000000000002,21.092,19.4025
1986-01-03,22.25,22.37,22.12,22.37,8653600.0,22.248,21.185499999999998,19.523166666666665
1986-01-06,22.37,22.37,21.87,22.25,6636000.0,22.224,21.291999999999998,19.644
1986-01-07,22.25,23.0,22.12,23.0,16807200.0,22.374000000000002,21.4545,19.762666666666668
1986-01-08,23.0,23.5,22.75,22.87,21711200.0,22.548000000000002,21.6295,19.877166666666668
1986-01-09,22.87,23.0,21.87,22.62,16002400.0,22.622,21.7855,19.977166666666665
1986-01-10,22.62,23.12,22.62,22.75,5491200.0,22.698,21.935499999999998,20.072999999999997
1986-01-13,22.75,23.12,22.5,23.0,7701600.0,22.848,22.0855,20.156333333333333
1986-01-14,23.0,23.75,22.5,23.25,9772800.0,22.898,22.247999999999998,20.239666666666665
1986-01-15,23.25,24.0,23.12,23.87,15126400.0,23.098000000000003,22.398,20.341666666666665
1986-01-16,23.87,24.75,23.87,24.5,19132800.0,23.474,22.592,20.4625
1986-01-17,24.5,24.75,23.87,24.0,12344000.0,23.724,22.679499999999997,20.5625
1986-01-20,24.0,24.0,23.37,23.87,4590400.0,23.898000000000003,22.747999999999998,20.66033333333333
1986-01-21,23.87,24.12,23.75,24.0,5464800.0,24.048000000000002,22.829500000000003,20.754166666666666
1986-01-22,24.0,24.12,22.37,23.37,5144800.0,23.948,22.904500000000002,20.843666666666667
1986-01-23,23.37,23.5,22.75,23.0,5624000.0,23.648000000000003,22.967000000000002,20.927000000000003
1986-01-24,23.0,23.37,22.62,22.62,4044000.0,23.372,23.0105,21.006166666666665
1986-01-27,22.62,22.75,22.0,22.12,13955200.0,23.022,22.998,21.05816666666667
1986-01-28,22.12,22.37,22.0,22.25,7949600.0,22.672,22.998,21.11866666666667
1986-01-29,22.25,24.37,22.0,23.62,21064800.0,22.722,23.079,21.201999999999998
1986-01-30,23.5,23.5,22.87,23.0,8493600.0,22.722,23.116500000000002,21.27283333333333
1986-01-31,23.0,23.25,22.87,23.12,5317600.0,22.822000000000003,23.154000000000003,21.347833333333334
1986-02-03,23.12,24.0,22.87,23.87,12512800.0,23.172,23.235000000000003,21.424833333333332
1986-02-04,23.87,24.37,23.75,23.75,9298400.0,23.472,23.2725,21.493666666666666
1986-02-05,23.75,23.87,23.5,23.75,7042400.0,23.497999999999998,23.3165,21.547833333333333
1986-02-06,23.75,24.25,23.62,24.12,4835200.0,23.722,23.3915,21.6165
1986-02-07,24.12,24.12,23.5,24.0,4656000.0,23.898000000000003,23.454,21.685333333333336
1986-02-10,24.0,24.5,23.75,23.87,4036000.0,23.898000000000003,23.497500000000002,21.76033333333333
1986-02-11,23.87,24.0,23.5,23.87,5504000.0,23.922000000000004,23.5285,21.824833333333334
1986-02-12,23.87,24.0,23.75,24.0,4770400.0,23.972,23.535000000000004,21.893666666666668
1986-02-13,24.0,24.0,23.75,23.87,3944000.0,23.922,23.5035,21.96033333333333
1986-02-14,23.87,24.12,23.75,23.75,4928800.0,23.872,23.491,22.03533333333333
1986-02-18,23.75,24.0,23.25,23.87,5295200.0,23.872,23.491,22.1165
1986-02-19,23.87,25.5,23.87,25.0,12871200.0,24.098000000000003,23.541,22.2165
1986-02-20,25.0,25.37,24.87,25.12,4951200.0,24.322000000000003,23.6285,22.318499999999997
1986-02-21,25.12,25.75,25.12,25.25,6771200.0,24.598000000000003,23.741,22.420666666666666
1986-02-24,25.25,25.75,25.0,25.75,8840000.0,24.998,23.8975,22.527
1986-02-25,25.75,26.37,25.12,26.37,8041600.0,25.498,24.11,22.63316666666667
1986-02-26,26.37,26.75,26.0,26.0,5907200.0,25.698,24.2975,22.73116666666667
1986-02-27,26.0,26.12,25.5,25.62,3873600.0,25.798000000000002,24.3975,22.820666666666668
1986-02-28,25.62,25.87,24.87,25.0,4507200.0,25.748,24.4975,22.902
1986-03-03,25.0,25.12,24.5,24.62,3912800.0,25.522,24.572499999999998,22.97066666666667
1986-03-04,24.62,25.0,24.5,24.62,3217600.0,25.172000000000004,24.61,23.045666666666666
1986-03-05,24.62,25.5,24.25,25.25,6324000.0,25.022000000000002,24.685,23.137333333333334
1986-03-06,25.25,25.75,25.12,25.37,3630400.0,24.972,24.766,23.237333333333336
1986-03-07,25.37,25.37,24.75,24.75,3477600.0,24.922000000000004,24.7975,23.324833333333338
1986-03-10,24.75,24.87,24.62,24.62,2727200.0,24.922,24.8285,23.406000000000002
1986-03-11,24.62,24.87,24.5,24.87,3681600.0,24.972,24.8785,23.487166666666667
1986-03-12,24.87,25.12,24.75,24.75,3071200.0,24.872,24.922500000000003,23.566333333333333
1986-03-13,24.75,25.0,24.37,24.75,4176000.0,24.748,24.96,23.630999999999997
1986-03-14,24.75,26.25,24.75,26.12,13781600.0,25.022000000000002,25.0725,23.72266666666667
1986-03-17,26.0,26.0,25.37,26.0,4240000.0,25.298000000000002,25.185000000000002,23.78516666666667
1986-03-18,26.0,27.25,25.87,26.87,8920000.0,25.698,25.335,23.858
1986-03-19,26.87,27.25,26.37,26.5,6816000.0,26.048000000000002,25.410000000000004,23.92683333333333
1986-03-20,28.0,29.62,28.0,28.25,32318400.0,26.748,25.5665,24.033166666666666
1986-03-21,28.25,28.75,27.5,27.62,9309600.0,27.048000000000002,25.685000000000002,24.131000000000004
1986-03-24,27.62,27.62,26.37,26.75,10528800.0,27.198,25.735000000000003,24.214333333333336
1986-03-25,26.75,27.87,26.75,27.87,10060000.0,27.398000000000003,25.810000000000002,24.305999999999997
1986-03-26,27.87,28.75,27.87,28.25,7941600.0,27.748,25.922500000000003,24.406
1986-03-27,28.25,29.0,28.25,28.25,7856000.0,27.748,26.054000000000002,24.510166666666667
1986-03-31,28.25,28.5,28.0,28.25,6744800.0,27.874000000000002,26.216500000000003,24.610166666666665
1986-04-01,28.25,28.25,27.0,27.25,7973600.0,27.974,26.348000000000003,24.6915
1986-04-02,27.25,27.37,26.25,27.25,11627200.0,27.85,26.4795,24.774833333333333
1986-04-03,27.25,27.62,26.87,27.0,7548800.0,27.6,26.567,24.8415
1986-04-04,27.0,27.0,26.62,26.75,4508800.0,27.3,26.636000000000003,24.906166666666664
1986-04-07,26.75,27.5,26.25,27.25,4318400.0,27.1,26.761000000000003,24.983333333333334
1986-04-08,27.25,27.75,27.25,27.62,6912800.0,27.174,26.911,25.064500000000002
1986-04-09,27.62,27.75,26.87,27.12,4851200.0,27.148000000000003,27.023500000000002,25.133166666666668
1986-04-10,27.12,27.37,26.87,27.25,3932800.0,27.198,27.148500000000002,25.199833333333334
1986-04-11,27.25,27.5,27.0,27.0,2737600.0,27.248,27.261000000000003,25.252
1986-04-14,27.0,27.25,26.75,26.87,3076000.0,27.172000000000004,27.2985,25.2915
1986-04-15,26.87,27.5,26.87,27.37,4722400.0,27.122000000000003,27.367,25.347666666666665
1986-04-16,27.37,28.5,27.37,28.25,7535200.0,27.348000000000003,27.436,25.420666666666666
1986-04-17,28.25,29.12,28.0,29.0,9672800.0,27.698,27.561,25.504
1986-04-18,29.0,29.87,28.75,29.75,8871200.0,28.248,27.636000000000003,25.610333333333333
1986-04-21,29.87,30.75,29.87,30.37,9775200.0,28.948,27.773500000000002,25.733166666666666
1986-04-22,30.37,31.25,29.62,29.87,11726400.0,29.448,27.9295,25.854
1986-04-23,29.87,30.37,29.37,29.62,9371200.0,29.722,28.017000000000003,25.979
1986-04-24,29.62,31.5,29.5,31.37,16398400.0,30.196000000000005,28.173000000000002,26.130999999999997
1986-04-25,31.37,32.63,31.37,32.25,9348800.0,30.696000000000005,28.373,26.274833333333333
1986-04-28,32.25,32.75,31.75,32.0,5241600.0,31.022000000000002,28.5605,26.424833333333332
1986-04-29,32.0,32.25,26.87,31.25,4750400.0,31.298000000000002,28.7605,26.560333333333332
1986-04-30,31.25,31.62,30.25,30.25,4944000.0,31.424,28.910500000000003,26.666666666666668
1986-05-01,30.25,30.25,29.75,30.25,9218400.0,31.2,29.073,26.775
1986-05-02,30.25,31.0,30.12,30.5,3377600.0,30.85,29.2605,26.8875
1986-05-05,30.5,32.5,30.5,32.13,5364000.0,30.875999999999998,29.5045,27.021
1986-05-06,32.25,33.25,32.25,32.63,7829600.0,31.151999999999997,29.755000000000003,27.16483333333333
1986-05-07,32.63,32.88,31.25,31.5,7133600.0,31.401999999999997,29.974,27.291999999999998
1986-05-08,31.5,33.13,31.5,33.0,8342400.0,31.951999999999998,30.2615,27.444166666666664
1986-05-09,33.0,33.63,32.75,33.38,7961600.0,32.528000000000006,30.5805,27.6005
1986-05-12,33.38,36.63,33.25,36.38,14335200.0,33.378,31.056,27.809
1986-05-13,36.38,36.5,35.25,36.0,16876000.0,34.052,31.4875,28.013166666666667
1986-05-14,36.0,37.38,36.0,36.88,17277600.0,35.128,31.919,28.23
1986-05-15,36.88,37.0,35.63,36.0,7964000.0,35.727999999999994,32.269,28.413333333333334
1986-05-16,36.0,36.25,35.13,36.0,11424800.0,36.251999999999995,32.5815,28.59466666666667
1986-05-19,36.0,36.5,35.5,35.63,7506400.0,36.102,32.8445,28.767666666666667
1986-05-20,35.63,35.63,34.25,35.38,8811200.0,35.978,33.12,28.928166666666666
1986-05-21,35.38,37.25,35.0,37.0,12418400.0,36.002,33.489,29.10533333333333
1986-05-22,37.0,37.5,35.75,36.75,7895200.0,36.152,33.757999999999996,29.284499999999998
1986-05-23,36.75,37.13,36.38,37.0,5013600.0,36.352000000000004,33.9955,29.47416666666667
1986-05-27,37.0,37.0,36.38,36.88,3058400.0,36.602,34.2395,29.67216666666667
1986-05-28,36.88,37.5,36.75,37.25,7418400.0,36.976,34.5395,29.88266666666667
1986-05-29,37.25,37.25,36.5,37.0,3635200.0,36.976,34.876999999999995,30.089000000000002
1986-05-30,37.0,37.25,36.5,37.0,4591200.0,37.025999999999996,35.2145,30.284833333333335
1986-06-02,37.0,37.38,36.75,37.13,7158400.0,37.052,35.546,30.480833333333337
1986-06-03,37.13,38.13,37.13,37.88,11661600.0,37.251999999999995,35.8335,30.699666666666666
1986-06-04,37.88,38.88,37.75,38.75,10747200.0,37.552,36.1395,30.935166666666667
1986-06-05,38.75,39.13,38.5,38.88,5282400.0,37.928000000000004,36.5085,31.16866666666667
1986-06-06,38.88,38.88,37.5,37.75,6342400.0,38.078,36.745999999999995,31.385333333333335
1986-06-09,37.75,37.88,35.88,36.0,8835200.0,37.852000000000004,36.876999999999995,31.572833333333335
1986-06-10,36.0,36.0,35.13,36.0,8827200.0,37.476,36.858,31.7375
1986-06-11,36.0,36.25,35.5,36.13,6692800.0,36.952,36.8645,31.906333333333336
1986-06-12,36.13,36.38,36.0,36.0,4638400.0,36.376,36.820499999999996,32.0585
1986-06-13,36.0,36.38,35.25,36.38,5144800.0,36.102,36.8395,32.22316666666667
1986-06-16,36.38,36.88,35.63,35.88,6222400.0,36.077999999999996,36.8335,32.35033333333334
1986-06-17,35.88,36.0,34.0,34.25,7936000.0,35.727999999999994,36.7645,32.46083333333333
1986-06-18,34.25,34.75,32.5,34.25,15381600.0,35.352,36.708,32.58583333333333
1986-06-19,34.25,35.75,33.88,35.0,12347200.0,35.152,36.608,32.70466666666667
1986-06-20,35.0,36.13,35.0,36.0,5761600.0,35.076,36.570499999999996,32.83383333333334
1986-06-23,36.0,36.25,34.63,34.75,4196000.0,34.85,36.458,32.94216666666667
1986-06-24,34.75,35.13,34.38,34.88,5088800.0,34.976000000000006,36.358000000000004,33.05266666666667
1986-06-25,35.0,36.0,35.0,35.88,4755200.0,35.302,36.289500000000004,33.1965
1986-06-26,35.88,36.38,35.5,36.25,4184800.0,35.552,36.252,33.346500000000006
1986-06-27,36.25,36.75,35.5,35.88,1811200.0,35.528,36.196000000000005,33.4945
1986-06-30,35.88,36.25,35.75,35.88,2553600.0,35.754,36.133500000000005,33.64666666666667
1986-07-01,35.88,36.13,34.75,35.38,3140000.0,35.854,36.008500000000005,33.78216666666667
1986-07-02,35.38,36.25,35.38,36.13,5202400.0,35.904,35.877500000000005,33.924
1986-07-03,36.13,37.75,35.63,37.63,6509600.0,36.18,35.815000000000005,34.09916666666667
1986-07-07,37.63,37.75,35.38,35.63,6501600.0,36.13000000000001,35.709,34.23883333333333
1986-07-08,35.25,35.25,34.13,34.25,9782400.0,35.80400000000001,35.621500000000005,34.35966666666666
1986-07-09,34.25,34.75,34.0,34.63,13040000.0,35.654,35.553000000000004,34.489000000000004
1986-07-10,34.75,35.38,34.63,35.38,7453600.0,35.504000000000005,35.5155,34.62250000000001
1986-07-11,35.38,37.75,35.25,37.13,8000000.0,35.404,35.572,34.7705
1986-07-14,37.13,37.38,36.25,36.25,8480000.0,35.528,35.5655,34.891333333333336
1986-07-15,35.0,35.0,34.25,34.88,10640000.0,35.653999999999996,35.5155,34.97683333333334
1986-07-16,35.5,35.63,32.75,33.5,19280000.0,35.428,35.478,35.029
1986-07-17,33.5,33.75,32.13,32.25,8960000.0,34.802,35.378,35.068666666666665
1986-07-18,32.25,32.5,31.25,31.75,11040000.0,33.726,35.215500000000006,35.104166666666664
1986-07-21,33.0,33.75,32.75,33.5,8160000.0,33.176,35.090500000000006,35.13966666666667
1986-07-22,33.5,34.63,33.25,34.63,8560000.0,33.126000000000005,35.084500000000006,35.17933333333334
1986-07-23,34.63,34.63,34.13,34.13,6416000.0,33.251999999999995,35.047,35.21483333333334
1986-07-24,34.25,34.38,33.0,33.13,5187200.0,33.428,34.909499999999994,35.24616666666667
1986-07-25,33.13,34.0,33.0,34.0,7769600.0,33.878,34.797,35.30866666666667
1986-07-28,33.88,34.0,32.25,32.38,8800000.0,33.653999999999996,34.622,35.344166666666666
1986-07-29,32.25,32.25,30.75,31.25,21280000.0,32.977999999999994,34.390499999999996,35.35666666666667
1986-07-30,31.25,31.5,30.0,30.5,9120000.0,32.251999999999995,34.146499999999996,35.3295
1986-07-31,30.5,31.5,30.5,31.25,10080000.0,31.875999999999998,33.902499999999996,35.3065
1986-08-01,31.12,31.75,31.12,31.37,5360000.0,31.35,33.5895,35.30433333333333
1986-08-04,31.37,31.5,30.62,31.5,4653600.0,31.174,33.382999999999996,35.27933333333333
1986-08-05,31.62,32.38,31.5,32.13,4238400.0,31.35,33.277,35.258500000000005
1986-08-06,32.13,32.13,31.0,31.12,6644800.0,31.474,33.1015,35.170833333333334
1986-08-07,31.12,32.63,31.12,31.75,6211200.0,31.574,32.92,35.1
1986-08-08,31.87,32.38,31.62,31.62,3941600.0,31.624000000000002,32.6445,35.01233333333334
1986-08-11,31.87,33.5,31.75,33.5,6591200.0,32.024,32.507,34.97066666666667
1986-08-12,33.38,34.38,33.38,34.25,8720000.0,32.448,32.4755,34.941500000000005
1986-08-13,34.25,36.25,34.25,36.0,16240000.0,33.424,32.6005,34.94766666666667
1986-08-14,36.0,37.0,36.0,36.0,8240000.0,34.274,32.788,34.958000000000006
1986-08-15,36.13,36.5,35.63,35.75,4910400.0,35.1,32.988,34.93716666666668
1986-08-18,35.75,35.88,35.0,35.38,5297600.0,35.476,33.08200000000001,34.91433333333334
1986-08-19,35.13,35.5,34.63,35.38,4944000.0,35.702,33.1195,34.88733333333333
1986-08-20,35.25,36.5,35.25,36.25,6140000.0,35.751999999999995,33.225500000000004,34.87683333333334
1986-08-21,36.13,36.38,35.75,35.75,6992800.0,35.702,33.356500000000004,34.85183333333334
1986-08-22,35.88,36.63,35.88,36.25,4162400.0,35.802,33.46900000000001,34.839333333333336
1986-08-25,36.5,36.88,36.38,36.38,4533600.0,36.001999999999995,33.669000000000004,34.829
1986-08-26,36.38,36.88,36.38,36.63,4713600.0,36.252,33.938,34.82066666666667
1986-08-27,36.63,37.0,36.25,37.0,5280000.0,36.402,34.263000000000005,34.806000000000004
1986-08-28,37.0,38.0,36.88,37.75,7849600.0,36.80200000000001,34.58800000000001,34.78933333333334
1986-08-29,37.63,38.0,36.88,37.0,4846400.0,36.952000000000005,34.8695,34.758
1986-09-02,37.13,37.13,34.75,34.75,8320000.0,36.626,35.032000000000004,34.708
1986-09-03,34.75,34.88,34.13,34.75,4216000.0,36.25,35.163,34.68716666666667
1986-09-04,35.0,35.5,34.75,35.5,7133600.0,35.95,35.382000000000005,34.67883333333334
1986-09-05,35.63,35.88,35.0,35.13,3561600.0,35.426,35.551,34.662166666666664
1986-09-08,35.0,35.0,33.63,34.75,4522400.0,34.976,35.7075,34.641333333333336
1986-09-09,34.63,36.0,34.63,35.75,5398400.0,35.176,35.82000000000001,34.630833333333335
1986-09-10,35.63,35.88,34.75,35.0,2737600.0,35.226,35.8575,34.616166666666665
1986-09-11,34.63,34.75,32.5,32.63,4842400.0,34.652,35.68900000000001,34.589166666666664
1986-09-12,32.5,32.75,31.75,31.75,8160000.0,33.976,35.4765,34.5475
1986-09-15,32.25,33.13,32.0,33.13,7973600.0,33.652,35.3455,34.516333333333336
1986-09-16,33.13,35.13,32.5,34.88,8800000.0,33.478,35.320499999999996,34.49766666666667
1986-09-17,34.88,35.0,34.25,34.25,4181600.0,33.328,35.263999999999996,34.489333333333335
1986-09-18,34.25,34.5,33.75,34.0,3546400.0,33.602000000000004,35.1515,34.474666666666664
1986-09-19,33.75,33.88,33.25,33.63,4601600.0,33.978,35.0455,34.43716666666667
1986-09-22,33.5,35.38,33.5,35.25,8560000.0,34.402,34.9955,34.4205
1986-09-23,35.25,36.25,35.13,36.13,12080000.0,34.652,34.983,34.42466666666667
1986-09-24,36.13,36.38,34.0,35.13,6360000.0,34.827999999999996,34.908,34.412166666666664
1986-09-25,35.13,35.25,33.63,34.5,6744800.0,34.928,34.783,34.39750000000001
1986-09-26,34.13,34.38,33.88,34.25,2512800.0,35.052,34.608,34.36616666666667
1986-09-29,33.63,33.88,31.62,32.5,7475200.0,34.501999999999995,34.382999999999996,34.28066666666667
1986-09-30,32.88,33.88,32.63,33.5,6488800.0,33.976,34.320499999999996,34.24516666666667
1986-10-01,33.38,34.5,33.38,34.13,4988800.0,33.776,34.2895,34.24316666666667
1986-10-02,33.75,34.38,33.5,34.13,3401600.0,33.702,34.221,34.234833333333334
1986-10-03,34.38,34.75,33.38,33.75,4997600.0,33.602,34.152,34.20766666666667
1986-10-06,33.75,34.25,33.63,34.13,3384000.0,33.928,34.120999999999995,34.157666666666664
1986-10-07,34.0,34.13,32.88,33.0,4577600.0,33.827999999999996,33.9835,34.103500000000004
1986-10-08,32.88,33.0,32.25,32.75,4021600.0,33.552,33.870999999999995,34.068000000000005
1986-10-09,32.75,33.25,32.63,33.0,2820000.0,33.326,33.8895,34.05966666666667
1986-10-10,32.88,33.38,32.38,33.25,2096000.0,33.226,33.9645,34.07633333333334
1986-10-13,33.13,34.63,33.0,34.63,3582400.0,33.326,34.0395,34.12433333333333
1986-10-14,34.63,35.25,33.75,34.0,7164000.0,33.525999999999996,33.9955,34.132666666666665
1986-10-15,33.5,33.5,32.75,33.38,7367200.0,33.652,33.952,34.11183333333334
1986-10-16,33.38,33.88,33.25,33.63,4876000.0,33.778000000000006,33.9335,34.103500000000004
1986-10-17,33.75,34.0,33.38,33.63,5460000.0,33.854,33.9335,34.11183333333334
1986-10-20,33.5,33.63,32.88,32.88,5344000.0,33.504,33.815000000000005,34.09316666666667
1986-10-21,33.0,33.0,32.63,32.75,4096000.0,33.254,33.646,34.099333333333334
1986-10-22,32.75,32.88,32.25,32.5,3382400.0,33.077999999999996,33.514500000000005,34.12016666666667
1986-10-23,32.5,33.13,32.5,33.13,4441600.0,32.978,33.446000000000005,34.164
1986-10-24,33.13,33.25,32.75,33.0,2718400.0,32.852000000000004,33.383500000000005,34.19316666666667
1986-10-27,33.5,34.0,33.25,34.0,5422400.0,33.076,33.4585,34.236999999999995
1986-10-28,34.0,34.13,33.0,33.38,5102400.0,33.202,33.4525,34.26833333333333
1986-10-29,33.5,33.5,33.13,33.38,3057600.0,33.378,33.415000000000006,34.28916666666667
1986-10-30,33.5,34.75,33.38,34.25,10480000.0,33.602,33.42100000000001,34.34133333333333
1986-10-31,34.25,34.88,34.25,34.63,4338400.0,33.928,33.465,34.38933333333333
1986-11-03,34.75,35.13,34.63,35.0,5457600.0,34.128,33.508500000000005,34.44566666666667
1986-11-04,34.88,35.88,33.88,35.75,8800000.0,34.602,33.646,34.48316666666667
1986-11-05,35.75,37.13,35.5,37.0,22320000.0,35.326,33.85850000000001,34.529
1986-11-06,36.63,36.88,35.75,36.13,11840000.0,35.702000000000005,34.015,34.531166666666664
1986-11-07,36.0,36.13,34.88,35.75,5153600.0,35.926,34.14,34.527
1986-11-10,35.88,35.88,35.13,35.38,3793600.0,36.001999999999995,34.1775,34.520833333333336
1986-11-11,35.5,35.75,35.25,35.5,1809600.0,35.952,34.252500000000005,34.52283333333333
1986-11-12,35.75,36.63,35.63,36.63,4700000.0,35.878,34.415000000000006,34.543666666666674
1986-11-13,36.5,36.5,35.5,35.5,4928800.0,35.751999999999995,34.508500000000005,34.53116666666667
1986-11-14,35.5,35.5,34.88,35.25,4840000.0,35.652,34.5895,34.52283333333334
1986-11-17,35.25,37.0,35.0,36.38,5071200.0,35.852,34.7645,34.525
1986-11-18,36.38,36.75,35.13,35.38,6115200.0,35.828,34.896,34.50833333333333
1986-11-19,35.13,35.25,34.5,35.0,10800000.0,35.502,35.021,34.481166666666674
1986-11-20,34.88,35.38,34.88,35.25,10560000.0,35.452000000000005,35.126999999999995,34.452000000000005
1986-11-21,35.25,36.25,35.13,36.0,10240000.0,35.602000000000004,35.277,34.42283333333334
1986-11-24,36.25,38.13,36.0,38.0,13440000.0,35.926,35.477,34.4395
1986-11-25,38.0,40.38,38.0,40.25,30320000.0,36.9,35.820499999999996,34.53116666666667
1986-11-26,40.13,41.25,40.0,40.5,18080000.0,38.0,36.1765,34.627
1986-11-28,40.5,40.63,39.63,40.0,7897600.0,38.95,36.464,34.702000000000005
1986-12-01,40.0,40.13,39.13,40.13,12400000.0,39.775999999999996,36.739,34.785333333333334
1986-12-02,40.5,41.75,40.0,41.5,13200000.0,40.476,37.064,34.89783333333333
1986-12-03,41.63,43.0,41.5,42.75,12000000.0,40.976,37.414,35.0145
1986-12-04,42.63,42.75,42.0,42.5,9600000.0,41.376,37.689,35.1395
1986-12-05,42.63,43.75,42.5,43.75,9360000.0,42.126,38.07,35.32483333333333
1986-12-08,43.63,43.88,42.38,42.5,12400000.0,42.6,38.4075,35.504
1986-12-09,42.38,42.63,41.13,42.38,10800000.0,42.775999999999996,38.7575,35.65816666666667
1986-12-10,42.38,43.75,42.0,43.5,8720000.0,42.926,39.1575,35.801833333333335
1986-12-11,43.63,43.88,42.63,42.88,8080000.0,43.001999999999995,39.47,35.94566666666667
1986-12-12,42.88,43.0,41.25,41.25,6451200.0,42.501999999999995,39.7575,36.066500000000005
1986-12-15,41.0,41.75,40.38,41.75,7481600.0,42.352,40.082499999999996,36.20183333333333
1986-12-16,41.63,42.5,41.63,42.5,5464000.0,42.376,40.3885,36.32266666666667
1986-12-17,42.38,42.5,40.88,41.25,5417600.0,41.926,40.682,36.408
1986-12-18,41.13,41.88,40.75,41.38,6258400.0,41.626000000000005,41.001,36.512166666666666
1986-12-19,41.38,42.5,41.38,42.13,7149600.0,41.802,41.345000000000006,36.639333333333326
1986-12-22,42.0,42.5,41.75,42.13,5887200.0,41.878,41.651500000000006,36.77066666666666
1986-12-23,42.25,42.38,41.88,42.13,8720000.0,41.803999999999995,41.858000000000004,36.93116666666666
1986-12-24,42.0,42.13,41.63,41.88,3453600.0,41.93,41.9395,37.07083333333333
1986-12-26,41.88,41.88,41.0,41.0,3215200.0,41.854,41.9645,37.18533333333334
1986-12-29,41.0,41.13,40.25,40.5,4224800.0,41.528000000000006,41.98950000000001,37.291500000000006
1986-12-30,40.5,41.5,40.38,41.0,5297600.0,41.30200000000001,42.033,37.412333333333336
1986-12-31,41.0,41.38,40.38,40.5,4742400.0,40.976,41.983000000000004,37.5185
1987-01-02,40.38,41.13,40.13,40.88,4360000.0,40.775999999999996,41.889500000000005,37.649833333333326
1987-01-05,41.25,43.25,41.0,43.0,8560000.0,41.176,41.914500000000004,37.82066666666666
1987-01-06,43.13,44.0,42.63,43.75,11600000.0,41.826,41.914500000000004,37.99983333333333
1987-01-07,43.88,44.88,43.63,44.75,15520000.0,42.576,42.027,38.1915
1987-01-08,44.75,45.13,44.5,44.75,10400000.0,43.426,42.145500000000006,38.360166666666665
1987-01-09,44.75,45.75,44.38,45.38,8560000.0,44.326,42.23950000000001,38.54983333333333
1987-01-12,45.5,45.75,44.75,45.5,8320000.0,44.826,42.37050000000001,38.75183333333334
1987-01-13,45.13,45.38,44.63,44.63,7584800.0,45.001999999999995,42.539500000000004,38.93516666666667
1987-01-14,44.63,48.25,44.5,48.13,18000000.0,45.678000000000004,42.85850000000001,39.176833333333335
1987-01-15,48.25,51.38,48.0,49.88,19520000.0,46.704,43.227500000000006,39.46016666666666
1987-01-16,50.0,50.0,47.75,48.75,14560000.0,47.378,43.602500000000006,39.726833333333325
1987-01-19,48.75,53.13,47.88,53.13,12960000.0,48.904,44.190000000000005,40.07066666666666
1987-01-20,55.0,55.75,51.5,51.63,27680000.0,50.303999999999995,44.665000000000006,40.379000000000005
1987-01-21,50.88,51.13,49.0,49.0,19040000.0,50.477999999999994,45.0085,40.64566666666667
1987-01-22,48.88,52.63,48.5,52.5,16880000.0,51.001999999999995,45.527,40.954
1987-01-23,52.5,53.0,50.25,50.25,16400000.0,51.302,45.945499999999996,41.23516666666667
1987-01-26,50.0,50.5,49.5,49.75,12560000.0,50.626,46.382999999999996,41.508
1987-01-27,50.0,53.13,49.88,52.75,13520000.0,50.85,46.9955,41.81633333333333
1987-01-28,53.0,55.75,52.13,55.38,14800000.0,52.126,47.7145,42.162166666666664
1987-01-29,55.88,57.25,53.38,54.13,19920000.0,52.452,48.396,42.481
1987-01-30,54.0,55.88,52.63,55.5,14640000.0,53.501999999999995,49.126999999999995,42.81016666666667
1987-02-02,55.5,56.0,54.25,55.88,8800000.0,54.72800000000001,49.771,43.12483333333333
1987-02-03,56.0,56.13,54.75,55.5,6412800.0,55.278000000000006,50.3585,43.44766666666667
1987-02-04,55.5,55.5,54.38,55.0,7791200.0,55.202,50.870999999999995,43.7685
1987-02-05,55.0,55.13,53.13,53.88,12160000.0,55.152,51.3275,44.07683333333333
1987-02-06,54.0,54.0,52.88,54.0,10480000.0,54.852,51.758500000000005,44.38516666666667
1987-02-09,52.88,53.38,52.25,52.63,5611200.0,54.202,52.114999999999995,44.651833333333336
1987-02-10,52.5,52.75,51.63,52.75,5977600.0,53.652,52.521,44.93933333333334
1987-02-11,53.0,56.75,52.75,56.5,12240000.0,53.952,52.939499999999995,45.2935
1987-02-12,57.0,59.88,57.0,58.63,25360000.0,54.902,53.376999999999995,45.66433333333334
1987-02-13,58.63,62.5,58.0,62.13,18240000.0,56.528000000000006,54.04600000000001,46.110166666666665
1987-02-17,62.13,66.5,61.88,66.37,14640000.0,59.275999999999996,54.70799999999999,46.633
1987-02-18,66.62,67.37,63.38,63.5,16800000.0,61.426,55.3015,47.103833333333334
1987-02-19,63.5,63.5,61.75,62.38,11200000.0,62.602,55.9705,47.543499999999995
1987-02-20,62.38,62.5,60.63,61.25,6813600.0,63.126,56.408,47.931
1987-02-23,60.88,64.25,59.63,63.13,12560000.0,63.326,57.052,48.31233333333333
1987-02-24,63.25,66.0,63.13,65.5,12720000.0,63.152,57.8395,48.729
1987-02-25,65.5,69.5,64.62,69.12,16240000.0,64.276,58.658,49.21433333333333
1987-02-26,69.5,71.37,68.0,69.12,17840000.0,65.624,59.34499999999999,49.697500000000005
1987-02-27,69.12,71.0,67.75,70.0,14480000.0,67.374,60.1385,50.17250000000001
1987-03-02,70.25,70.5,67.0,67.5,14160000.0,68.248,60.7385,50.58500000000001
1987-03-03,67.5,68.12,64.75,65.0,15600000.0,68.148,61.19449999999999,50.96000000000001
1987-03-04,65.75,68.25,65.37,67.62,16000000.0,67.848,61.8005,51.35783333333334
1987-03-05,67.5,69.0,67.25,68.5,12080000.0,67.724,62.4755,51.79116666666667
1987-03-06,67.25,68.37,66.75,67.25,6332800.0,67.174,63.144000000000005,52.205666666666666
1987-03-09,66.5,66.75,64.5,64.62,9120000.0,66.598,63.675,52.55766666666667
1987-03-10,64.5,66.87,64.5,66.75,8720000.0,66.94800000000001,64.381,52.9555
1987-03-11,67.25,68.0,66.25,66.25,7826400.0,66.674,65.056,53.372166666666665
1987-03-12,66.0,66.25,63.63,65.25,10800000.0,66.024,65.4935,53.76383333333333
1987-03-13,65.25,66.0,63.5,63.5,7067200.0,65.274,65.737,54.11383333333333
1987-03-16,63.5,65.25,62.5,65.25,8800000.0,65.4,65.893,54.51383333333333
1987-03-17,65.5,68.0,65.0,67.0,8720000.0,65.45,65.9245,54.94083333333333
1987-03-18,67.25,67.5,64.75,66.0,10800000.0,65.4,66.0495,55.33866666666667
1987-03-19,65.75,68.5,65.5,68.37,7396000.0,66.024,66.349,55.775999999999996
1987-03-20,68.25,69.75,68.25,68.25,12400000.0,66.974,66.699,56.21133333333333
1987-03-23,68.0,68.25,66.25,67.5,8800000.0,67.424,66.9175,56.63833333333333
1987-03-24,67.75,68.5,66.25,66.25,9600000.0,67.274,66.95500000000001,57.05916666666666
1987-03-25,66.5,67.0,65.25,66.75,9760000.0,67.424,66.8365,57.49666666666666
1987-03-26,66.75,67.75,66.5,67.25,5146400.0,67.2,66.74300000000001,57.93416666666666
1987-03-27,67.25,67.5,64.75,65.0,4817600.0,66.55,66.49300000000001,58.342499999999994
1987-03-30,63.5,64.25,62.25,62.5,9280000.0,65.55,66.24300000000001,58.70283333333334
1987-03-31,62.25,64.75,62.25,64.5,9760000.0,65.2,66.218,59.061166666666665
1987-04-01,63.0,67.0,62.38,66.75,7792800.0,65.2,66.1745,59.4445
1987-04-02,68.25,71.75,67.0,71.75,27760000.0,66.1,66.337,59.8945
1987-04-03,71.5,71.87,70.25,71.75,19280000.0,67.45,66.562,60.344500000000004
1987-04-06,71.5,72.75,69.25,70.0,10320000.0,68.95,66.831,60.75483333333333
1987-04-07,69.75,70.25,67.75,67.75,9280000.0,69.6,66.881,61.12566666666667
1987-04-08,67.75,70.25,67.5,69.0,8240000.0,70.05,67.0185,61.53183333333333
1987-04-09,68.75,71.5,67.75,71.0,8480000.0,69.9,67.30600000000001,61.913
1987-04-10,71.25,71.5,69.75,70.25,7791200.0,69.6,67.6435,62.25249999999999
1987-04-13,70.0,70.25,67.5,67.5,5101600.0,69.1,67.756,62.56499999999999
1987-04-14,66.75,69.75,66.5,68.0,14560000.0,69.15,67.80600000000001,62.81283333333333
1987-04-15,69.5,71.0,68.75,71.0,12480000.0,69.55,68.05600000000001,63.135666666666665
1987-04-16,71.25,73.25,71.0,71.5,12400000.0,69.65,68.2125,63.510666666666665
1987-04-20,71.5,72.75,70.75,71.12,5353600.0,69.824,68.356,63.821000000000005
1987-04-21,70.25,75.0,69.5,74.75,15440000.0,71.274,68.71849999999999,64.22933333333334
1987-04-22,76.62,77.0,74.0,74.25,14400000.0,72.524,69.1185,64.63766666666668
1987-04-23,74.25,77.25,74.25,76.0,10880000.0,73.524,69.58099999999999,65.02516666666666
1987-04-24,75.75,76.5,74.5,74.75,9120000.0,74.174,69.95599999999999,65.348
1987-04-27,74.25,75.25,73.25,75.0,13680000.0,74.95,70.45599999999999,65.69583333333334
1987-04-28,75.75,77.87,75.5,77.0,11600000.0,75.4,71.181,66.05416666666666
1987-04-29,77.25,79.75,77.0,77.75,10400000.0,76.1,71.84349999999999,66.41866666666667
1987-04-30,78.0,80.0,77.75,79.25,9040000.0,76.75,72.46849999999999,66.81450000000001
1987-05-01,79.5,80.0,78.75,80.0,4751200.0,77.8,72.881,67.23116666666667
1987-05-04,79.5,80.25,79.0,79.75,5095200.0,78.75,73.28099999999999,67.66233333333334
1987-05-05,80.0,80.75,78.0,80.25,8240000.0,79.4,73.7935,68.09983333333334
1987-05-06,80.5,82.25,79.25,80.0,10240000.0,79.85,74.40599999999999,68.556
1987-05-07,79.75,81.0,79.75,80.25,6488800.0,80.05,74.96849999999999,69.01433333333333
1987-05-08,80.5,81.0,79.0,79.0,6618400.0,79.85,75.3685,69.38933333333333
1987-05-11,77.0,79.5,76.75,77.0,7048800.0,79.3,75.70599999999999,69.6955
1987-05-12,76.0,76.5,75.0,75.5,9280000.0,78.35,76.106,69.91833333333332
1987-05-13,75.75,78.62,75.5,78.5,11120000.0,78.05,76.631,70.12049999999999
1987-05-14,78.25,79.5,78.25,79.25,5316000.0,77.85,77.0435,70.383
1987-05-15,79.25,79.25,78.0,78.25,5220000.0,77.7,77.381,70.6475
1987-05-18,78.25,78.5,75.5,75.75,8640000.0,77.45,77.6125,70.88916666666665
1987-05-19,75.75,75.75,72.62,73.25,8560000.0,77.0,77.5375,71.05783333333332
1987-05-20,73.0,75.0,72.5,74.5,10320000.0,76.2,77.55,71.20783333333333
1987-05-21,74.75,75.75,74.5,74.5,6233600.0,75.25,77.475,71.29749999999999
1987-05-22,75.0,75.5,73.75,74.12,3484000.0,74.424,77.4435,71.38083333333333
1987-05-26,74.5,78.0,74.0,78.0,5481600.0,74.874,77.5935,71.51416666666665
1987-05-27,78.0,80.25,77.5,79.5,6484000.0,76.124,77.7185,71.71416666666666
1987-05-28,79.5,80.25,78.5,80.0,5424000.0,77.224,77.831,71.96416666666666
1987-05-29,80.25,80.5,79.0,79.0,3322400.0,78.124,77.8185,72.15383333333332
1987-06-01,79.5,79.5,77.5,77.75,2984000.0,78.85,77.706,72.30799999999999
1987-06-02,77.5,78.0,77.0,77.25,4927200.0,78.7,77.581,72.47466666666666
1987-06-03,77.25,79.5,77.25,77.75,6140000.0,78.35,77.456,72.6935
1987-06-04,78.0,78.75,77.0,78.5,5511200.0,78.05,77.381,72.88933333333333
1987-06-05,78.75,78.75,77.75,77.75,4696000.0,77.8,77.256,73.08099999999999
1987-06-08,77.75,78.0,76.75,77.75,7213600.0,77.8,77.1935,73.28933333333333
1987-06-09,77.5,79.5,77.5,78.5,4570400.0,78.05,77.2685,73.53933333333333
1987-06-10,78.75,80.25,78.0,78.5,5235200.0,78.2,77.41850000000001,73.76016666666666
1987-06-11,78.5,80.0,78.0,79.0,4521600.0,78.3,77.4435,73.96016666666667
1987-06-12,79.0,79.75,78.75,79.0,3653600.0,78.55,77.43100000000001,74.17683333333333
1987-06-15,79.0,79.5,77.5,78.5,9280000.0,78.7,77.4435,74.34566666666666
1987-06-16,41.5,41.75,38.0,41.5,12240000.0,71.3,75.73100000000001,73.89983333333333
1987-06-17,41.5,42.5,40.0,40.5,10640000.0,63.7,74.0935,73.44983333333333
1987-06-18,40.25,41.75,39.5,41.5,8200000.0,56.2,72.4435,73.03733333333334
1987-06-19,41.5,41.75,40.38,41.0,4480000.0,48.6,70.7685,72.60816666666666
1987-06-22,41.25,42.25,40.88,42.0,6040000.0,41.3,69.1625,72.18733333333333
1987-06-23,42.0,42.13,40.75,41.25,2892000.0,41.25,67.325,71.7915
1987-06-24,41.5,43.25,40.5,42.0,4240000.0,41.55,65.45,71.44983333333333
1987-06-25,42.0,42.5,40.5,40.5,4320000.0,41.35,63.475,71.04983333333332
1987-06-26,40.75,41.5,40.0,40.5,4560000.0,41.25,61.55,70.61233333333332
1987-06-29,40.5,40.75,40.0,40.75,3628000.0,41.0,59.7,70.09566666666666
1987-06-30,40.5,41.0,39.75,40.5,5160000.0,40.85,57.8625,69.57483333333333
1987-07-01,40.75,40.75,39.75,40.0,3402000.0,40.45,55.975,69.07483333333333
1987-07-02,40.0,41.0,39.75,40.63,2931200.0,40.476000000000006,54.08149999999999,68.62283333333333
1987-07-06,40.75,41.75,40.5,40.75,3060800.0,40.525999999999996,52.2315,68.152
1987-07-07,40.5,41.0,38.75,39.25,7280000.0,40.226,50.3065,67.62283333333333
1987-07-08,39.25,39.25,36.5,37.25,12200000.0,39.576,48.244,67.07283333333334
1987-07-09,37.25,38.75,37.25,37.75,8560000.0,39.126,46.2065,66.57700000000001
1987-07-10,38.0,39.25,37.75,38.0,5600000.0,38.6,44.1565,66.07700000000001
1987-07-13,39.0,40.75,38.75,40.5,9120000.0,38.55,42.2315,65.56866666666667
1987-07-14,41.0,43.0,41.0,43.0,9200000.0,39.3,40.4565,65.09366666666668
1987-07-15,43.0,44.75,42.25,44.0,9680000.0,40.65,40.5815,64.64166666666667
1987-07-16,44.0,44.0,43.25,44.0,3388000.0,41.9,40.7565,64.12916666666666
1987-07-17,44.25,44.75,42.75,43.25,3300000.0,42.95,40.844,63.6125
1987-07-20,43.0,43.25,41.5,41.75,4440000.0,43.2,40.8815,63.041666666666664
1987-07-21,42.0,42.5,41.25,41.38,3966400.0,42.876,40.8505,62.485499999999995
1987-07-22,41.5,42.75,41.25,42.5,2185200.0,42.576,40.913,61.94383333333333
1987-07-23,43.0,43.5,40.5,41.75,2685600.0,42.126,40.9005,61.356333333333325
1987-07-24,41.5,42.75,41.5,42.5,4200000.0,41.976,41.0005,60.768833333333326
1987-07-27,42.5,43.0,42.0,42.25,2035600.0,42.076,41.088,60.15216666666666
1987-07-28,42.5,42.75,41.75,41.88,2660800.0,42.176,41.1445,59.51683333333333
1987-07-29,42.0,42.0,40.5,41.0,3534800.0,41.876,41.1695,58.870999999999995
1987-07-30,41.0,41.5,40.75,41.5,3727600.0,41.826,41.2445,58.22516666666666
1987-07-31,41.25,42.0,41.25,41.25,2613600.0,41.576,41.2755,57.57933333333333
1987-08-03,41.0,41.5,40.25,40.25,2275600.0,41.176,41.2505,56.91266666666666
1987-08-04,40.5,42.25,40.0,42.25,4320000.0,41.25,41.4005,56.30016666666666
1987-08-05,42.25,43.5,42.0,43.25,4640000.0,41.7,41.7005,55.73766666666666
1987-08-06,43.25,46.75,42.75,46.25,9000000.0,42.65,42.1255,55.250166666666665
1987-08-07,46.25,47.25,46.0,46.5,5440000.0,43.7,42.5505,54.71683333333333
1987-08-10,48.25,48.25,45.75,48.25,2800000.0,45.3,42.938,54.20016666666666
1987-08-11,49.5,50.25,48.75,49.5,9680000.0,46.75,43.263,53.721
1987-08-12,49.5,49.75,48.25,48.75,5760000.0,47.85,43.5005,53.270999999999994
1987-08-13,48.75,50.25,48.5,49.0,7000000.0,48.4,43.7505,52.86683333333333
1987-08-14,48.5,50.0,48.0,49.0,3758800.0,48.9,44.038,52.44183333333333
1987-08-17,49.5,50.0,48.75,49.5,5200000.0,49.15,44.4255,52.025166666666664
1987-08-18,49.25,49.5,48.25,48.75,8480000.0,49.0,44.794,51.602333333333334
1987-08-19,49.5,50.0,49.0,50.0,2404400.0,49.25,45.169,51.135666666666665
1987-08-20,50.25,52.5,49.75,51.75,6280000.0,49.8,45.669,50.67316666666667
1987-08-21,51.75,53.75,51.5,53.0,5000000.0,50.6,46.194,50.223166666666664
1987-08-24,53.0,53.5,52.25,52.25,4320000.0,51.15,46.694,49.77733333333333
1987-08-25,52.75,53.25,52.0,52.0,4880000.0,51.8,47.2,49.348166666666664
1987-08-26,53.0,53.5,52.0,52.0,7000000.0,52.2,47.75,48.92733333333333
1987-08-27,52.25,52.75,51.5,52.0,4440000.0,52.25,48.275,48.49816666666666
1987-08-28,52.0,52.5,51.5,52.0,3434400.0,52.05,48.8125,48.0565
1987-08-31,52.25,54.25,51.75,54.0,5360000.0,52.4,49.5,47.660666666666664
1987-09-01,54.75,55.25,52.5,52.5,4960000.0,52.5,50.0125,47.23983333333333
1987-09-02,52.0,53.25,50.75,52.0,8200000.0,52.5,50.45,46.79816666666667
1987-09-03,52.5,52.75,50.25,51.25,6600000.0,52.35,50.7,46.344
1987-09-04,51.25,51.75,50.0,50.5,3891200.0,52.05,50.9,45.869
1987-09-08,50.25,50.5,48.5,49.88,6280000.0,51.226,50.9815,45.38366666666666
1987-09-09,50.25,53.0,49.5,52.75,5640000.0,51.275999999999996,51.144,44.9545
1987-09-10,53.25,54.5,53.13,53.75,5000000.0,51.626,51.39399999999999,45.15866666666667
1987-09-11,54.0,55.5,52.75,54.5,4440000.0,52.275999999999996,51.669,45.392
1987-09-14,54.75,55.25,52.75,53.0,2928000.0,52.775999999999996,51.86899999999999,45.583666666666666
1987-09-15,53.0,53.0,51.5,51.75,3744800.0,53.15,51.9815,45.76283333333333
1987-09-16,51.75,52.63,51.25,51.75,6000000.0,52.95,52.131499999999996,45.925333333333334
1987-09-17,52.0,52.25,51.0,52.0,2400000.0,52.6,52.2315,46.1045
1987-09-18,52.0,52.25,51.38,51.75,2555600.0,52.05,52.2315,46.267
1987-09-21,51.75,52.75,50.25,50.25,4600000.0,51.5,52.093999999999994,46.4295
1987-09-22,50.5,54.25,50.25,54.13,5480000.0,51.976,52.188,46.656666666666666
1987-09-23,54.13,56.0,53.75,55.25,9098800.0,52.676,52.3505,46.89833333333333
1987-09-24,55.25,57.88,55.25,56.5,6520000.0,53.576,52.5755,47.165
1987-09-25,56.75,58.0,56.5,57.5,3806800.0,54.726,52.8505,47.45666666666667
1987-09-28,57.5,58.75,55.5,55.75,7280000.0,55.826,53.038,47.708666666666666
1987-09-29,56.0,56.0,54.25,54.5,6120000.0,55.9,53.063,47.93783333333333
1987-09-30,54.25,57.0,54.25,56.5,4360000.0,56.15,53.263,48.22533333333333
1987-10-01,56.75,58.75,56.5,58.25,4160000.0,56.5,53.5755,48.57533333333333
1987-10-02,58.25,58.75,57.5,58.5,3450000.0,56.7,53.938,48.921166666666664
1987-10-05,58.5,59.75,57.75,59.25,4800000.0,57.4,54.3755,49.275333333333336
1987-10-06,59.5,59.5,55.5,55.75,7200000.0,57.65,54.669000000000004,49.5295
1987-10-07,55.5,55.75,54.25,55.5,8000000.0,57.45,54.80650000000001,49.737833333333334
1987-10-08,55.5,56.0,53.25,54.25,5880000.0,56.65,54.831500000000005,49.90866666666667
1987-10-09,54.25,55.5,54.0,54.13,5200000.0,55.775999999999996,54.81300000000001,50.07749999999999
1987-10-12,54.25,54.38,51.75,53.25,7120000.0,54.576,54.82550000000001,50.24416666666666
1987-10-13,54.5,54.75,53.25,54.5,5800000.0,54.326,54.96300000000001,50.45666666666666
1987-10-14,53.75,54.0,52.0,53.25,9240000.0,53.876,55.03800000000001,50.654500000000006
1987-10-15,53.25,54.5,51.75,52.0,12440000.0,53.426,55.03800000000001,50.81283333333334
1987-10-16,52.25,53.0,47.5,48.25,15000000.0,52.25,54.863000000000014,50.92116666666667
1987-10-19,48.25,48.25,35.5,36.5,17000000.0,48.9,54.175500000000014,50.82116666666668
1987-10-20,38.5,42.0,32.63,34.5,20320000.0,44.9,53.194,50.69200000000001
1987-10-21,38.5,42.0,38.0,40.5,19080000.0,42.35,52.456500000000005,50.669000000000004
1987-10-22,39.25,40.5,36.0,36.75,13760000.0,39.3,51.46900000000001,50.59816666666667
1987-10-23,35.75,36.5,34.25,35.5,7080000.0,36.75,50.369,50.49816666666667
1987-10-26,34.5,35.0,27.62,28.0,11200000.0,35.05,48.9815,50.27733333333334
1987-10-27,29.5,32.25,29.0,30.25,16280000.0,34.2,47.769,50.110666666666674
1987-10-28,30.75,33.75,29.25,33.5,14960000.0,32.8,46.619,49.96483333333334
1987-10-29,34.25,40.0,32.25,39.5,11840000.0,33.35,45.6815,49.90233333333334
1987-10-30,40.0,43.0,38.5,38.63,15040000.0,33.976,44.688,49.775333333333336
1987-11-02,38.75,39.5,37.5,38.75,6720000.0,36.126,43.663,49.646166666666666
1987-11-03,38.0,38.5,34.25,36.25,11200000.0,37.326,42.688,49.44616666666666
1987-11-04,35.5,37.25,34.75,36.0,8360000.0,37.826,41.713,49.22116666666667
1987-11-05,36.25,38.75,36.25,38.0,9120000.0,37.525999999999996,40.9005,49.042
1987-11-06,38.25,39.5,37.0,37.75,6680000.0,37.35,40.0815,48.8545
1987-11-09,37.0,37.5,36.25,37.25,7520000.0,37.05,39.2815,48.65866666666667
1987-11-10,36.5,37.5,36.0,36.25,8280000.0,37.05,38.369,48.43783333333333
1987-11-11,37.25,38.25,36.75,37.25,6640000.0,37.3,37.569,48.24616666666667
1987-11-12,38.5,40.0,38.38,38.75,8800000.0,37.45,36.9065,48.05866666666667
1987-11-13,39.25,39.5,37.0,37.25,5520000.0,37.35,36.3565,47.817
1987-11-16,37.75,38.5,36.5,36.75,6600000.0,37.25,36.369,47.546166666666664
1987-11-17,36.75,37.0,35.0,35.0,9600000.0,37.0,36.394,47.25866666666666
1987-11-18,35.75,36.5,34.5,36.25,9480000.0,36.8,36.1815,46.99616666666667
1987-11-19,36.5,36.5,34.0,34.5,6520000.0,35.95,36.069,46.7045
1987-11-20,34.0,36.0,33.25,35.5,8960000.0,35.6,36.069,46.4295
1987-11-23,35.5,36.25,34.75,36.25,3500000.0,35.5,36.4815,46.167
1987-11-24,36.75,37.75,36.13,37.0,7040000.0,35.9,36.819,45.88366666666666
1987-11-25,37.0,37.0,36.0,36.5,3311200.0,35.95,36.969,45.617
1987-11-27,36.25,36.5,34.75,35.0,2526800.0,36.05,36.744,45.333666666666666
1987-11-30,33.75,34.5,30.5,33.0,14880000.0,35.55,36.4625,45.0295
1987-12-01,33.5,34.0,32.75,33.25,6480000.0,34.95,36.1875,44.742
1987-12-02,33.25,33.5,32.5,32.5,5080000.0,34.05,36.0,44.45233333333333
1987-12-03,33.0,33.38,29.75,30.5,11400000.0,32.85,35.725,44.0815
1987-12-04,30.25,31.25,29.75,30.75,8720000.0,32.0,35.3625,43.698166666666665
1987-12-07,31.0,33.25,31.0,33.0,7280000.0,32.0,35.125,43.33983333333333
1987-12-08,33.5,34.88,33.25,34.5,9080000.0,32.25,34.9875,43.0315
1987-12-09,34.5,36.25,33.88,35.0,6400000.0,32.75,34.925,42.75233333333333
1987-12-10,33.75,36.0,33.25,34.75,9880000.0,33.6,34.8,42.469
1987-12-11,34.75,34.75,33.5,34.0,4360000.0,34.25,34.5625,42.169
1987-12-14,34.5,37.5,34.25,37.25,12200000.0,35.1,34.5625,41.92733333333333
1987-12-15,37.75,38.25,37.0,37.5,10680000.0,35.7,34.6,41.71483333333333
1987-12-16,37.75,39.75,37.25,39.25,11800000.0,36.55,34.8125,41.46683333333333
1987-12-17,40.5,40.75,39.25,39.25,11640000.0,37.45,34.9625,41.20016666666666
1987-12-18,39.5,41.25,39.25,40.5,10800000.0,38.75,35.2625,40.933499999999995
1987-12-21,40.5,41.75,40.25,41.75,6720000.0,39.65,35.575,40.671
1987-12-22,41.75,41.75,40.5,41.5,4600000.0,40.45,35.8375,40.433499999999995
1987-12-23,41.75,42.75,41.25,42.25,6120000.0,41.05,36.1,40.22933333333333
1987-12-24,42.0,43.0,41.75,42.63,2508000.0,41.726,36.4065,39.99816666666666
1987-12-28,42.25,42.5,39.5,40.25,8200000.0,41.676,36.669,39.698166666666665
1987-12-29,40.5,42.25,40.25,42.13,4240000.0,41.752,37.1255,39.425333333333334
1987-12-30,42.5,43.75,42.5,43.38,5560000.0,42.128,37.632,39.160833333333336
1987-12-31,42.5,43.0,41.88,42.0,4200000.0,42.078,38.107,38.931666666666665
1988-01-04,42.75,44.75,42.25,44.75,11800000.0,42.501999999999995,38.8195,38.752500000000005
1988-01-05,46.0,46.25,44.25,44.63,11040000.0,43.378,39.5135,38.592166666666664
1988-01-06,45.0,45.0,43.75,43.75,9600000.0,43.702,40.051,38.41916666666666
1988-01-07,43.5,44.75,42.5,44.5,7600000.0,43.926,40.551,38.273333333333326
1988-01-08,44.5,45.25,39.5,40.0,17360000.0,43.525999999999996,40.801,38.03166666666666
1988-01-11,40.0,42.75,39.75,42.5,14440000.0,43.076,41.1885,37.85249999999999
1988-01-12,43.0,43.5,39.75,42.0,14320000.0,42.55,41.588499999999996,37.68583333333333
1988-01-13,42.0,43.25,41.13,42.25,7560000.0,42.25,41.838499999999996,37.585833333333326
1988-01-14,42.75,42.88,42.0,42.25,4720000.0,41.8,42.076,37.68166666666666
1988-01-15,43.5,45.0,42.5,42.88,12280000.0,42.376,42.2575,37.82133333333333
1988-01-18,43.0,43.0,42.0,42.75,4480000.0,42.426,42.4325,37.85883333333333
1988-01-19,42.25,43.25,41.38,42.75,9800000.0,42.576,42.545,37.95883333333333
1988-01-20,43.0,43.0,38.25,39.75,24320000.0,42.076,42.445,38.029666666666664
1988-01-21,40.5,40.75,39.38,40.13,17640000.0,41.652,42.3765,38.231833333333334
1988-01-22,40.5,40.75,38.25,39.25,15920000.0,40.926,42.2265,38.38183333333333
1988-01-25,39.5,41.5,39.5,40.88,7160000.0,40.552,42.138999999999996,38.50483333333333
1988-01-26,40.75,41.0,39.25,39.75,5120000.0,39.952,42.114,38.509
1988-01-27,40.25,40.5,38.75,39.75,9240000.0,39.952,41.995000000000005,38.52766666666667
1988-01-28,40.0,41.5,39.75,41.25,8320000.0,40.176,41.8885,38.56933333333334
1988-01-29,41.5,41.75,40.25,41.5,9480000.0,40.626,41.8635,38.65683333333334
1988-02-01,41.75,42.5,41.38,41.75,7120000.0,40.8,41.713499999999996,38.75266666666667
1988-02-02,41.5,41.88,40.5,41.25,6840000.0,41.1,41.544500000000006,38.80683333333334
1988-02-03,41.0,41.25,39.25,39.5,8080000.0,41.05,41.33200000000001,38.836000000000006
1988-02-04,39.5,40.13,39.0,39.75,7120000.0,40.75,41.094500000000004,38.87766666666667
1988-02-05,40.0,40.38,38.5,38.63,4720000.0,40.176,41.026,38.91733333333333
1988-02-08,38.5,39.25,37.75,38.75,7280000.0,39.576,40.8385,38.94233333333333
1988-02-09,39.0,39.88,38.75,39.75,4160000.0,39.275999999999996,40.726000000000006,38.958999999999996
1988-02-10,39.75,41.5,39.75,41.0,8160000.0,39.576,40.663500000000006,39.021499999999996
1988-02-11,41.0,41.25,40.25,40.63,5280000.0,39.751999999999995,40.5825,39.08616666666667
1988-02-12,40.63,41.5,40.5,41.0,4920000.0,40.226,40.4885,39.186166666666665
1988-02-16,41.0,41.25,40.0,41.25,5520000.0,40.726,40.413500000000006,39.2695
1988-02-17,41.25,42.5,41.25,41.88,9160000.0,41.152,40.370000000000005,39.392500000000005
1988-02-18,41.63,42.75,41.5,41.75,5120000.0,41.30200000000001,40.470000000000006,39.49666666666667
1988-02-19,41.75,42.0,41.5,41.75,3242400.0,41.525999999999996,40.551,39.58833333333334
1988-02-22,41.5,43.63,41.5,43.25,7160000.0,41.976,40.751000000000005,39.6925
1988-02-23,43.25,43.75,42.25,42.75,7880000.0,42.275999999999996,40.844500000000004,39.79666666666667
1988-02-24,42.75,43.0,42.0,42.25,5200000.0,42.35,40.969500000000004,39.917500000000004
1988-02-25,42.0,43.0,41.75,41.75,6400000.0,42.35,41.069500000000005,40.06333333333334
1988-02-26,42.0,42.25,41.25,41.75,2952400.0,42.35,41.094500000000004,40.205000000000005
1988-02-29,41.75,43.25,41.5,43.0,4000000.0,42.3,41.169500000000006,40.38
1988-03-01,43.25,43.5,42.5,43.25,6120000.0,42.4,41.2445,40.5925
1988-03-02,43.75,45.0,43.5,44.75,10440000.0,42.9,41.419500000000006,40.825833333333335
1988-03-03,44.5,47.0,44.5,46.5,16920000.0,43.85,41.76950000000001,41.05083333333334
1988-03-04,46.0,47.0,45.5,46.88,7480000.0,44.876,42.126000000000005,41.25716666666667
1988-03-07,46.75,47.75,46.5,46.88,7400000.0,45.652,42.5385,41.45516666666666
1988-03-08,46.75,47.0,46.0,46.25,5160000.0,46.251999999999995,42.9135,41.64683333333333
1988-03-09,46.25,47.25,46.25,46.75,4800000.0,46.652,43.2635,41.85933333333333
1988-03-10,47.0,47.25,45.25,45.25,6320000.0,46.402,43.476,41.992666666666665
1988-03-11,45.5,45.75,44.5,45.75,5640000.0,46.176,43.732,42.13016666666667
1988-03-14,45.75,46.5,45.5,46.25,3518000.0,46.05,43.9945,42.246833333333335
1988-03-15,46.0,46.25,44.75,45.0,6480000.0,45.8,44.182,42.342666666666666
1988-03-16,44.88,46.38,44.5,46.13,4240000.0,45.676,44.3945,42.4365
1988-03-17,46.25,46.5,44.75,45.0,9320000.0,45.626,44.557,42.49066666666667
1988-03-18,45.0,45.5,44.25,44.75,9720000.0,45.426,44.707,42.54483333333334
1988-03-21,44.38,44.63,43.0,43.88,8120000.0,44.952000000000005,44.7385,42.572
1988-03-22,44.0,44.5,43.25,44.0,4265600.0,44.752,44.801,42.594833333333334
1988-03-23,44.0,44.0,41.88,42.5,7480000.0,44.025999999999996,44.8135,42.632333333333335
1988-03-24,41.75,42.5,40.0,40.88,11440000.0,43.202,44.769999999999996,42.6115
1988-03-25,40.75,41.25,40.0,40.13,4680000.0,42.278,44.689,42.55733333333333
1988-03-28,40.0,41.75,39.5,41.5,6160000.0,41.802,44.614,42.549
1988-03-29,41.5,42.0,40.63,41.0,7640000.0,41.202,44.5015,42.4865
1988-03-30,40.75,41.25,38.75,39.5,13280000.0,40.602,44.239,42.401
1988-03-31,39.75,40.5,39.25,40.0,7760000.0,40.426,43.914,42.3385
1988-04-04,39.75,40.5,38.5,38.75,6480000.0,40.15,43.5075,42.24266666666667
1988-04-05,39.25,39.5,38.5,39.25,5280000.0,39.7,43.126,42.230166666666676
1988-04-06,39.5,41.75,39.0,41.75,6800000.0,39.85,42.900999999999996,42.21766666666667
1988-04-07,41.75,42.38,40.75,40.75,5840000.0,40.1,42.601,42.19683333333334
1988-04-08,40.75,41.75,39.75,41.0,7240000.0,40.3,42.3885,42.17600000000001
1988-04-11,41.75,42.0,41.0,41.5,5320000.0,40.85,42.176,42.163500000000006
1988-04-12,41.75,42.25,41.25,41.75,6200000.0,41.35,41.951,42.14466666666667
1988-04-13,41.75,42.0,41.0,41.25,5120000.0,41.25,41.7635,42.119666666666674
1988-04-14,40.5,41.5,39.0,39.5,6720000.0,41.0,41.432,42.06550000000001
1988-04-15,39.75,40.0,38.5,39.5,8320000.0,40.7,41.157,42.06133333333334
1988-04-18,39.75,40.75,39.25,40.0,6080000.0,40.4,40.9195,42.05916666666667
1988-04-19,40.13,41.5,40.13,40.25,7596400.0,40.1,40.738,42.075833333333335
1988-04-20,40.25,40.5,39.25,39.75,7680000.0,39.8,40.5255,42.057
1988-04-21,40.38,40.5,39.0,39.5,6360000.0,39.8,40.3755,42.05283333333333
1988-04-22,39.75,40.25,39.5,40.13,3846800.0,39.926,40.338,42.05916666666666
1988-04-25,40.25,41.0,40.0,40.88,5360000.0,40.102000000000004,40.3755,42.053
1988-04-26,41.0,41.75,40.75,41.5,6280000.0,40.352000000000004,40.3755,42.053
1988-04-27,41.75,42.0,41.5,41.75,4520000.0,40.752,40.413,42.053
1988-04-28,41.75,42.0,41.25,41.38,3553600.0,41.128,40.507,42.055166666666665
1988-04-29,41.25,41.5,40.5,41.0,3222000.0,41.302,40.557,42.08016666666666
1988-05-02,40.75,41.25,40.5,41.0,2944400.0,41.326,40.6695,42.101
1988-05-03,41.0,42.25,40.75,41.75,4440000.0,41.376,40.7945,42.153000000000006
1988-05-04,41.88,43.13,41.75,42.0,8000000.0,41.426,40.807,42.20716666666667
1988-05-05,42.0,42.25,41.5,41.75,2536800.0,41.5,40.857,42.240500000000004
1988-05-06,41.63,41.75,41.25,41.25,3835600.0,41.55,40.8695,42.244666666666674
1988-05-09,41.25,41.25,40.5,40.75,2732000.0,41.5,40.832,42.24666666666667
1988-05-10,40.5,41.0,40.25,40.88,3439200.0,41.326,40.7885,42.244666666666674
1988-05-11,40.25,40.75,39.5,39.5,6240000.0,40.826,40.701,42.215500000000006
1988-05-12,39.5,40.25,39.5,39.75,2965600.0,40.426,40.713499999999996,42.18
1988-05-13,40.25,40.5,40.0,40.5,2566800.0,40.275999999999996,40.7635,42.15916666666667
1988-05-16,40.5,41.38,40.0,41.25,2686800.0,40.376,40.826,42.15083333333334
1988-05-17,41.5,42.0,40.25,40.5,6920000.0,40.3,40.838499999999996,42.105000000000004
1988-05-18,40.5,40.75,39.5,39.75,6240000.0,40.35,40.838499999999996,42.055
1988-05-19,39.5,39.75,38.5,39.0,8920000.0,40.2,40.8135,42.00083333333334
1988-05-20,39.25,39.5,38.75,38.75,2941200.0,39.85,40.7445,41.950833333333335
1988-05-23,38.5,38.88,37.38,38.0,6560000.0,39.2,40.6005,41.888333333333335
1988-05-24,38.0,39.0,37.75,38.88,5080000.0,38.876,40.4695,41.81966666666666
1988-05-25,39.0,39.75,38.5,38.5,4840000.0,38.626,40.307,41.7405
1988-05-26,38.5,39.5,38.5,39.38,3076800.0,38.702000000000005,40.207,41.650999999999996
1988-05-27,39.25,40.0,39.0,39.75,3020000.0,38.902,40.1445,41.5385
1988-05-31,40.0,41.5,39.75,41.5,4400000.0,39.602000000000004,40.1695,41.44883333333333
1988-06-01,41.5,42.5,41.25,42.5,8200000.0,40.326,40.207,41.37583333333334
1988-06-02,42.0,42.5,41.5,41.75,4760000.0,40.976,40.1945,41.30083333333334
1988-06-03,41.75,43.25,41.75,43.0,6280000.0,41.7,40.257,41.23833333333334
1988-06-06,42.75,44.0,42.75,44.0,5880000.0,42.55,40.3945,41.2175
1988-06-07,43.75,45.25,43.5,44.0,11120000.0,43.05,40.557,41.18833333333334
1988-06-08,44.25,45.5,44.0,45.0,9240000.0,43.55,40.763,41.167500000000004
1988-06-09,45.0,45.25,43.25,43.5,9640000.0,43.9,40.963,41.142500000000005
1988-06-10,43.5,44.75,43.0,44.5,6320000.0,44.2,41.2005,41.11533333333333
1988-06-13,45.0,45.25,44.25,45.0,5320000.0,44.4,41.4255,41.11533333333333
1988-06-14,45.25,46.0,45.0,45.25,10445600.0,44.65,41.6255,41.123666666666665
1988-06-15,45.25,45.75,45.0,45.75,4360000.0,44.8,41.888,41.154833333333336
1988-06-16,45.0,45.25,44.25,44.5,3854400.0,45.0,42.1255,41.16316666666667
1988-06-17,44.75,44.75,44.25,44.75,3410800.0,45.05,42.413,41.20066666666666
1988-06-20,44.38,44.75,44.0,44.13,2811200.0,44.876,42.682,41.25483333333333
1988-06-21,44.0,45.0,43.88,44.88,4422000.0,44.802,43.026,41.333999999999996
1988-06-22,45.5,45.88,45.0,45.63,6998000.0,44.778,43.3635,41.40283333333333
1988-06-23,45.75,45.75,45.0,45.0,2566400.0,44.878,43.688500000000005,41.4695
1988-06-24,45.0,45.5,44.5,45.0,2684400.0,44.928,43.969500000000004,41.56116666666666
1988-06-27,44.5,45.38,44.5,44.5,3001200.0,45.001999999999995,44.20700000000001,41.63616666666666
1988-06-28,44.75,46.25,44.5,46.25,5809200.0,45.275999999999996,44.444500000000005,41.76116666666666
1988-06-29,46.0,46.75,45.75,46.38,5125200.0,45.426,44.63850000000001,41.879999999999995
1988-06-30,46.25,46.75,46.0,46.25,4104800.0,45.676,44.8635,41.955
1988-07-01,46.5,46.88,46.25,46.5,3385600.0,45.976,45.038500000000006,42.05083333333333
1988-07-05,46.5,47.25,46.13,47.25,3736400.0,46.525999999999996,45.20100000000001,42.154999999999994
1988-07-06,47.13,47.5,46.13,46.5,5608800.0,46.576,45.32600000000001,42.23833333333333
1988-07-07,46.5,46.5,45.25,45.88,3778000.0,46.476,45.370000000000005,42.30716666666667
1988-07-08,45.5,46.0,45.0,45.25,3766400.0,46.275999999999996,45.4575,42.37383333333333
1988-07-11,45.5,45.5,44.88,45.13,2646400.0,46.001999999999995,45.489000000000004,42.467666666666666
1988-07-12,45.0,45.25,44.5,44.75,3605600.0,45.501999999999995,45.4765,42.555166666666665
1988-07-13,44.75,45.0,44.25,44.75,4132000.0,45.152,45.4515,42.63433333333333
1988-07-14,44.75,45.25,44.5,45.0,2245200.0,44.976,45.414,42.713499999999996
1988-07-15,45.0,45.5,44.75,45.0,2968000.0,44.926,45.43900000000001,42.801
1988-07-18,45.38,46.0,45.25,45.5,4061200.0,45.0,45.4765,42.900999999999996
1988-07-19,45.0,45.5,43.88,44.75,4372400.0,45.0,45.50750000000001,42.978
1988-07-20,44.75,45.0,44.0,44.25,4293600.0,44.9,45.476,43.03416666666667
1988-07-21,43.75,44.0,42.75,43.0,5323600.0,44.5,45.3445,43.05916666666667
1988-07-22,43.0,43.25,42.5,42.5,3724800.0,44.0,45.2195,43.07166666666667
1988-07-25,42.75,43.25,42.25,42.75,3794400.0,43.45,45.107,43.094500000000004
1988-07-26,42.75,43.25,42.25,42.75,3640800.0,43.05,45.0195,43.123666666666665
1988-07-27,42.75,43.25,42.5,42.75,4162400.0,42.75,44.8445,43.152833333333334
1988-07-28,42.5,43.0,42.25,42.63,3326800.0,42.676,44.657,43.1675
1988-07-29,43.25,44.5,43.0,44.38,5697600.0,43.05200000000001,44.5635,43.207166666666666
1988-08-01,44.5,45.75,44.25,45.0,3085600.0,43.502,44.4885,43.26133333333333
1988-08-02,45.0,45.5,44.5,44.63,4338000.0,43.878,44.3575,43.31766666666667
1988-08-03,44.75,44.75,44.0,44.75,3980800.0,44.278000000000006,44.269999999999996,43.38433333333333
1988-08-04,44.75,45.25,44.5,44.63,2473200.0,44.678,44.207499999999996,43.44683333333333
1988-08-05,44.5,45.0,44.25,44.25,1881200.0,44.652,44.1575,43.525999999999996
1988-08-08,44.5,44.75,44.0,44.0,1085600.0,44.452,44.101,43.59683333333333
1988-08-09,44.0,44.25,43.0,43.5,6090800.0,44.226,44.0385,43.64683333333333
1988-08-10,43.75,43.75,41.75,41.88,5300800.0,43.652,43.894999999999996,43.657333333333334
1988-08-11,42.25,43.25,42.0,43.25,3803200.0,43.376,43.8075,43.70316666666667
1988-08-12,43.0,43.0,42.25,42.5,2771200.0,43.025999999999996,43.6825,43.749
1988-08-15,42.25,42.25,40.5,41.25,5971200.0,42.476,43.47,43.786500000000004
1988-08-16,41.0,43.25,40.75,42.5,4397600.0,42.275999999999996,43.3575,43.849000000000004
1988-08-17,42.5,42.75,41.75,42.0,4252400.0,42.3,43.245,43.91566666666667
1988-08-18,42.0,43.0,41.75,42.5,2648000.0,42.15,43.22,43.976000000000006
1988-08-19,42.5,42.75,40.5,40.75,8120000.0,41.8,43.1325,44.01350000000001
1988-08-22,40.25,40.75,39.5,39.75,6100000.0,41.5,42.9825,44.01966666666667
1988-08-23,39.75,40.25,39.25,39.5,5843200.0,40.9,42.82,44.0155
1988-08-24,39.75,40.75,39.5,40.75,4482000.0,40.65,42.72,44.00300000000001
1988-08-25,40.25,40.5,39.25,40.13,4560000.0,40.176,42.595,43.963499999999996
1988-08-26,40.0,40.75,40.0,40.25,1453200.0,40.076,42.3885,43.9385
1988-08-29,40.75,41.0,40.5,40.88,2046400.0,40.302,42.1825,43.90316666666667
1988-08-30,40.75,41.0,40.0,40.88,1809200.0,40.577999999999996,41.995,43.85116666666667
1988-08-31,41.0,41.13,39.5,39.88,8493600.0,40.403999999999996,41.7515,43.782500000000006
1988-09-01,39.75,39.75,38.5,38.88,8818800.0,40.154,41.464,43.6805
1988-09-02,39.5,40.0,39.0,39.75,6661200.0,40.054,41.239,43.618
1988-09-06,40.0,40.0,38.75,38.88,5125200.0,39.654,40.983000000000004,43.52433333333333
1988-09-07,39.0,39.5,37.75,38.25,6417600.0,39.128,40.7205,43.411833333333334
1988-09-08,38.25,39.5,37.75,38.75,7403200.0,38.902,40.564,43.3035
1988-09-09,38.75,41.0,37.75,40.5,8393200.0,39.226,40.4265,43.216
1988-09-12,41.0,41.75,40.13,41.0,5290800.0,39.476,40.3515,43.157666666666664
1988-09-13,40.25,41.25,40.0,41.0,4293600.0,39.9,40.339,43.095166666666664
1988-09-14,41.75,42.38,41.5,42.0,8520800.0,40.65,40.314,43.059666666666665
1988-09-15,42.0,42.75,41.5,41.63,5920000.0,41.226,40.295500000000004,43.0055
1988-09-16,41.5,42.75,41.38,42.25,4431200.0,41.576,40.283,42.94916666666667
1988-09-19,42.0,42.25,41.25,41.75,3296400.0,41.726,40.333000000000006,42.895
1988-09-20,41.75,42.25,41.38,41.5,3682400.0,41.826,40.420500000000004,42.83666666666667
1988-09-21,41.75,43.0,41.5,42.75,3274800.0,41.976,40.583000000000006,42.807500000000005
1988-09-22,43.0,44.0,42.75,44.0,5203600.0,42.45,40.74550000000001,42.77
1988-09-23,43.5,44.25,43.5,43.75,3638000.0,42.75,40.926500000000004,42.72616666666667
1988-09-26,43.75,44.0,42.5,42.75,3124400.0,42.95,41.051500000000004,42.667833333333334
1988-09-27,42.5,43.5,42.5,43.38,5832400.0,43.326,41.176500000000004,42.615833333333335
1988-09-28,43.5,44.13,43.25,43.5,3038800.0,43.476,41.307500000000005,42.553333333333335
1988-09-29,43.75,44.25,43.5,44.0,3804400.0,43.476,41.51350000000001,42.51166666666667
1988-09-30,44.0,44.0,43.25,43.25,3338800.0,43.376,41.732000000000006,42.46783333333334
1988-10-03,43.0,43.25,42.0,42.5,3243200.0,43.326,41.8695,42.422000000000004
1988-10-04,42.25,42.75,41.13,41.5,1847600.0,42.95,42.0005,42.3615
1988-10-05,41.25,41.75,40.5,40.88,4400000.0,42.426,42.132,42.297
1988-10-06,40.5,40.88,39.25,39.75,6009200.0,41.576,42.182,42.21366666666666
1988-10-07,39.0,39.75,38.38,39.75,16355200.0,40.876,42.14450000000001,42.12616666666666
1988-10-10,39.5,39.75,37.5,38.5,11880000.0,40.076,42.01950000000001,42.01783333333333
1988-10-11,38.25,39.5,38.25,39.0,6964400.0,39.576,41.919500000000006,41.909499999999994
1988-10-12,38.5,39.0,38.0,38.75,4763600.0,39.15,41.757000000000005,41.80949999999999
1988-10-13,38.5,39.75,38.5,39.0,5892400.0,39.0,41.6255,41.721999999999994
1988-10-14,39.5,39.5,38.13,38.75,5625200.0,38.8,41.4505,41.65116666666666
1988-10-17,38.5,39.0,38.25,38.5,3360800.0,38.8,41.288,41.5845
1988-10-18,39.0,39.5,38.25,39.38,5100000.0,38.876,41.182,41.52833333333333
1988-10-19,39.75,40.75,39.5,40.0,9918000.0,39.126,41.0445,41.482499999999995
1988-10-20,40.0,41.63,40.0,41.5,6215200.0,39.626,40.9195,41.461666666666666
1988-10-21,41.25,41.75,40.75,41.0,4422400.0,40.076,40.782,41.4345
1988-10-24,41.25,41.25,39.63,40.0,4842400.0,40.376,40.6445,41.3615
1988-10-25,40.25,40.25,39.75,39.88,3043600.0,40.476,40.4695,41.27616666666667
1988-10-26,40.0,40.0,38.5,39.25,6751200.0,40.326,40.257,41.1865
1988-10-27,38.75,39.25,38.25,39.0,5138000.0,39.826,40.007,41.09066666666667
1988-10-28,39.0,39.5,38.5,38.5,3026800.0,39.326,39.7695,40.9885
1988-10-31,38.75,38.75,37.5,38.63,8695200.0,39.052,39.576,40.89483333333333
1988-11-01,38.5,38.75,37.75,38.0,5138800.0,38.676,39.400999999999996,40.79483333333334
1988-11-02,38.25,38.25,36.75,37.25,7451200.0,38.275999999999996,39.2195,40.690666666666665
1988-11-03,37.25,37.5,36.75,37.13,8670000.0,37.902,39.088499999999996,40.61149999999999
1988-11-04,36.75,38.0,36.75,37.75,5500000.0,37.752,38.9885,40.519833333333324
1988-11-07,37.25,37.75,37.0,37.5,6093600.0,37.525999999999996,38.9385,40.436499999999995
1988-11-08,37.5,38.75,37.38,38.5,5540800.0,37.626,38.9135,40.39066666666666
1988-11-09,38.25,39.38,38.0,39.25,7206800.0,38.025999999999996,38.9385,40.336499999999994
1988-11-10,39.5,39.75,39.0,39.5,3573200.0,38.5,38.963499999999996,40.29483333333333
1988-11-11,39.0,39.63,38.5,38.5,3882400.0,38.65,38.951,40.22816666666666
1988-11-14,38.75,39.0,38.25,38.88,3046400.0,38.926,38.97,40.196999999999996
1988-11-15,39.0,39.25,38.75,39.0,2866800.0,39.025999999999996,38.951,40.18449999999999
1988-11-16,39.0,39.25,37.75,38.0,5280000.0,38.775999999999996,38.851,40.159499999999994
1988-11-17,38.0,38.5,38.0,38.25,2841200.0,38.525999999999996,38.6885,40.11783333333333
1988-11-18,38.5,38.5,38.0,38.0,2066400.0,38.426,38.5385,40.08233333333333
1988-11-21,37.5,37.75,36.25,36.63,7928000.0,37.976,38.37,40.022000000000006
1988-11-22,36.5,36.88,36.0,36.13,5299200.0,37.402,38.1825,39.94283333333333
1988-11-23,35.75,37.0,35.5,36.88,6733200.0,37.178000000000004,38.064,39.87616666666667
1988-11-25,36.25,36.75,36.0,36.5,1727600.0,36.828,37.939,39.819833333333335
1988-11-28,36.5,36.75,36.0,36.5,4986800.0,36.528000000000006,37.839,39.78016666666667
1988-11-29,36.5,36.75,36.0,36.75,3326400.0,36.55200000000001,37.745,39.730166666666676
1988-11-30,36.75,38.0,36.75,37.63,6013600.0,36.852,37.7265,39.70933333333333
1988-12-01,37.75,39.0,37.5,38.75,7586800.0,37.226,37.8015,39.717666666666666
1988-12-02,38.25,39.88,38.0,39.25,11940000.0,37.775999999999996,37.9075,39.726
1988-12-05,39.5,40.0,38.75,39.5,5534400.0,38.376,37.995,39.70933333333333
1988-12-06,39.25,39.75,39.0,39.5,3763200.0,38.926,38.095,39.684333333333335
1988-12-07,39.0,39.5,38.75,39.38,3518800.0,39.275999999999996,38.138999999999996,39.657333333333334
1988-12-08,39.25,39.25,38.75,39.13,2125600.0,39.352,38.132999999999996,39.609500000000004
1988-12-09,39.25,39.5,38.75,39.13,1608800.0,39.328,38.1145,39.56783333333333
1988-12-12,39.25,39.5,38.5,38.5,4215600.0,39.128,38.1145,39.50533333333333
1988-12-13,38.5,38.75,38.25,38.75,4386400.0,38.978,38.108,39.455333333333336
1988-12-14,38.5,40.0,38.5,39.75,6916800.0,39.05200000000001,38.1455,39.42616666666667
1988-12-15,40.0,40.5,39.25,39.5,4032000.0,39.126,38.2205,39.372
1988-12-16,39.5,40.5,39.25,40.13,6572000.0,39.326,38.314499999999995,39.3075
1988-12-19,40.25,41.0,40.0,40.75,8373600.0,39.775999999999996,38.452,39.2575
1988-12-20,41.0,41.5,40.63,41.0,9810800.0,40.226,38.670500000000004,39.22833333333333
1988-12-21,41.0,42.0,41.0,41.75,8642400.0,40.626,38.951499999999996,39.20116666666666
1988-12-22,41.75,42.0,40.75,41.0,3802000.0,40.926,39.157500000000006,39.159499999999994
1988-12-23,41.0,41.38,41.0,41.13,1475600.0,41.126,39.389,39.111666666666665
1988-12-27,41.0,41.5,40.5,40.5,2155200.0,41.076,39.589000000000006,39.06583333333333
1988-12-28,40.5,40.75,39.75,40.25,1841200.0,40.926,39.764,39.02833333333333
1988-12-29,40.25,40.75,40.25,40.5,4212000.0,40.676,39.907500000000006,39.01166666666666
1988-12-30,40.5,41.25,40.25,40.25,2938800.0,40.525999999999996,39.9825,39.00116666666667
1989-01-03,40.25,40.5,40.0,40.38,3578800.0,40.376,40.039,39.01166666666667
1989-01-04,40.75,42.13,40.5,42.0,8575200.0,40.676,40.164,39.04916666666667
1989-01-05,42.0,43.25,41.25,42.25,10985200.0,41.076,40.301500000000004,39.11166666666667
1989-01-06,42.25,43.5,42.25,42.63,7103600.0,41.502,40.464000000000006,39.172166666666676
1989-01-09,43.0,43.13,42.25,43.0,2850800.0,42.05200000000001,40.657500000000006,39.24300000000001
1989-01-10,42.5,42.88,41.5,42.63,3695600.0,42.501999999999995,40.8325,39.3035
1989-01-11,42.25,42.5,41.25,42.13,5585200.0,42.528,41.014,39.359833333333334
1989-01-12,42.25,43.0,42.0,42.75,5373200.0,42.628,41.214000000000006,39.43066666666667
1989-01-13,42.75,43.5,42.38,43.25,6928000.0,42.751999999999995,41.389,39.49516666666667
1989-01-16,43.25,44.0,43.0,43.75,6033200.0,42.902,41.6015,39.55766666666667
1989-01-17,43.25,43.5,40.0,40.38,27033600.0,42.452,41.614000000000004,39.539
1989-01-18,40.75,41.13,39.5,39.75,17440800.0,41.976,41.564,39.518166666666666
1989-01-19,40.5,41.0,40.0,40.5,9155200.0,41.525999999999996,41.539,39.526500000000006
1989-01-20,40.5,41.5,40.25,41.0,6207600.0,41.076,41.5015,39.54516666666667
1989-01-23,40.75,41.25,40.75,41.0,6452000.0,40.525999999999996,41.5015,39.574333333333335
1989-01-24,41.0,41.75,40.75,41.63,7983200.0,40.776,41.5265,39.61816666666667
1989-01-25,41.75,42.0,41.0,41.5,3963200.0,41.126,41.576499999999996,39.66816666666667
1989-01-26,40.75,42.13,40.63,41.75,10203600.0,41.376,41.6515,39.720166666666664
1989-01-27,38.25,39.25,36.25,37.63,75976400.0,40.702,41.507999999999996,39.714000000000006
1989-01-30,37.63,38.0,37.25,37.38,20961200.0,39.977999999999994,41.3645,39.716166666666666
1989-01-31,37.25,37.75,36.75,37.75,16442000.0,39.202,41.233,39.7265
1989-02-01,37.75,39.63,37.38,39.25,17420000.0,38.751999999999995,41.0955,39.7515
1989-02-02,39.5,40.25,39.25,39.75,16927600.0,38.352,40.9705,39.789
1989-02-03,40.0,40.25,39.0,39.25,6406400.0,38.676,40.8015,39.801500000000004
1989-02-06,39.5,39.5,38.25,38.5,4174400.0,38.9,40.576499999999996,39.789
1989-02-07,38.25,39.25,38.25,39.0,5908800.0,39.15,40.394999999999996,39.78066666666667
1989-02-08,39.0,39.5,38.0,38.25,5612000.0,38.95,40.201,39.776500000000006
1989-02-09,38.25,39.0,38.0,38.25,5756400.0,38.65,39.976,39.766
1989-02-10,38.25,38.25,37.0,37.25,12441200.0,38.25,39.676,39.73683333333334
1989-02-13,36.75,37.25,36.75,37.0,8422000.0,37.95,39.338499999999996,39.720166666666664
1989-02-14,36.88,37.0,35.25,35.75,31843200.0,37.3,39.107,39.6785
1989-02-15,35.75,36.25,35.5,36.25,11812400.0,36.9,38.932,39.64933333333333
1989-02-16,36.25,37.25,36.0,36.38,9138800.0,36.525999999999996,38.726,39.64516666666667
1989-02-17,36.25,37.0,36.25,36.75,4180800.0,36.426,38.5135,39.655499999999996
1989-02-21,36.88,37.75,36.75,37.5,6808800.0,36.525999999999996,38.338499999999996,39.66583333333333
1989-02-22,37.25,37.5,36.5,36.75,8529200.0,36.726,38.0945,39.669999999999995
1989-02-23,36.5,37.0,36.25,36.75,3409200.0,36.826,37.857,39.674166666666665
1989-02-24,37.0,37.0,36.0,36.0,5452000.0,36.75,37.5695,39.66166666666666
1989-02-27,36.0,36.5,35.75,36.5,4151200.0,36.7,37.513,39.642833333333336
1989-02-28,36.5,36.75,36.0,36.25,6290000.0,36.45,37.4565,39.60116666666667
1989-03-01,36.25,36.5,35.5,36.0,6096400.0,36.3,37.369,39.547000000000004
1989-03-02,35.75,36.25,34.75,35.0,13440800.0,35.95,37.1565,39.472
1989-03-03,35.25,35.25,34.0,34.75,13854400.0,35.7,36.9065,39.392833333333336
1989-03-06,35.0,35.88,34.5,35.5,6028800.0,35.5,36.719,39.32816666666667
1989-03-07,35.5,36.0,35.0,35.75,9327600.0,35.4,36.5815,39.27183333333333
1989-03-08,35.63,36.25,35.25,35.25,7727600.0,35.25,36.394,39.207166666666666
1989-03-09,35.25,35.75,34.5,34.5,4768800.0,35.15,36.2065,39.140499999999996
1989-03-10,34.5,35.0,34.25,35.0,3684400.0,35.2,36.044,39.077999999999996
1989-03-13,35.0,35.5,34.75,35.0,4683600.0,35.1,35.9315,38.99883333333333
1989-03-14,35.0,35.5,34.88,35.25,5796800.0,35.0,35.844,38.928
1989-03-15,35.25,35.5,34.75,35.0,3225600.0,34.95,35.8065,38.8425
1989-03-16,35.0,35.5,34.5,35.25,6880000.0,35.1,35.7565,38.75083333333334
1989-03-17,34.5,35.75,34.0,34.88,8485200.0,35.07600000000001,35.6815,38.648833333333336
1989-03-20,35.0,35.25,34.5,34.88,6480800.0,35.052,35.588,38.53433333333334
1989-03-21,35.5,35.5,34.75,34.88,4588800.0,34.977999999999994,35.457,38.43233333333333
1989-03-22,34.25,34.75,33.75,33.88,5180800.0,34.754,35.3135,38.3115
1989-03-23,34.0,34.5,33.75,34.38,4250800.0,34.58,35.195,38.209500000000006
1989-03-27,34.25,34.5,33.5,33.75,5425600.0,34.354,35.082499999999996,38.10116666666667
1989-03-28,34.0,34.5,34.0,34.0,5047600.0,34.178000000000004,34.957499999999996,37.99283333333334
1989-03-29,34.0,34.5,34.0,34.25,2666800.0,34.05200000000001,34.8575,37.892833333333336
1989-03-30,34.25,35.0,34.0,34.75,3780800.0,34.226,34.795,37.799
1989-03-31,35.0,35.75,34.75,35.63,6630800.0,34.476,34.826499999999996,37.69283333333333
1989-04-03,35.5,36.25,34.75,35.0,5949200.0,34.726,34.839,37.572
1989-04-04,34.5,34.88,33.88,34.5,4140800.0,34.826,34.789,37.4365
1989-04-05,34.5,35.25,34.25,35.0,4303200.0,34.976,34.7515,37.30316666666667
1989-04-06,34.75,36.13,34.5,36.0,5598800.0,35.226,34.789,37.192666666666675
1989-04-07,36.0,37.5,36.0,37.38,12699200.0,35.576,34.93300000000001,37.1135
1989-04-10,37.25,38.0,36.75,37.0,4854400.0,35.976,35.033,37.01766666666666
1989-04-11,37.5,38.0,37.0,37.75,5252400.0,36.626,35.170500000000004,36.926
1989-04-12,38.25,39.25,37.88,38.5,13862000.0,37.326,35.333000000000006,36.838499999999996
1989-04-13,38.75,39.5,38.25,38.5,6493200.0,37.826,35.508,36.80716666666667
1989-04-14,39.0,39.25,38.25,38.75,4408800.0,38.1,35.68300000000001,36.790499999999994
1989-04-17,38.5,39.25,38.0,39.25,5008000.0,38.55,35.901500000000006,36.769666666666666
1989-04-18,39.5,40.5,39.25,40.13,20055200.0,39.025999999999996,36.164,36.75516666666667
1989-04-19,40.0,41.63,39.75,40.88,15215600.0,39.502,36.464000000000006,36.753166666666665
1989-04-20,40.75,41.5,40.25,40.75,6434400.0,39.952000000000005,36.807500000000005,36.7385
1989-04-21,40.5,40.88,39.75,40.13,4132000.0,40.228,37.095000000000006,36.71566666666667
1989-04-24,40.0,40.25,39.5,40.13,3977600.0,40.404,37.414,36.68866666666666
1989-04-25,40.0,40.5,39.75,40.0,4165600.0,40.378,37.714000000000006,36.72816666666666
1989-04-26,40.0,40.25,39.13,39.75,6652000.0,40.152,37.989000000000004,36.76766666666666
1989-04-27,39.5,40.0,39.0,39.38,4988000.0,39.878,38.2205,36.79483333333334
1989-04-28,39.25,39.5,38.5,39.0,3725600.0,39.652,38.388999999999996,36.79066666666667
1989-05-01,38.5,39.25,38.5,39.0,2881200.0,39.426,38.589,36.77816666666667
1989-05-02,39.0,40.25,39.0,39.88,7719200.0,39.402,38.858,36.78866666666667
1989-05-03,39.75,40.75,39.75,40.25,7896800.0,39.502,39.12050000000001,36.81783333333333
1989-05-04,40.25,41.25,40.0,41.0,6762000.0,39.826,39.37050000000001,36.85116666666667
1989-05-05,42.5,42.75,41.5,41.5,16464400.0,40.326,39.576499999999996,36.90533333333334
1989-05-08,41.5,42.25,41.5,42.25,7373600.0,40.976,39.839,36.972
1989-05-09,42.0,43.0,42.0,42.5,12398800.0,41.5,40.076499999999996,37.0595
1989-05-10,43.0,43.5,42.5,43.25,8380000.0,42.1,40.314,37.16366666666667
1989-05-11,43.25,44.25,43.0,43.88,10763600.0,42.676,40.583,37.29916666666667
1989-05-12,44.5,45.0,44.0,45.0,16685600.0,43.376,40.8955,37.44500000000001
1989-05-15,44.75,46.25,44.75,46.0,11372400.0,44.126,41.233,37.605333333333334
1989-05-16,46.0,46.25,45.0,45.38,8170800.0,44.702,41.4955,37.749166666666675
1989-05-17,45.25,45.5,45.0,45.25,8892400.0,45.102,41.714,37.87833333333334
1989-05-18,45.25,45.5,44.75,44.75,7558800.0,45.275999999999996,41.914,38.01166666666667
1989-05-19,44.75,46.25,44.75,45.75,11820800.0,45.426,42.195,38.16166666666667
1989-05-22,45.75,46.25,45.25,46.0,6800000.0,45.426,42.4885,38.32833333333334
1989-05-23,46.0,46.0,45.25,45.5,4803600.0,45.45,42.7635,38.47833333333334
1989-05-24,45.25,47.75,45.25,47.75,10645200.0,45.95,43.1635,38.67
1989-05-25,47.25,49.0,47.25,48.25,8309200.0,46.65,43.607,38.874166666666675
1989-05-26,48.25,49.0,48.0,48.5,4028800.0,47.2,44.082,39.09916666666667
1989-05-30,48.25,49.0,47.38,47.5,4018000.0,47.5,44.507,39.311666666666675
1989-05-31,47.5,48.13,47.0,47.75,4134400.0,47.95,44.9005,39.51583333333334
1989-06-01,47.75,49.25,47.5,48.75,6416800.0,48.15,45.3255,39.7325
1989-06-02,48.5,49.5,48.5,49.0,4448800.0,48.3,45.7255,39.96166666666667
1989-06-05,48.75,49.0,46.5,47.0,4451200.0,48.0,46.0005,40.17
1989-06-06,46.75,47.0,46.25,46.75,5189200.0,47.85,46.2255,40.365833333333335
1989-06-07,46.75,48.5,46.75,48.25,6293200.0,47.95,46.513,40.58666666666667
1989-06-08,48.5,49.0,47.25,47.63,6378800.0,47.726,46.732,40.793
1989-06-09,47.25,47.75,46.5,47.0,3378800.0,47.326,46.888,40.993
1989-06-12,46.75,47.75,46.25,47.5,2892400.0,47.426,47.013,41.19716666666667
1989-06-13,47.5,48.75,47.0,48.5,8254400.0,47.775999999999996,47.138,41.424166666666665
1989-06-14,49.0,50.25,48.25,49.63,8983600.0,48.05200000000001,47.3505,41.669999999999995
1989-06-15,49.5,49.75,47.5,47.5,5766800.0,48.025999999999996,47.463,41.88033333333333
1989-06-16,44.75,45.5,43.5,44.5,19378000.0,47.525999999999996,47.4505,42.05733333333333
1989-06-19,44.5,44.75,43.5,44.0,6551200.0,46.826,47.363,42.217666666666666
1989-06-20,44.0,44.0,42.25,43.0,4807600.0,45.726,47.213,42.371833333333335
1989-06-21,43.0,43.5,42.25,42.5,4659200.0,44.3,47.063,42.5135
1989-06-22,42.5,43.75,42.0,43.25,4911200.0,43.45,46.838,42.6635
1989-06-23,43.25,44.25,43.25,43.88,4438800.0,43.326,46.6195,42.815666666666665
1989-06-26,44.0,44.0,43.25,43.5,6568800.0,43.226,46.3695,42.94683333333333
1989-06-27,43.75,44.25,42.5,42.63,3788000.0,43.152,46.126,43.074
1989-06-28,42.25,42.25,41.0,41.75,9190800.0,43.001999999999995,45.826,43.194833333333335
1989-06-29,41.0,41.25,40.0,40.63,8351200.0,42.477999999999994,45.42,43.288666666666664
1989-06-30,40.5,41.75,39.5,41.25,5885600.0,41.952,45.0325,43.37616666666666
1989-07-03,41.75,41.75,40.75,40.75,1730800.0,41.402,44.72,43.43233333333333
1989-07-05,40.5,40.75,40.0,40.5,4264400.0,40.976,44.4075,43.49066666666667
1989-07-06,40.75,41.75,40.25,41.25,6218000.0,40.876,44.0575,43.549
1989-07-07,41.25,42.0,40.5,41.25,3806400.0,41.0,43.7385,43.594833333333334
1989-07-10,41.0,41.25,40.0,40.5,7294400.0,40.85,43.4135,43.628166666666665
1989-07-11,40.75,41.0,39.75,39.75,8729200.0,40.65,43.025999999999996,43.64483333333333
1989-07-12,39.75,40.25,39.5,40.0,4452000.0,40.55,42.601,43.657333333333334
1989-07-13,40.0,41.0,39.5,40.63,8057600.0,40.426,42.150999999999996,43.66566666666667
1989-07-14,40.75,41.0,39.75,40.75,9206800.0,40.326,41.8135,43.6635
1989-07-17,40.75,41.25,39.75,40.75,4694400.0,40.376,41.626,43.6635
1989-07-18,40.75,40.75,38.75,39.25,17050800.0,40.275999999999996,41.3885,43.64883333333333
1989-07-19,39.5,40.75,39.0,40.5,8543200.0,40.376,41.2635,43.655
1989-07-20,40.75,41.25,39.75,40.0,8448800.0,40.25,41.1385,43.655
1989-07-21,39.75,40.0,39.0,40.0,4993600.0,40.1,40.976,43.65916666666667
1989-07-24,39.75,39.75,39.25,39.25,4154800.0,39.8,40.7445,43.657000000000004
1989-07-25,39.25,39.75,38.0,38.75,7502400.0,39.7,40.507,43.652833333333334
1989-07-26,38.25,38.5,37.75,38.25,8363600.0,39.25,40.288,43.64033333333334
1989-07-27,38.25,39.5,38.0,39.25,6193200.0,39.1,40.163,43.62983333333333
1989-07-28,39.25,39.75,39.0,39.38,4274400.0,38.976,40.1005,43.61533333333333
1989-07-31,39.25,40.0,39.0,39.75,4014800.0,39.076,40.0255,43.594500000000004
1989-08-01,39.75,40.25,39.25,39.88,4996800.0,39.302,39.982000000000006,43.5675
1989-08-02,39.75,40.5,39.5,40.5,3633600.0,39.751999999999995,39.982000000000006,43.538333333333334
1989-08-03,40.5,41.5,40.5,41.25,6185600.0,40.152,39.982000000000006,43.517500000000005
1989-08-04,41.25,42.75,41.13,42.75,6564400.0,40.826,40.057,43.50916666666667
1989-08-07,43.0,44.0,42.63,43.75,6012000.0,41.626,40.219500000000004,43.507
1989-08-08,43.5,44.75,43.5,44.13,7366400.0,42.476,40.438500000000005,43.49249999999999
1989-08-09,44.0,45.75,43.88,44.0,6975600.0,43.176,40.63850000000001,43.45916666666666
1989-08-10,44.0,44.0,42.75,43.25,5442400.0,43.576,40.76950000000001,43.42366666666666
1989-08-11,44.0,44.0,41.25,41.88,8226800.0,43.402,40.82600000000001,43.36749999999999
1989-08-14,41.5,42.0,40.5,40.75,3690800.0,42.80200000000001,40.82600000000001,43.30083333333333
1989-08-15,40.75,41.5,40.75,41.38,5852000.0,42.251999999999995,40.932500000000005,43.227999999999994
1989-08-16,41.5,41.75,40.0,40.38,4318800.0,41.528,40.926500000000004,43.13433333333333
1989-08-17,40.25,41.25,40.0,41.0,5495600.0,41.077999999999996,40.9765,43.059333333333335
1989-08-18,41.75,42.5,41.5,42.25,3003600.0,41.152,41.089000000000006,42.967666666666666
1989-08-21,42.25,43.25,42.0,42.25,4923600.0,41.452,41.239000000000004,42.867666666666665
1989-08-22,42.0,43.0,42.0,42.88,4013200.0,41.751999999999995,41.4455,42.773999999999994
1989-08-23,43.0,44.25,42.5,43.75,6202400.0,42.426,41.7205,42.711499999999994
1989-08-24,43.75,44.5,43.5,44.13,5829200.0,43.05200000000001,41.9645,42.65116666666666
1989-08-25,44.0,45.0,44.0,44.75,5766400.0,43.55200000000001,42.233000000000004,42.5845
1989-08-28,44.5,45.0,44.0,44.75,2936800.0,44.05200000000001,42.483000000000004,42.51366666666666
1989-08-29,44.75,45.0,43.75,44.13,6339200.0,44.302,42.695499999999996,42.46583333333333
1989-08-30,44.0,44.75,44.0,44.5,4161200.0,44.452,42.8955,42.42833333333333
1989-08-31,44.5,45.0,44.25,44.5,2016400.0,44.525999999999996,43.058,42.36583333333333
1989-09-01,44.5,44.75,44.25,44.63,2651200.0,44.501999999999995,43.152,42.31583333333334
1989-09-05,44.5,45.38,44.5,44.75,4112400.0,44.501999999999995,43.202,42.278333333333336
1989-09-06,44.75,44.88,44.0,44.75,3108800.0,44.626,43.233,42.2325
1989-09-07,44.75,45.5,44.75,44.75,4083200.0,44.676,43.2705,42.17
1989-09-08,44.75,45.25,44.5,45.0,2013200.0,44.775999999999996,43.358,42.09283333333334
1989-09-11,44.75,46.0,44.5,45.75,3522000.0,45.0,43.5515,42.06366666666667
1989-09-12,45.5,46.75,45.0,46.0,3710800.0,45.25,43.814,42.08866666666667
1989-09-13,46.25,46.63,45.0,45.0,4616400.0,45.3,43.995,42.105333333333334
1989-09-14,45.0,45.25,44.5,44.75,4693600.0,45.3,44.213499999999996,42.1345
1989-09-15,45.0,45.25,44.25,45.0,4470800.0,45.3,44.4135,42.17616666666667
1989-09-18,44.5,45.0,44.0,44.0,2264400.0,44.95,44.501,42.18866666666667
1989-09-19,44.25,44.5,43.0,43.25,2888800.0,44.4,44.551,42.17816666666667
1989-09-20,44.0,45.0,43.75,44.63,4230800.0,44.326,44.6385,42.197
1989-09-21,45.0,46.0,44.25,44.75,7186800.0,44.326,44.6885,42.23233333333334
1989-09-22,44.75,45.25,44.25,44.88,2605600.0,44.30200000000001,44.726,42.284499999999994
1989-09-25,44.75,45.75,44.75,45.25,4875600.0,44.55200000000001,44.751,42.3615
1989-09-26,45.0,45.5,44.75,45.25,2762400.0,44.952000000000005,44.775999999999996,42.42816666666667
1989-09-27,44.25,45.13,44.0,44.75,3229200.0,44.976,44.807,42.49483333333333
1989-09-28,45.0,45.75,45.0,45.5,2856800.0,45.126,44.857,42.57816666666667
1989-09-29,45.25,45.5,44.5,44.5,2500800.0,45.05,44.857,42.632333333333335
1989-10-02,44.5,44.75,43.75,44.38,4922400.0,44.876,44.8445,42.6845
1989-10-03,44.25,44.5,43.13,43.63,6094400.0,44.552,44.7885,42.73666666666667
1989-10-04,43.75,44.63,43.5,44.25,5687600.0,44.452,44.7635,42.811666666666675
1989-10-05,44.5,46.5,44.25,45.5,8760000.0,44.452,44.801,42.903333333333336
1989-10-06,46.25,48.25,46.0,48.13,12939200.0,45.178,44.957499999999996,43.028333333333336
1989-10-09,48.0,49.75,47.5,49.5,6997600.0,46.202,45.144999999999996,43.17416666666667
1989-10-10,49.75,50.38,48.5,49.5,10262400.0,47.376,45.32,43.32000000000001
1989-10-11,48.75,49.25,48.0,48.88,5608800.0,48.30200000000001,45.513999999999996,43.4805
1989-10-12,49.0,49.25,48.5,48.75,2969200.0,48.952000000000005,45.714,43.618
1989-10-13,48.75,49.5,45.0,45.75,7195600.0,48.476,45.7515,43.71383333333333
1989-10-16,44.75,46.75,42.5,46.75,15184400.0,47.926,45.888999999999996,43.82633333333333
1989-10-17,46.0,48.75,45.0,47.25,8935600.0,47.476,46.089,43.959666666666664
1989-10-18,46.5,48.25,46.0,48.25,5157600.0,47.35,46.269999999999996,44.118
1989-10-19,48.25,49.5,48.25,48.75,4016800.0,47.35,46.47,44.293
1989-10-20,47.75,49.25,47.5,48.0,9350800.0,47.8,46.626,44.438833333333335
1989-10-23,48.0,48.25,46.25,46.75,4375600.0,47.8,46.701,44.56166666666666
1989-10-24,46.25,48.5,45.25,47.63,7735600.0,47.876,46.82000000000001,44.693
1989-10-25,47.75,47.75,46.25,46.5,4263600.0,47.525999999999996,46.907500000000006,44.80333333333333
1989-10-26,45.5,46.5,45.0,45.25,6048000.0,46.826,46.895,44.8825
1989-10-27,45.25,45.75,44.5,45.25,4634400.0,46.275999999999996,46.932500000000005,44.94916666666666
1989-10-30,45.5,46.0,45.0,45.75,3121200.0,46.076,47.001,44.99916666666666
1989-10-31,45.75,46.5,45.5,46.5,3288800.0,45.85,47.14450000000001,45.044999999999995
1989-11-01,46.25,46.75,45.75,46.13,2199200.0,45.775999999999996,47.2385,45.07833333333334
1989-11-02,45.0,45.0,43.0,44.0,16170800.0,45.525999999999996,47.163500000000006,45.07833333333334
1989-11-03,44.0,44.5,43.25,43.25,6258800.0,45.126,46.919500000000006,45.07833333333334
1989-11-06,43.5,44.0,43.0,43.25,4416400.0,44.626,46.607000000000006,45.10116666666667
1989-11-07,43.25,44.5,43.25,44.0,5406800.0,44.126,46.33200000000001,45.15533333333334
1989-11-08,44.25,45.25,44.25,45.0,5102000.0,43.9,46.138000000000005,45.21566666666667
1989-11-09,45.0,46.0,44.5,46.0,3166400.0,44.3,46.0005,45.309333333333335
1989-11-10,45.75,47.0,45.75,46.75,2336800.0,45.0,46.05050000000001,45.405166666666666
1989-11-13,46.5,47.25,46.5,46.5,2445600.0,45.65,46.038000000000004,45.476
1989-11-14,46.5,46.75,44.5,44.75,3021200.0,45.8,45.913000000000004,45.51766666666666
1989-11-15,45.0,45.25,44.0,44.25,3499200.0,45.65,45.71300000000001,45.5405
1989-11-16,44.5,44.75,43.75,44.75,3453600.0,45.4,45.513000000000005,45.557166666666674
1989-11-17,44.5,45.25,44.5,44.75,3164400.0,45.0,45.350500000000004,45.5675
1989-11-20,45.0,45.5,44.5,45.25,3870800.0,44.75,45.27550000000001,45.575833333333335
1989-11-21,45.25,46.5,45.25,45.25,5013600.0,44.85,45.15650000000001,45.58416666666667
1989-11-22,45.5,45.75,44.5,44.75,3508000.0,44.95,45.069,45.594500000000004
1989-11-24,44.75,45.0,44.75,44.75,1014400.0,44.95,45.044000000000004,45.59866666666667
1989-11-27,44.75,45.25,43.75,44.0,3774800.0,44.8,44.981500000000004,45.590333333333334
1989-11-28,43.75,44.25,42.75,44.13,4854400.0,44.576,44.90050000000001,45.582
1989-11-29,43.5,44.25,42.5,44.0,5475200.0,44.326,44.7755,45.5695
1989-11-30,43.75,44.5,43.5,44.25,2280800.0,44.226,44.6815,45.561166666666665
1989-12-01,44.5,45.0,43.63,44.0,5235200.0,44.076,44.6815,45.54866666666667
1989-12-04,43.75,45.5,43.75,45.25,3498000.0,44.326,44.7815,45.55283333333333
1989-12-05,45.25,45.75,44.5,45.0,4364800.0,44.5,44.869,45.540333333333336
1989-12-06,45.0,45.25,41.0,42.75,11965600.0,44.25,44.8065,45.48616666666667
1989-12-07,42.25,43.25,42.0,42.75,6378800.0,43.95,44.694,45.44866666666667
1989-12-08,42.5,43.0,41.25,41.75,9032400.0,43.5,44.4815,45.39866666666667
1989-12-11,41.0,41.5,38.38,39.25,23223200.0,42.3,44.1065,45.30283333333333
1989-12-12,39.25,39.5,35.0,36.0,36634400.0,40.5,43.5815,45.1695
1989-12-13,36.0,36.5,35.5,36.0,13920000.0,39.15,43.144,45.04866666666667
1989-12-14,35.75,36.13,34.5,34.88,10886400.0,37.57600000000001,42.6755,44.88616666666666
1989-12-15,34.75,35.0,32.5,33.75,18520800.0,35.976,42.1255,44.702833333333324
1989-12-18,33.75,35.0,33.75,34.75,10978000.0,35.076,41.6255,44.534
1989-12-19,34.5,35.5,34.5,35.0,8977600.0,34.876,41.113,44.363166666666665
1989-12-20,35.75,36.25,35.25,35.75,6377600.0,34.826,40.638,44.20483333333333
1989-12-21,35.75,36.25,35.5,36.25,10889200.0,35.1,40.213,44.06316666666667
1989-12-22,36.25,37.25,36.0,36.5,6610800.0,35.65,39.8005,43.91316666666667
1989-12-26,36.75,36.75,35.25,35.5,4849200.0,35.8,39.3755,43.76316666666666
1989-12-27,35.5,35.75,35.0,35.13,9189200.0,35.826,38.9255,43.609
1989-12-28,35.0,35.25,34.25,34.63,5403200.0,35.602,38.457,43.458999999999996
1989-12-29,34.75,35.75,34.38,35.25,5445200.0,35.402,38.007,43.309
1990-01-02,35.25,37.5,35.0,37.25,6555600.0,35.552,37.6695,43.1715
1990-01-03,38.0,38.0,37.5,37.5,7444400.0,35.952,37.282,42.99433333333333
1990-01-04,38.25,38.75,37.25,37.63,7928800.0,36.452,36.9135,42.7965
1990-01-05,37.75,38.25,37.0,37.75,4406400.0,37.076,36.6635,42.60066666666667
1990-01-08,37.5,38.0,37.0,38.0,3643200.0,37.626,36.426,42.41933333333334
1990-01-09,38.0,38.0,37.0,37.63,3096800.0,37.702000000000005,36.22,42.234
1990-01-10,37.63,37.63,35.75,36.0,7140000.0,37.402,36.0575,42.0715
1990-01-11,36.25,36.25,34.5,34.5,7547600.0,36.775999999999996,35.9825,41.867333333333335
1990-01-12,34.25,34.75,33.75,34.5,6150000.0,36.126,35.9075,41.654833333333336
1990-01-15,34.5,35.75,34.25,34.25,5785600.0,35.376,35.876,41.4215
1990-01-16,33.5,35.0,32.75,34.88,7658000.0,34.826,35.9325,41.190333333333335
1990-01-17,34.75,34.75,33.0,33.25,7050000.0,34.275999999999996,35.8575,40.9445
1990-01-18,33.0,33.5,32.25,32.38,9760800.0,33.852,35.7265,40.705000000000005
1990-01-19,33.75,34.5,33.5,34.25,9485600.0,33.802,35.6515,40.482
1990-01-22,34.0,34.5,33.25,33.25,5200800.0,33.602,35.5015,40.26116666666667
1990-01-23,33.75,34.25,33.0,33.75,5048800.0,33.376,35.364,40.0695
1990-01-24,32.5,34.25,32.25,34.0,6077600.0,33.525999999999996,35.289,39.882
1990-01-25,34.25,34.75,34.0,34.13,3996800.0,33.876,35.239,39.68833333333334
1990-01-26,34.0,34.0,32.25,32.75,6492000.0,33.576,35.144999999999996,39.45916666666667
1990-01-29,33.0,33.5,32.13,33.25,4284800.0,33.576,35.045,39.2445
1990-01-30,33.25,34.5,33.0,34.0,4180800.0,33.626,34.8825,39.07783333333334
1990-01-31,34.5,34.75,33.0,34.0,5152400.0,33.626,34.707499999999996,38.92366666666667
1990-02-01,34.5,34.63,33.5,33.63,4193200.0,33.526,34.5075,38.763333333333335
1990-02-02,33.25,34.75,33.25,34.25,4248800.0,33.826,34.332499999999996,38.600833333333334
1990-02-05,34.25,35.25,34.0,35.0,3653200.0,34.176,34.1825,38.43416666666667
1990-02-06,34.75,35.0,34.0,34.75,2640000.0,34.326,34.0385,38.24666666666667
1990-02-07,33.0,34.0,32.5,33.25,11180800.0,34.176,33.900999999999996,38.02166666666667
1990-02-08,33.25,33.5,32.25,33.0,6680000.0,34.05,33.826,37.79666666666667
1990-02-09,33.5,34.5,33.25,34.25,6004400.0,34.05,33.8135,37.62166666666667
1990-02-12,34.25,34.5,33.75,34.0,2695600.0,33.85,33.801,37.450833333333335
1990-02-13,34.0,35.0,33.75,34.5,3653600.0,33.8,33.782,37.28
1990-02-14,34.5,34.75,33.75,34.25,3448000.0,34.0,33.832,37.105000000000004
1990-02-15,33.75,34.25,33.5,34.25,3509200.0,34.25,33.9255,36.92166666666667
1990-02-16,34.25,34.5,33.75,33.75,4556400.0,34.15,33.9005,36.730000000000004
1990-02-20,33.5,33.75,33.0,33.5,4402400.0,34.05,33.913,36.542500000000004
1990-02-21,32.75,34.25,32.5,34.0,6283600.0,33.95,33.9255,36.36333333333334
1990-02-22,34.0,34.5,33.0,33.0,6976800.0,33.7,33.8755,36.18
1990-02-23,32.75,33.5,32.75,33.25,5375600.0,33.5,33.8315,35.998666666666665
1990-02-26,33.0,34.25,33.0,34.0,2844800.0,33.55,33.894,35.832
1990-02-27,34.0,34.25,33.5,33.5,2642000.0,33.55,33.9065,35.652833333333334
1990-02-28,33.5,34.0,33.25,34.0,3918800.0,33.55,33.9065,35.48616666666667
1990-03-01,33.5,34.75,33.25,34.25,7283200.0,33.8,33.919,35.30283333333333
1990-03-02,33.5,34.75,33.25,33.75,3761200.0,33.9,33.925,35.11533333333333
1990-03-05,33.5,34.75,33.5,34.5,6537600.0,34.0,33.9375,34.977833333333336
1990-03-06,35.0,35.25,34.5,35.25,5578800.0,34.35,33.95,34.852833333333336
1990-03-07,35.0,36.0,35.0,35.38,7301200.0,34.626,33.9815,34.74666666666666
1990-03-08,35.75,37.0,35.0,36.75,8013600.0,35.126,34.1565,34.705000000000005
1990-03-09,36.75,37.5,36.25,36.88,8248800.0,35.751999999999995,34.3505,34.71966666666667
1990-03-12,37.25,37.5,36.25,36.63,5864400.0,36.178,34.4695,34.73016666666667
1990-03-13,36.5,37.25,36.25,36.88,5321200.0,36.504000000000005,34.6135,34.7635
1990-03-14,36.75,37.25,36.5,37.0,3654800.0,36.828,34.7385,34.81766666666667
1990-03-15,36.5,38.0,36.5,36.75,4302000.0,36.828,34.8635,34.851
1990-03-16,40.0,40.75,39.13,40.25,23042400.0,37.502,35.1635,34.9385
1990-03-19,40.5,42.5,40.0,42.38,15433200.0,38.652,35.595000000000006,35.049
1990-03-20,42.25,43.0,40.75,41.38,13984400.0,39.552,35.989000000000004,35.1345
1990-03-21,41.25,42.25,41.25,41.63,5463200.0,40.477999999999994,36.37050000000001,35.22
1990-03-22,41.75,42.25,40.75,40.75,8292400.0,41.278,36.758,35.3075
1990-03-23,41.25,43.0,41.0,42.25,8155200.0,41.678,37.208000000000006,35.42616666666666
1990-03-26,42.5,43.38,42.0,42.25,4581200.0,41.652,37.62050000000001,35.55316666666667
1990-03-27,42.0,42.25,41.25,42.0,3033600.0,41.775999999999996,38.045500000000004,35.66566666666667
1990-03-28,42.0,42.13,41.0,41.25,3696800.0,41.7,38.408,35.73233333333334
1990-03-29,41.0,41.5,40.75,41.13,3472000.0,41.776,38.752,35.792833333333334
1990-03-30,40.0,41.0,40.0,40.25,7986400.0,41.376,39.077000000000005,35.8365
1990-04-02,40.0,40.63,39.5,40.25,5332000.0,40.976,39.36450000000001,35.878166666666665
1990-04-03,40.5,41.75,40.5,41.75,5006400.0,40.926,39.6895,35.940666666666665
1990-04-04,41.5,42.0,40.75,41.25,5363200.0,40.926,39.983000000000004,36.001
1990-04-05,41.0,41.25,40.0,40.25,3877600.0,40.75,40.158,36.07183333333333
1990-04-06,40.25,41.25,39.75,39.88,4235600.0,40.676,40.30800000000001,36.161500000000004
1990-04-09,39.75,41.5,39.5,41.13,3771200.0,40.852,40.533,36.272000000000006
1990-04-10,41.25,42.0,41.0,41.25,4695600.0,40.751999999999995,40.75150000000001,36.38866666666667
1990-04-11,41.5,43.0,41.5,42.5,7620000.0,41.001999999999995,41.026500000000006,36.51566666666667
1990-04-12,43.0,44.0,42.5,43.25,7566800.0,41.602,41.3515,36.68233333333333
1990-04-16,43.5,44.25,43.25,43.75,8116400.0,42.376,41.526500000000006,36.871833333333335
1990-04-17,43.25,43.5,42.75,43.25,4683600.0,42.8,41.57000000000001,37.02183333333333
1990-04-18,43.25,43.75,42.5,43.25,6925200.0,43.2,41.6635,37.1885
1990-04-19,41.75,43.13,40.0,40.25,17215600.0,42.75,41.5945,37.29683333333333
1990-04-20,40.88,41.5,39.75,40.25,11573600.0,42.15,41.5695,37.400999999999996
1990-04-23,40.25,40.5,39.5,39.75,4597600.0,41.35,41.4445,37.494666666666674
1990-04-24,40.0,40.5,38.5,38.75,10852000.0,40.45,41.2695,37.59466666666667
1990-04-25,38.75,39.0,38.25,38.75,4743200.0,39.55,41.107,37.68633333333334
1990-04-26,39.0,39.5,38.13,38.88,5098000.0,39.275999999999996,40.9885,37.76766666666666
1990-04-27,39.0,39.5,38.75,39.13,4178800.0,39.05200000000001,40.8885,37.85316666666667
1990-04-30,39.25,39.75,39.0,39.38,4888800.0,38.978,40.845,37.949
1990-05-01,39.75,40.0,39.38,39.63,5845200.0,39.154,40.814,38.03866666666667
1990-05-02,39.75,40.0,39.25,39.75,4857600.0,39.354,40.714,38.11783333333334
1990-05-03,39.75,40.25,39.75,40.0,5950800.0,39.577999999999996,40.6515,38.205333333333336
1990-05-04,40.0,40.75,39.25,40.0,6063200.0,39.751999999999995,40.638999999999996,38.31783333333333
1990-05-07,39.75,41.75,39.75,41.5,4866400.0,40.176,40.72,38.459500000000006
1990-05-08,41.0,42.0,41.0,41.75,4025600.0,40.6,40.751,38.584500000000006
1990-05-09,41.63,42.0,41.25,41.88,3491200.0,41.025999999999996,40.7825,38.715833333333336
1990-05-10,41.75,41.75,40.5,41.38,6413600.0,41.30200000000001,40.7265,38.8305
1990-05-11,41.38,42.75,40.75,42.63,7691200.0,41.828,40.695499999999996,38.970166666666664
1990-05-14,42.75,42.75,41.25,41.75,8088000.0,41.878,40.5955,39.095166666666664
1990-05-15,41.38,42.0,41.0,41.75,5343600.0,41.878,40.5205,39.228500000000004
1990-05-16,41.75,41.75,41.0,41.63,3139200.0,41.827999999999996,40.439499999999995,39.364000000000004
1990-05-17,41.75,42.25,41.0,41.5,5488000.0,41.852,40.501999999999995,39.489000000000004
1990-05-18,41.25,41.5,39.5,39.75,9248000.0,41.275999999999996,40.477,39.6015
1990-05-21,39.5,40.0,38.75,39.5,9382400.0,40.826,40.4645,39.705666666666666
1990-05-22,40.13,41.5,40.0,41.38,10772000.0,40.751999999999995,40.596,39.82866666666667
1990-05-23,41.25,42.5,41.25,42.0,7417600.0,40.826,40.7585,39.970333333333336
1990-05-24,42.25,42.25,41.5,42.0,5296400.0,40.926,40.9145,40.10366666666667
1990-05-25,39.5,40.75,39.0,40.0,11562400.0,40.976,40.958,40.19950000000001
1990-05-29,40.0,41.25,39.25,41.0,8689200.0,41.275999999999996,41.039,40.32033333333334
1990-05-30,41.63,41.75,41.25,41.38,9890000.0,41.276,41.1265,40.434999999999995
1990-05-31,41.5,41.5,41.0,41.25,3682400.0,41.126,41.201499999999996,40.535
1990-06-01,41.38,42.0,40.75,40.75,5624400.0,40.876,41.239,40.6245
1990-06-04,40.75,41.0,39.75,40.75,6412400.0,41.025999999999996,41.2765,40.69116666666666
1990-06-05,41.0,41.0,39.0,39.5,10702000.0,40.726,41.1765,40.73483333333333
1990-06-06,39.0,39.5,38.75,39.5,7563600.0,40.35,41.064,40.782666666666664
1990-06-07,39.5,39.75,38.5,39.0,6668800.0,39.9,40.92,40.818
1990-06-08,38.5,38.5,37.5,38.25,11926800.0,39.4,40.7635,40.83883333333333
1990-06-11,37.75,39.0,37.75,39.0,5661200.0,39.05,40.582,40.876333333333335
1990-06-12,39.13,40.5,38.75,40.5,5902000.0,39.25,40.5195,40.8805
1990-06-13,40.38,40.75,39.75,39.75,4963600.0,39.3,40.4195,40.836666666666666
1990-06-14,40.0,40.25,39.25,39.75,5018000.0,39.45,40.3255,40.80949999999999
1990-06-15,39.75,40.0,39.13,39.5,5163600.0,39.7,40.2255,40.774
1990-06-18,39.25,39.5,39.0,39.25,3988800.0,39.75,40.2005,40.749
1990-06-19,39.0,39.75,38.38,39.63,5623600.0,39.576,40.20700000000001,40.705333333333336
1990-06-20,39.88,40.25,39.75,40.0,5530000.0,39.626,40.138,40.667833333333334
1990-06-21,40.0,42.0,40.0,41.88,7455600.0,40.052,40.132000000000005,40.66583333333334
1990-06-22,42.0,42.63,41.25,41.5,10154400.0,40.452,40.107000000000006,40.67
1990-06-25,41.5,41.75,40.25,41.25,4378000.0,40.852,40.169500000000006,40.672000000000004
1990-06-26,41.75,42.0,40.38,40.63,4558800.0,41.052,40.151,40.678333333333335
1990-06-27,40.75,42.0,40.25,41.5,3490800.0,41.352,40.157000000000004,40.69916666666667
1990-06-28,42.75,43.25,41.75,43.0,8930000.0,41.576,40.2445,40.720000000000006
1990-06-29,43.0,44.88,42.75,44.75,11622000.0,42.226,40.444500000000005,40.778333333333336
1990-07-02,44.5,44.5,43.75,44.0,4856400.0,42.775999999999996,40.607000000000006,40.840833333333336
1990-07-03,43.88,44.5,43.75,44.0,3572400.0,43.45,40.83200000000001,40.9095
1990-07-05,43.75,44.25,43.25,43.5,3859200.0,43.85,41.032000000000004,40.949
1990-07-06,43.5,45.0,43.25,44.75,7481200.0,44.2,41.319500000000005,41.007333333333335
1990-07-09,45.0,47.0,44.75,46.63,11281200.0,44.57600000000001,41.7385,41.07616666666666
1990-07-10,47.0,47.5,46.75,47.0,12923600.0,45.176,42.13850000000001,41.13866666666666
1990-07-11,46.75,47.0,45.75,47.0,8808800.0,45.775999999999996,42.4635,41.192833333333326
1990-07-12,46.75,47.5,46.5,47.38,6537600.0,46.552,42.845000000000006,41.26166666666666
1990-07-13,47.5,47.75,46.75,46.75,8254400.0,46.952,43.19500000000001,41.32
1990-07-16,46.75,47.13,45.25,45.63,6428000.0,46.751999999999995,43.50150000000001,41.409666666666666
1990-07-17,45.75,46.0,44.0,44.25,4892000.0,46.202,43.75150000000001,41.47633333333333
1990-07-18,44.5,45.0,43.0,44.63,10309200.0,45.727999999999994,44.00150000000001,41.55766666666667
1990-07-19,40.75,42.5,40.0,41.75,20932400.0,44.602,44.089,41.60766666666667
1990-07-20,42.0,42.5,40.75,41.0,6858000.0,43.452,44.045,41.64516666666667
1990-07-23,41.0,41.75,40.0,41.5,9655200.0,42.626,44.045,41.68883333333334
1990-07-24,42.0,42.25,41.0,42.13,6928800.0,42.202000000000005,44.089,41.73883333333333
1990-07-25,42.0,43.25,41.75,42.25,3762400.0,41.726,44.17,41.78666666666666
1990-07-26,42.25,42.5,41.0,41.38,2885600.0,41.652,44.164,41.81583333333333
1990-07-27,41.25,41.75,40.5,41.38,2240000.0,41.727999999999994,44.083,41.842999999999996
1990-07-30,40.75,42.5,40.75,42.38,3058800.0,41.903999999999996,43.9645,41.882666666666665
1990-07-31,42.5,42.75,41.5,42.0,3444800.0,41.878,43.8645,41.916000000000004
1990-08-01,42.0,42.75,41.5,42.38,3350800.0,41.904,43.7835,41.93066666666667
1990-08-02,41.25,43.75,41.25,43.5,7973600.0,42.328,43.7835,41.959833333333336
1990-08-03,43.5,43.75,39.75,41.25,9609200.0,42.30200000000001,43.6085,41.949333333333335
1990-08-06,39.0,40.5,38.5,39.5,6425600.0,41.726,43.251999999999995,41.918000000000006
1990-08-07,40.25,40.63,38.75,39.5,7096400.0,41.226,42.876999999999995,41.865833333333335
1990-08-08,39.5,40.75,39.5,40.13,3674400.0,40.775999999999996,42.5335,41.83883333333333
1990-08-09,40.25,40.5,39.25,39.5,3443600.0,39.976,42.1395,41.80133333333333
1990-08-10,38.75,39.25,38.25,38.75,3683600.0,39.476,41.7395,41.75333333333333
1990-08-13,38.0,40.0,37.88,39.88,5584400.0,39.552,41.452,41.72633333333333
1990-08-14,40.0,40.0,39.25,39.75,3520800.0,39.602,41.227,41.72633333333333
1990-08-15,40.0,40.25,39.25,39.25,3292000.0,39.426,40.958,41.722166666666666
1990-08-16,39.0,39.63,38.5,38.5,4438800.0,39.226,40.7955,41.674166666666665
1990-08-17,38.5,38.5,35.75,36.5,8806400.0,38.775999999999996,40.570499999999996,41.582499999999996
1990-08-20,36.5,37.5,36.25,36.75,2681200.0,38.15,40.333,41.495
1990-08-21,35.75,36.75,35.25,36.25,5769200.0,37.45,40.039,41.4325
1990-08-22,37.0,37.0,34.88,35.13,4395600.0,36.626,39.683,41.334666666666664
1990-08-23,34.25,35.0,33.5,34.5,5138800.0,35.826,39.339,41.220000000000006
1990-08-24,35.25,36.0,34.75,35.5,2634400.0,35.626,39.045,41.124166666666675
1990-08-27,36.75,38.0,36.25,37.75,4214800.0,35.826,38.8135,41.07416666666667
1990-08-28,37.5,38.38,37.25,38.13,2877600.0,36.202000000000005,38.62,41.0305
1990-08-29,38.0,38.13,36.75,37.25,5407600.0,36.626,38.3635,40.99300000000001
1990-08-30,37.25,37.5,36.0,36.25,4388800.0,36.976,38.001,40.93883333333334
1990-08-31,36.0,37.25,36.0,37.0,3570000.0,37.275999999999996,37.7885,40.9055
1990-09-04,36.5,37.5,36.5,37.0,2974800.0,37.126,37.6635,40.884666666666675
1990-09-05,37.25,37.25,35.75,36.0,2292000.0,36.7,37.4885,40.83466666666667
1990-09-06,35.5,36.0,35.25,35.75,3134800.0,36.4,37.2695,40.755500000000005
1990-09-07,35.5,36.75,35.13,36.38,2098800.0,36.426,37.1135,40.699333333333335
1990-09-10,37.0,37.0,35.75,35.75,2732400.0,36.176,36.963499999999996,40.632666666666665
1990-09-11,36.0,36.13,33.75,34.0,6370800.0,35.576,36.669500000000006,40.541000000000004
1990-09-12,34.5,34.5,33.5,34.0,3600800.0,35.176,36.382000000000005,40.4535
1990-09-13,34.5,34.75,33.0,33.75,3492400.0,34.775999999999996,36.107000000000006,40.3555
1990-09-14,33.5,34.25,33.25,34.0,4084400.0,34.3,35.882000000000005,40.2555
1990-09-17,34.0,35.25,33.5,33.75,2782000.0,33.9,35.7445,40.12
1990-09-18,33.75,33.75,33.0,33.38,4456400.0,33.775999999999996,35.57600000000001,39.98466666666666
1990-09-19,33.25,33.75,32.0,32.5,6536800.0,33.476,35.38850000000001,39.83883333333333
1990-09-20,32.25,32.25,31.25,31.62,3607600.0,33.05,35.21300000000001,39.68866666666666
1990-09-21,32.0,32.5,31.0,31.5,5503600.0,32.55,35.063,39.522
1990-09-24,31.5,31.5,29.75,30.25,4961200.0,31.85,34.80050000000001,39.30949999999999
1990-09-25,30.5,30.75,29.25,30.0,5642000.0,31.174,34.413000000000004,39.06366666666666
1990-09-26,30.0,30.5,29.75,29.75,3363200.0,30.624000000000002,33.99400000000001,38.82616666666666
1990-09-27,30.0,30.5,28.0,28.25,5085600.0,29.95,33.544000000000004,38.56366666666666
1990-09-28,28.5,29.0,27.25,29.0,6291200.0,29.45,33.18150000000001,38.321999999999996
1990-10-01,29.5,31.0,29.25,30.5,5581200.0,29.5,32.856500000000004,38.0845
1990-10-02,31.0,32.0,29.5,29.62,9699200.0,29.424,32.4875,37.80100000000001
1990-10-03,29.75,29.75,26.75,27.0,9591200.0,28.874000000000002,32.0375,37.46766666666667
1990-10-04,26.75,28.0,26.25,28.0,7638800.0,28.824,31.65,37.151
1990-10-05,27.0,28.75,27.0,28.0,3572000.0,28.624000000000002,31.230999999999995,36.828
1990-10-08,28.75,29.25,28.25,29.12,2218800.0,28.348000000000003,30.899499999999996,36.53416666666667
1990-10-09,28.5,29.0,27.75,28.0,4321200.0,28.024,30.5995,36.24033333333333
1990-10-10,27.25,28.0,26.0,26.5,5283600.0,27.924,30.2245,35.9445
1990-10-11,26.75,27.87,25.5,27.75,7376800.0,27.874000000000002,29.924500000000002,35.66316666666667
1990-10-12,28.25,28.5,27.0,28.25,8169200.0,27.924,29.637,35.43816666666667
1990-10-15,28.5,28.75,26.62,27.75,7190000.0,27.65,29.337,35.217333333333336
1990-10-16,27.5,27.5,24.25,25.0,10913200.0,27.05,28.917999999999996,34.94233333333333
1990-10-17,25.25,26.5,25.0,26.5,11059200.0,27.05,28.617999999999995,34.68183333333334
1990-10-18,26.5,28.75,26.5,28.5,11255600.0,27.2,28.461999999999996,34.452666666666666
1990-10-19,31.25,31.75,30.25,31.37,33363200.0,27.824,28.455499999999994,34.285833333333336
1990-10-22,31.5,31.5,30.5,31.12,9041200.0,28.498,28.498999999999995,34.11483333333334
1990-10-23,31.0,31.5,30.25,31.0,5969200.0,29.698,28.548999999999996,33.92516666666667
1990-10-24,30.75,31.0,30.0,30.5,5079200.0,30.498,28.586499999999994,33.7335
1990-10-25,30.25,31.25,29.62,30.0,5481200.0,30.798000000000002,28.673999999999996,33.527166666666666
1990-10-26,29.75,31.25,29.75,30.0,4811200.0,30.524,28.723999999999997,33.30216666666667
1990-10-29,30.25,30.5,29.75,29.87,4415600.0,30.274,28.692499999999995,33.1125
1990-10-30,29.75,30.75,28.87,30.37,3513600.0,30.148000000000003,28.73,32.96033333333334
1990-10-31,30.5,31.87,30.25,30.75,5331200.0,30.198,28.917499999999997,32.8145
1990-11-01,30.5,31.0,29.75,30.5,3258800.0,30.298000000000002,29.042499999999997,32.654
1990-11-02,30.5,32.38,30.5,31.75,5323200.0,30.648000000000003,29.229999999999997,32.52483333333333
1990-11-05,32.25,33.5,32.0,33.25,6604400.0,31.324,29.436500000000002,32.433166666666665
1990-11-06,33.5,34.5,33.25,33.5,6620800.0,31.95,29.7115,32.32683333333333
1990-11-07,33.5,33.75,32.63,33.25,7254400.0,32.45,30.049,32.2185
1990-11-08,33.0,35.0,33.0,34.5,7136400.0,33.25,30.3865,32.13933333333333
1990-11-09,35.0,35.75,34.5,35.5,7102000.0,34.0,30.749000000000002,32.089333333333336
1990-11-12,35.5,36.75,35.25,36.25,5192000.0,34.6,31.174,32.085166666666666
1990-11-13,36.25,36.5,35.75,36.0,5086400.0,35.1,31.724,32.07266666666667
1990-11-14,35.75,37.25,35.75,37.0,6819200.0,35.85,32.249,32.085166666666666
1990-11-15,36.75,37.0,35.5,36.0,5787600.0,36.15,32.624,32.099666666666664
1990-11-16,35.75,36.0,34.75,35.13,6545200.0,36.076,32.812,32.110166666666665
1990-11-19,35.5,36.38,35.25,36.38,8017600.0,36.102,33.075,32.124833333333335
1990-11-20,36.5,36.75,35.25,35.5,5490800.0,36.001999999999995,33.3,32.08733333333333
1990-11-21,35.25,36.25,34.75,36.13,4400800.0,35.828,33.581500000000005,32.054
1990-11-23,36.25,37.0,36.0,36.38,1911200.0,35.904,33.90050000000001,32.039500000000004
1990-11-26,36.0,37.0,36.0,36.75,2925600.0,36.228,34.23800000000001,32.04783333333334
1990-11-27,37.0,38.25,36.75,37.5,5899200.0,36.452,34.6195,32.05616666666667
1990-11-28,37.75,38.5,36.75,36.75,6250800.0,36.702,34.938500000000005,32.052
1990-11-29,37.0,37.0,36.25,36.75,4528000.0,36.826,35.2385,32.0645
1990-11-30,36.25,37.25,36.25,36.75,4350800.0,36.9,35.551,32.08116666666667
1990-12-03,37.25,38.25,37.0,38.13,5922400.0,37.176,35.870000000000005,32.11033333333333
1990-12-04,37.5,38.75,37.5,38.5,5453200.0,37.376,36.13250000000001,32.156166666666664
1990-12-05,38.5,40.25,37.88,40.13,7822000.0,38.052,36.464000000000006,32.25833333333333
1990-12-06,41.25,41.75,40.5,41.25,19013600.0,38.952,36.864000000000004,32.37916666666667
1990-12-07,41.0,42.75,41.0,42.5,11781200.0,40.102,37.264,32.525
1990-12-10,42.25,42.5,41.5,41.75,8966400.0,40.826,37.5765,32.65416666666667
1990-12-11,41.25,41.5,40.0,40.0,12438000.0,41.126,37.764,32.75833333333333
1990-12-12,39.75,40.0,39.0,39.63,8664400.0,41.026,37.9455,32.8625
1990-12-13,39.5,41.0,39.5,40.75,5752000.0,40.926,38.133,33.0
1990-12-14,40.25,40.5,39.5,39.88,3126400.0,40.402,38.327000000000005,33.13766666666667
1990-12-17,39.0,40.5,39.0,40.13,4683600.0,40.077999999999996,38.577000000000005,33.2815
1990-12-18,41.0,42.5,40.75,42.25,7899200.0,40.528,38.87050000000001,33.4815
1990-12-19,42.5,42.5,41.13,41.88,5036800.0,40.977999999999994,39.1895,33.6795
1990-12-20,41.25,44.5,41.25,44.0,14326400.0,41.628,39.583,33.917
1990-12-21,44.25,45.25,43.5,45.0,12363200.0,42.652,40.013999999999996,34.19616666666666
1990-12-24,44.75,45.0,44.0,44.0,2106800.0,43.426,40.3765,34.44616666666666
1990-12-26,44.0,44.25,43.0,43.75,3682000.0,43.726,40.689,34.667
1990-12-27,43.25,44.0,43.25,43.5,3492000.0,44.05,41.0265,34.89833333333333
1990-12-28,43.25,43.5,42.75,43.0,2285200.0,43.85,41.339,35.165
1990-12-31,43.0,43.25,42.75,43.0,1593200.0,43.45,41.6515,35.415
1991-01-02,42.75,44.0,42.0,43.5,5543600.0,43.35,41.92,35.67333333333333
1991-01-03,43.5,44.25,43.0,43.0,5365600.0,43.2,42.144999999999996,35.90466666666667
1991-01-04,43.0,44.25,43.0,43.25,5062400.0,43.15,42.301,36.158833333333334
1991-01-07,43.0,45.25,43.0,43.25,11111200.0,43.2,42.400999999999996,36.438
1991-01-08,43.75,43.88,42.5,43.25,7816400.0,43.25,42.4385,36.696333333333335
1991-01-09,44.25,46.0,43.75,45.25,16692400.0,43.6,42.6135,36.97966666666667
1991-01-10,45.75,47.25,45.75,47.13,15562400.0,44.426,42.97,37.302666666666674
1991-01-11,47.0,47.25,46.0,47.0,11003200.0,45.176,43.338499999999996,37.66933333333334
1991-01-14,46.0,46.75,46.0,46.25,7535600.0,45.775999999999996,43.6135,37.99850000000001
1991-01-15,46.5,46.75,46.0,46.75,6870000.0,46.476,43.957,38.302666666666674
1991-01-16,47.0,50.0,46.75,49.75,13968800.0,47.376,44.438,38.609
1991-01-17,52.5,52.75,49.0,51.25,21137600.0,48.2,44.888,38.9445
1991-01-18,48.75,50.75,48.5,50.25,33691200.0,48.85,45.3065,39.26533333333334
1991-01-21,49.75,51.5,49.75,50.75,11595200.0,49.75,45.644,39.602833333333336
1991-01-22,51.0,52.5,50.5,51.25,15296400.0,50.65,45.9565,39.957
1991-01-23,51.25,52.25,51.0,51.75,8725600.0,51.05,46.344,40.3195
1991-01-24,51.5,52.75,51.5,52.13,8374400.0,51.226,46.763,40.69050000000001
1991-01-25,52.0,53.63,52.0,53.5,8012000.0,51.876,47.263,41.07600000000001
1991-01-28,53.25,55.25,53.25,54.5,9771200.0,52.626,47.838,41.47183333333334
1991-01-29,54.25,54.5,52.25,53.75,7708800.0,53.126,48.3755,41.85933333333334
1991-01-30,53.25,55.75,53.25,55.5,12043200.0,53.876,48.9755,42.255166666666675
1991-01-31,55.5,56.0,54.75,55.5,8677600.0,54.55,49.6005,42.626000000000005
1991-02-01,55.5,57.88,55.5,55.75,15897600.0,55.0,50.2255,42.99683333333334
1991-02-04,55.75,56.0,55.0,55.25,9569200.0,55.15,50.8255,43.36350000000001
1991-02-05,55.25,58.0,54.75,57.75,12740000.0,55.95,51.5505,43.751000000000005
1991-02-06,57.75,58.25,56.5,56.88,7965200.0,56.226,52.132000000000005,44.10733333333334
1991-02-07,57.0,58.75,55.75,57.75,18587600.0,56.676,52.663,44.46566666666667
1991-02-08,57.5,60.25,57.5,59.88,11220000.0,57.501999999999995,53.307,44.86366666666667
1991-02-11,60.0,61.5,59.75,61.38,11546400.0,58.727999999999994,54.0635,45.27
1991-02-12,61.0,61.25,59.38,60.0,8042000.0,59.178,54.726,45.67
1991-02-13,60.0,60.25,58.0,60.0,9130800.0,59.802,55.2385,46.084500000000006
1991-02-14,60.0,60.0,56.75,57.13,13493200.0,59.678,55.532500000000006,46.43033333333334
1991-02-15,57.25,58.5,57.25,57.63,13067600.0,59.22800000000001,55.9015,46.799166666666665
1991-02-19,57.5,60.25,57.38,60.0,8080800.0,58.952,56.364,47.196999999999996
1991-02-20,59.5,61.75,59.25,61.0,7646800.0,59.152,56.8515,47.60733333333334
1991-02-21,61.25,62.25,58.75,59.0,6826400.0,58.952,57.214,47.97816666666667
1991-02-22,59.0,61.75,58.5,59.75,8320800.0,59.476,57.59499999999999,48.349000000000004
1991-02-25,60.25,60.5,57.5,58.0,12848800.0,59.55,57.81999999999999,48.70316666666667
1991-02-26,57.5,58.75,56.5,58.25,8934400.0,59.2,58.00749999999999,49.0615
1991-02-27,58.25,58.5,57.5,58.25,6243200.0,58.65,58.232499999999995,49.41983333333334
1991-02-28,58.25,58.5,56.25,57.25,8120000.0,58.3,58.31999999999999,49.7385
1991-03-01,57.0,59.0,57.0,57.75,4518800.0,57.9,58.43249999999999,50.059333333333335
1991-03-04,58.0,58.75,57.0,58.38,3175600.0,57.976,58.564,50.3635
1991-03-05,59.0,63.25,59.0,63.13,15769200.0,58.952,58.95799999999999,50.72816666666667
1991-03-06,64.0,65.62,62.88,63.0,18731200.0,59.902,59.220499999999994,51.069833333333335
1991-03-07,63.5,67.5,63.25,67.25,11497600.0,61.902,59.739,51.49483333333333
1991-03-08,67.75,68.25,65.0,65.0,11522400.0,63.352,60.1015,51.911500000000004
1991-03-11,64.5,64.75,62.25,63.5,6276400.0,64.376,60.28249999999999,52.309333333333335
1991-03-12,63.0,63.75,62.5,62.88,8360000.0,64.32600000000001,60.3575,52.67816666666667
1991-03-13,62.75,66.5,62.75,66.25,6253200.0,64.976,60.67,53.11766666666667
1991-03-14,66.75,67.5,64.5,65.25,8126400.0,64.576,60.932500000000005,53.53633333333334
1991-03-15,65.75,66.5,65.25,66.25,7335600.0,64.826,61.3885,53.93633333333334
1991-03-18,65.75,68.25,65.75,67.75,7645200.0,65.676,61.89450000000001,54.3675
1991-03-19,66.5,70.25,65.75,69.5,15100000.0,67.0,62.3695,54.792500000000004
1991-03-20,69.25,69.5,66.87,67.75,12939200.0,67.3,62.70700000000001,55.17166666666667
1991-03-21,68.25,68.75,63.75,64.75,10600000.0,67.2,62.9945,55.517500000000005
1991-03-22,64.0,64.75,62.25,63.25,12096400.0,66.6,63.169500000000006,55.8425
1991-03-25,63.5,65.0,63.25,64.5,4858800.0,65.95,63.4945,56.1925
1991-03-26,64.75,70.25,64.75,70.0,11935200.0,66.05,64.08200000000001,56.642500000000005
1991-03-27,70.0,70.25,68.5,69.25,6812400.0,66.35,64.632,57.080000000000005
1991-03-28,69.25,70.0,67.75,68.0,2816800.0,67.0,65.1695,57.48833333333334
1991-04-01,68.0,69.5,67.5,68.5,4218000.0,68.05,65.70700000000001,57.913333333333334
1991-04-02,69.0,72.75,68.5,72.75,10473600.0,69.7,66.4255,58.405
1991-04-03,72.5,72.75,70.0,70.0,8585200.0,69.7,66.769,58.850833333333334
1991-04-04,70.0,72.0,69.5,71.5,6024400.0,70.15,67.194,59.32166666666667
1991-04-05,71.75,71.75,68.75,69.37,5567600.0,70.424,67.3,59.72366666666667
1991-04-08,69.25,70.0,68.75,70.0,2604400.0,70.724,67.55,60.10483333333333
1991-04-09,69.75,70.0,68.25,68.75,4280800.0,69.924,67.8125,60.467333333333336
1991-04-10,68.5,69.25,66.75,66.87,7733600.0,69.298,68.012,60.811
1991-04-11,67.75,71.37,67.5,71.0,12710800.0,69.19800000000001,68.2495,61.21516666666666
1991-04-12,71.5,73.25,69.75,71.75,13140000.0,69.674,68.5745,61.58183333333333
1991-04-15,61.75,64.5,60.0,62.25,60732400.0,68.124,68.3745,61.765166666666666
1991-04-16,63.25,64.5,62.5,64.25,22176800.0,67.224,68.1995,61.9985
1991-04-17,65.0,65.0,62.0,63.25,11533600.0,66.5,67.887,62.20683333333333
1991-04-18,62.75,63.0,60.75,61.0,8853600.0,64.5,67.5495,62.36933333333333
1991-04-19,61.0,61.5,59.5,59.63,10272400.0,62.076,67.2935,62.50066666666667
1991-04-22,59.5,62.0,58.75,61.5,9190000.0,61.926,67.20599999999999,62.65683333333333
1991-04-23,62.25,63.0,60.25,61.5,8494400.0,61.376,67.056,62.790166666666664
1991-04-24,61.75,62.0,60.5,60.75,3769200.0,60.876,66.59349999999999,62.89433333333333
1991-04-25,59.75,59.75,58.5,58.5,11276800.0,60.376,66.056,62.973499999999994
1991-04-26,58.5,59.0,57.75,58.63,4481200.0,60.176,65.5875,63.025666666666666
1991-04-29,58.5,60.25,58.25,58.25,7395200.0,59.525999999999996,65.075,63.0715
1991-04-30,57.75,58.25,54.5,55.0,25413600.0,58.226,64.1875,63.059
1991-05-01,48.0,49.0,47.0,47.25,66732000.0,55.525999999999996,63.05,62.925666666666665
1991-05-02,47.75,49.75,47.5,49.0,28973600.0,53.626,61.925,62.779833333333336
1991-05-03,49.0,49.5,48.25,49.0,8717600.0,51.7,60.90650000000001,62.648500000000006
1991-05-06,48.5,50.5,48.25,50.25,7596400.0,50.1,59.919000000000004,62.523500000000006
1991-05-07,51.0,51.25,50.5,50.63,9671200.0,49.226000000000006,59.013,62.36933333333333
1991-05-08,50.75,50.75,49.25,49.75,6332400.0,49.726,58.157,62.17549999999999
1991-05-09,50.0,51.5,49.75,50.75,8523200.0,50.076,57.144499999999994,62.02133333333333
1991-05-10,51.5,53.25,50.75,51.25,8652000.0,50.525999999999996,56.119499999999995,61.875499999999995
1991-05-13,52.25,53.5,51.5,52.75,8763600.0,51.025999999999996,55.644499999999994,61.802499999999995
1991-05-14,52.75,53.75,52.5,53.5,7763600.0,51.6,55.10699999999999,61.733666666666664
1991-05-15,51.5,52.0,49.0,50.5,18530800.0,51.75,54.4695,61.57533333333333
1991-05-16,51.0,51.25,48.5,49.0,13652000.0,51.4,53.869499999999995,61.37533333333333
1991-05-17,48.75,48.75,46.5,47.0,16836800.0,50.55,53.238,61.175333333333334
1991-05-20,47.25,47.5,44.0,44.25,9365200.0,48.85,52.3755,60.917
1991-05-21,45.25,46.5,44.75,45.25,12500000.0,47.2,51.563,60.7045
1991-05-22,45.75,46.5,45.5,46.25,8137600.0,46.35,50.838,60.5045
1991-05-23,46.5,46.75,44.75,45.13,7458800.0,45.576,50.1695,60.285833333333336
1991-05-24,45.5,46.0,45.0,45.88,3484800.0,45.352,49.532,60.096333333333334
1991-05-28,46.0,46.25,45.25,46.0,6124400.0,45.702,48.9195,59.9005
1991-05-29,46.25,47.75,45.88,47.0,13733600.0,46.052,48.5195,59.71083333333333
1991-05-30,47.0,47.75,46.5,47.63,5663600.0,46.327999999999996,48.5385,59.4525
1991-05-31,47.5,47.75,46.25,47.0,7792400.0,46.702,48.4385,59.185833333333335
1991-06-03,47.0,49.5,46.75,49.25,7870800.0,47.376,48.451,58.88583333333334
1991-06-04,49.5,49.5,48.5,49.13,6593600.0,48.002,48.394999999999996,58.62133333333333
1991-06-05,49.25,49.25,47.75,48.0,4760800.0,48.202000000000005,48.2635,58.36299999999999
1991-06-06,48.25,48.25,46.5,46.63,6028000.0,48.001999999999995,48.1075,58.092166666666664
1991-06-07,46.25,47.0,45.63,46.13,5463600.0,47.827999999999996,47.8765,57.75683333333333
1991-06-10,46.0,47.13,45.75,46.0,5991200.0,47.178,47.614,57.436
1991-06-11,45.0,45.5,44.25,44.63,6742400.0,46.278,47.208,57.07566666666666
1991-06-12,44.0,44.75,41.25,42.38,15580000.0,45.154,46.652,56.652833333333334
1991-06-13,42.5,43.0,41.75,42.13,7565200.0,44.254000000000005,46.2335,56.196666666666665
1991-06-14,42.75,42.75,40.75,41.13,8049200.0,43.254000000000005,45.839999999999996,55.753
1991-06-17,41.0,42.25,41.0,42.0,5966800.0,42.454,45.589999999999996,55.37383333333333
1991-06-18,42.25,43.25,41.5,42.13,8749200.0,41.95399999999999,45.483999999999995,55.02183333333333
1991-06-19,41.75,42.25,41.25,41.75,6408000.0,41.827999999999996,45.309,54.64266666666666
1991-06-20,41.25,42.0,40.75,42.0,5158000.0,41.802,45.0965,54.176
1991-06-21,42.0,42.5,41.75,42.0,7378800.0,41.976,44.94,53.72183333333333
1991-06-24,41.75,42.25,41.25,41.75,7443600.0,41.926,44.7335,53.28433333333333
1991-06-25,42.0,43.0,41.75,42.38,8151200.0,41.976000000000006,44.552499999999995,52.849000000000004
1991-06-26,42.75,43.5,42.25,43.0,8958000.0,42.226,44.3525,52.35316666666667
1991-06-27,42.5,42.75,41.75,42.5,5400000.0,42.326,44.096,51.89483333333333
1991-06-28,42.25,42.5,40.25,41.5,8102400.0,42.226,43.821,51.39483333333333
1991-07-01,42.25,43.0,41.75,42.5,6979200.0,42.376,43.4835,50.947
1991-07-02,42.25,42.75,41.75,42.25,4296800.0,42.35,43.1395,50.484500000000004
1991-07-03,42.25,43.5,41.75,43.13,11087600.0,42.376,42.896,50.0575
1991-07-05,43.0,46.0,42.75,45.63,11842000.0,43.001999999999995,42.846000000000004,49.7035
1991-07-08,45.25,47.25,45.0,46.75,10971200.0,44.052,42.877,49.29933333333334
1991-07-09,47.25,48.25,46.5,46.88,8091200.0,44.928,42.92100000000001,48.88483333333333
1991-07-10,47.5,48.25,46.75,47.25,5610000.0,45.928,43.05200000000001,48.63483333333333
1991-07-11,47.0,47.25,46.0,46.75,5217600.0,46.652,43.270500000000006,48.34316666666667
1991-07-12,47.25,47.25,46.25,46.75,4753200.0,46.876,43.50150000000001,48.06816666666667
1991-07-15,46.75,46.75,45.5,45.5,4932400.0,46.626,43.720000000000006,47.80983333333334
1991-07-16,45.5,45.75,43.5,43.75,7966400.0,46.0,43.807500000000005,47.54516666666667
1991-07-17,43.5,44.5,42.25,42.5,7474400.0,45.05,43.82600000000001,47.228500000000004
1991-07-18,44.0,45.13,43.0,44.88,14240000.0,44.676,43.9825,46.9515
1991-07-19,45.25,46.25,45.0,46.0,4601200.0,44.525999999999996,44.182500000000005,46.705666666666666
1991-07-22,45.75,46.25,45.5,46.0,3882000.0,44.626,44.38250000000001,46.49733333333334
1991-07-23,46.25,46.5,44.5,45.0,4770000.0,44.876,44.545,46.27016666666667
1991-07-24,45.25,45.75,44.5,45.0,4703200.0,45.376,44.676,46.04933333333334
1991-07-25,45.25,45.75,45.0,45.25,2366800.0,45.45,44.788500000000006,45.886833333333335
1991-07-26,45.75,45.75,44.75,44.88,2657600.0,45.226,44.907500000000006,45.84733333333333
1991-07-29,45.25,45.5,44.5,45.5,1916800.0,45.126,45.1075,45.788999999999994
1991-07-30,45.5,46.75,45.5,46.5,3281200.0,45.426,45.307500000000005,45.74733333333333
1991-07-31,46.5,46.88,45.0,46.25,3689200.0,45.676,45.50750000000001,45.68066666666666
1991-08-01,46.0,49.25,45.75,49.13,16023600.0,46.452,45.8075,45.65566666666667
1991-08-02,49.75,50.25,49.0,50.0,9767600.0,47.476,46.025999999999996,45.65983333333334
1991-08-05,49.75,49.75,48.25,48.5,3620800.0,48.076,46.1135,45.62233333333334
1991-08-06,48.75,50.25,47.75,49.5,7890800.0,48.676,46.2445,45.59316666666667
1991-08-07,49.5,51.0,49.38,50.38,7578800.0,49.501999999999995,46.400999999999996,45.55366666666667
1991-08-08,50.75,51.75,50.0,50.5,6769200.0,49.775999999999996,46.588499999999996,45.50366666666667
1991-08-09,50.5,51.0,49.75,50.75,5533600.0,49.926,46.7885,45.50783333333334
1991-08-12,50.75,52.25,50.5,51.75,5096400.0,50.576,47.101,45.55366666666667
1991-08-13,52.0,54.0,52.0,53.5,10255200.0,51.376,47.588499999999996,45.662000000000006
1991-08-14,54.75,55.0,53.88,54.88,7173200.0,52.275999999999996,48.207499999999996,45.83916666666667
1991-08-15,55.0,55.0,53.0,53.25,5219200.0,52.826,48.626,45.972500000000004
1991-08-16,52.75,54.25,52.25,53.25,5689200.0,53.326,48.9885,46.08916666666667
1991-08-19,49.5,51.63,48.5,50.5,11538000.0,53.076,49.213499999999996,46.17866666666667
1991-08-20,51.5,51.75,50.5,51.0,7123600.0,52.576,49.5135,46.264
1991-08-21,52.5,54.13,52.0,53.75,7987600.0,52.35,49.951,46.393166666666666
1991-08-22,54.0,54.75,53.75,54.25,5936400.0,52.55,50.400999999999996,46.514
1991-08-23,54.0,55.5,52.75,53.0,8601200.0,52.5,50.807,46.603500000000004
1991-08-26,53.0,53.5,52.5,53.0,3644400.0,53.0,51.182,46.7035
1991-08-27,53.0,54.0,52.75,54.0,3597600.0,53.6,51.556999999999995,46.782666666666664
1991-08-28,54.0,54.25,53.13,53.25,3843600.0,53.5,51.907,46.851333333333336
1991-08-29,53.25,53.88,52.5,53.0,4053200.0,53.25,52.1005,46.93466666666667
1991-08-30,53.0,53.25,52.25,53.0,2363200.0,53.25,52.2505,47.04083333333334
1991-09-03,52.75,53.25,52.0,52.5,2443200.0,53.15,52.4505,47.147000000000006
1991-09-04,52.75,52.75,51.38,51.5,4299200.0,52.65,52.5505,47.23866666666667
1991-09-05,51.5,51.75,50.75,51.0,2793600.0,52.2,52.58149999999999,47.344833333333334
1991-09-06,51.0,51.75,50.5,51.5,2848800.0,51.9,52.631499999999996,47.496833333333335
1991-09-09,51.75,53.5,51.5,53.25,4538000.0,51.95,52.756499999999996,47.682166666666674
1991-09-10,52.75,53.38,49.75,50.13,6535600.0,51.476,52.6755,47.83216666666667
1991-09-11,50.75,51.0,49.5,50.5,6378000.0,51.275999999999996,52.5255,47.97383333333334
1991-09-12,51.25,51.25,49.75,50.63,4267600.0,51.202,52.313,48.1155
1991-09-13,50.0,50.25,48.5,48.63,5974400.0,50.628,52.08200000000001,48.23016666666667
1991-09-16,49.25,49.25,46.5,47.25,7365600.0,49.428,51.782000000000004,48.31766666666667
1991-09-17,47.0,49.0,46.75,49.0,4856400.0,49.202,51.70700000000001,48.434333333333335
1991-09-18,48.75,50.5,48.5,50.13,4342000.0,49.128,51.6635,48.574
1991-09-19,50.25,50.5,49.5,49.75,6374400.0,48.952000000000005,51.463499999999996,48.69683333333333
1991-09-20,49.75,51.0,49.5,50.63,6742000.0,49.352,51.282500000000006,48.824
1991-09-23,50.0,50.75,49.25,49.5,3136800.0,49.802,51.1075,48.940666666666665
1991-09-24,49.5,50.38,48.25,50.25,3805600.0,50.052,50.97,49.0865
1991-09-25,50.25,50.5,49.25,50.5,1959200.0,50.126,50.795,49.219833333333334
1991-09-26,50.25,50.25,49.0,50.0,2556800.0,50.176,50.6325,49.349000000000004
1991-09-27,50.0,50.75,48.75,49.0,2245200.0,49.85,50.4325,49.44683333333334
1991-09-30,49.25,49.75,49.0,49.5,2266800.0,49.85,50.2575,49.51133333333334
1991-10-01,49.25,51.25,49.0,50.75,4698800.0,49.95,50.17,49.578
1991-10-02,51.75,51.75,49.5,49.75,643600.0,49.8,50.082499999999996,49.62583333333334
1991-10-03,50.0,50.0,47.5,47.75,6478000.0,49.35,49.92,49.63416666666667
1991-10-04,48.0,48.75,47.5,48.25,2854400.0,49.2,49.7575,49.65916666666667
1991-10-07,48.0,48.75,47.5,48.13,2328000.0,48.926,49.5015,49.68216666666667
1991-10-08,48.13,48.5,46.5,48.25,6170000.0,48.426,49.4075,49.727999999999994
1991-10-09,48.25,48.75,47.75,48.0,4752400.0,48.076,49.2825,49.79883333333333
1991-10-10,48.75,49.0,46.75,47.75,5623200.0,48.076,49.1385,49.88633333333333
1991-10-11,48.13,48.88,46.5,48.5,4292000.0,48.126,49.132,49.946666666666665
1991-10-14,49.0,50.25,48.75,49.88,4015600.0,48.476,49.2635,50.01133333333333
1991-10-15,50.5,52.5,50.0,52.5,10300800.0,49.326,49.4385,50.11966666666667
1991-10-16,52.5,54.0,52.25,53.5,7182000.0,50.426,49.607,50.26133333333333
1991-10-17,53.0,53.25,51.5,52.38,5423200.0,51.352,49.7385,50.38433333333333
1991-10-18,55.13,55.5,54.5,55.0,15964400.0,52.652,49.957,50.54683333333333
1991-10-21,55.25,55.88,54.25,54.75,4172000.0,53.626,50.2195,50.711333333333336
1991-10-22,55.5,56.25,54.5,54.5,7456400.0,54.025999999999996,50.432,50.86133333333334
1991-10-23,55.0,55.25,52.75,53.13,6046400.0,53.952,50.5635,50.97183333333334
1991-10-24,53.0,53.25,51.5,52.13,6372400.0,53.902,50.67,51.069833333333335
1991-10-25,51.75,52.25,50.75,51.25,3832000.0,53.152,50.782500000000006,51.10516666666667
1991-10-28,51.5,51.75,50.75,51.5,2792400.0,52.501999999999995,50.88250000000001,51.13016666666667
1991-10-29,51.5,52.0,50.75,51.75,3624400.0,51.952,50.932500000000005,51.184333333333335
1991-10-30,52.0,52.75,49.5,49.75,5302400.0,51.275999999999996,50.932500000000005,51.1885
1991-10-31,50.75,51.75,50.0,51.5,8300800.0,51.15,51.120000000000005,51.207166666666666
1991-11-01,51.25,52.0,50.5,51.0,7203600.0,51.1,51.25750000000001,51.2155
1991-11-04,50.75,50.75,48.5,49.75,6983200.0,50.75,51.338499999999996,51.19883333333333
1991-11-05,49.75,50.5,48.75,48.75,7711200.0,50.15,51.3635,51.14883333333333
1991-11-06,49.0,49.25,47.5,48.0,8466400.0,49.8,51.3635,51.05716666666667
1991-11-07,48.5,50.5,48.25,49.75,10618800.0,49.45,51.463499999999996,50.971666666666664
1991-11-08,51.25,53.75,51.0,53.25,13435200.0,49.9,51.701,50.971666666666664
1991-11-11,53.5,54.5,53.25,53.75,5896800.0,50.7,51.89450000000001,50.98
1991-11-12,54.25,54.75,53.75,54.5,5972000.0,51.85,51.9945,51.04666666666666
1991-11-13,54.0,54.5,53.5,54.13,6640000.0,53.076,52.025999999999996,51.09883333333333
1991-11-14,54.25,55.25,54.0,54.75,6733600.0,54.076,52.14450000000001,51.1155
1991-11-15,54.5,54.75,49.75,50.0,9186400.0,53.426,51.89450000000001,51.044666666666664
1991-11-18,50.0,52.5,50.0,52.13,8530000.0,53.102,51.7635,51.030166666666666
1991-11-19,51.75,51.75,49.75,51.25,10216400.0,52.452,51.601,51.001
1991-11-20,51.25,52.0,50.25,50.5,6005600.0,51.726,51.4695,50.94266666666667
1991-11-21,50.5,51.75,50.5,51.0,3823200.0,50.976000000000006,51.413,50.905166666666666
1991-11-22,51.0,51.75,50.25,51.25,3502400.0,51.226,51.413,50.876
1991-11-25,51.0,52.25,51.0,51.25,2802000.0,51.05,51.4005,50.84683333333333
1991-11-26,51.5,52.0,50.0,51.5,4982000.0,51.1,51.388,50.83016666666666
1991-11-27,51.25,51.5,50.5,51.0,2268800.0,51.2,51.4505,50.82183333333333
1991-11-29,50.5,51.5,50.5,50.75,1227600.0,51.15,51.413,50.81766666666667
1991-12-02,50.75,52.0,50.0,51.75,4250000.0,51.25,51.4505,50.82183333333333
1991-12-03,52.0,52.0,50.25,50.5,3692400.0,51.1,51.488,50.775999999999996
1991-12-04,50.75,50.75,50.0,50.5,2897600.0,50.9,51.5755,50.78216666666667
1991-12-05,50.5,51.0,49.25,50.0,3555600.0,50.7,51.6755,50.773833333333336
1991-12-06,49.5,49.75,48.5,48.75,7055200.0,50.3,51.6255,50.7425
1991-12-09,49.0,50.0,48.75,49.13,3502000.0,49.775999999999996,51.41949999999999,50.75083333333334
1991-12-10,49.0,49.5,48.5,49.13,4390000.0,49.501999999999995,51.1885,50.78216666666666
1991-12-11,49.25,49.75,48.5,49.0,3031200.0,49.202,50.9135,50.78216666666666
1991-12-12,49.38,49.75,49.0,49.38,3297600.0,49.077999999999996,50.676,50.769666666666666
1991-12-13,49.75,50.75,49.75,50.38,3418000.0,49.404,50.457499999999996,50.780166666666666
1991-12-16,50.38,50.75,50.0,50.5,2777600.0,49.678000000000004,50.4825,50.778
1991-12-17,50.5,51.0,50.25,50.5,3502400.0,49.952000000000005,50.400999999999996,50.794666666666664
1991-12-18,50.25,52.0,50.0,51.75,6678000.0,50.502,50.426,50.81966666666666
1991-12-19,51.25,51.75,50.75,50.75,4140800.0,50.775999999999996,50.4385,50.82383333333333
1991-12-20,51.25,51.5,50.25,50.25,4588000.0,50.75,50.400999999999996,50.827999999999996
1991-12-23,50.5,51.75,50.0,51.5,3686800.0,50.95,50.4135,50.86966666666667
1991-12-24,52.0,53.75,51.75,52.25,6742400.0,51.3,50.463499999999996,50.915499999999994
1991-12-26,52.75,55.0,52.25,54.88,4805600.0,51.926,50.6325,50.98433333333333
1991-12-27,54.75,55.75,54.5,55.0,6008000.0,52.775999999999996,50.832499999999996,51.07183333333333
1991-12-30,55.0,57.25,55.0,56.75,6580800.0,54.076,51.1325,51.22183333333333
1991-12-31,57.38,58.0,56.0,56.38,4802000.0,55.052,51.364,51.35733333333334
1992-01-02,55.75,59.75,55.5,59.5,8357600.0,56.501999999999995,51.814,51.54683333333334
1992-01-03,60.0,60.25,58.25,59.0,6814400.0,57.326,52.239,51.726000000000006
1992-01-06,58.75,59.0,57.75,58.0,4080000.0,57.926,52.638999999999996,51.89266666666667
1992-01-07,57.5,59.5,57.5,59.13,5059200.0,58.402,53.158,52.08233333333333
1992-01-08,58.5,61.25,58.5,60.5,8330800.0,59.226,53.7265,52.282333333333334
1992-01-09,60.5,62.25,60.25,62.25,7450800.0,59.775999999999996,54.38250000000001,52.4885
1992-01-10,61.5,62.5,61.0,62.25,7012400.0,60.426,55.045,52.650999999999996
1992-01-13,62.25,62.75,61.5,62.0,3858800.0,61.226,55.676,52.79266666666667
1992-01-14,62.25,64.75,62.25,64.5,9789200.0,62.3,56.382000000000005,52.99466666666667
1992-01-15,64.5,65.0,63.0,63.5,11652400.0,62.9,57.032000000000004,53.13633333333333
1992-01-16,63.75,64.25,62.5,62.75,10485200.0,63.0,57.64450000000001,53.269666666666666
1992-01-17,67.75,69.0,64.75,64.75,30308800.0,63.5,58.294500000000006,53.4405
1992-01-20,64.5,65.25,64.0,64.0,7492400.0,63.9,58.95700000000001,53.62166666666666
1992-01-21,64.25,64.25,61.0,61.13,6938000.0,63.226,59.50100000000001,53.77166666666667
1992-01-22,61.5,63.75,61.25,63.5,6560000.0,63.226,60.10100000000001,53.975833333333334
1992-01-23,64.25,64.75,63.0,64.5,4953200.0,63.576,60.71350000000001,54.1925
1992-01-24,64.5,65.75,64.0,64.62,6356400.0,63.55,61.2005,54.407000000000004
1992-01-27,64.75,65.25,64.25,64.5,2992000.0,63.65,61.6755,54.652833333333334
1992-01-28,64.75,65.37,63.0,65.25,6206800.0,64.474,62.1005,54.882
1992-01-29,64.75,65.75,63.25,63.25,5164400.0,64.424,62.443999999999996,55.08616666666667
1992-01-30,63.5,63.75,62.75,63.75,3128800.0,64.274,62.656499999999994,55.3195
1992-01-31,64.0,65.25,63.5,64.75,5164400.0,64.3,62.943999999999996,55.58616666666667
1992-02-03,64.75,66.25,64.5,65.75,5652000.0,64.55,63.33149999999999,55.882
1992-02-04,65.75,66.25,65.0,65.75,6896400.0,64.65,63.6625,56.14866666666667
1992-02-05,66.25,66.75,65.12,66.12,5772400.0,65.224,63.94350000000001,56.36316666666667
1992-02-06,65.75,66.0,64.0,64.12,3330000.0,65.298,64.037,56.53600000000001
1992-02-07,64.25,64.75,62.75,64.0,5285600.0,65.148,64.1245,56.69433333333334
1992-02-10,64.0,64.25,63.0,63.13,3091200.0,64.62400000000001,64.18100000000001,56.84433333333334
1992-02-11,63.0,63.75,62.25,62.88,4378800.0,64.05,64.1,56.97983333333333
1992-02-12,63.75,65.5,63.0,65.25,4931200.0,63.876,64.1875,57.234
1992-02-13,65.25,65.25,63.75,64.25,2734400.0,63.902,64.2625,57.436
1992-02-14,63.75,64.25,63.25,64.12,2610800.0,63.926,64.23100000000001,57.6505
1992-02-18,64.25,64.5,62.75,62.75,2442000.0,63.85,64.16850000000001,57.85466666666667
1992-02-19,62.75,63.0,61.75,62.0,3426400.0,63.674,64.212,58.038000000000004
1992-02-20,62.5,64.75,62.25,64.62,4692400.0,63.548,64.268,58.26083333333334
1992-02-21,64.75,65.5,64.5,65.0,5421200.0,63.698,64.29299999999999,58.49
1992-02-24,66.25,66.5,65.75,66.12,6122400.0,64.098,64.36800000000001,58.733666666666664
1992-02-25,66.25,68.5,65.25,68.5,8134400.0,65.248,64.56800000000001,59.025333333333336
1992-02-26,68.25,70.0,68.25,69.87,8193600.0,66.822,64.799,59.344
1992-02-27,70.0,70.0,68.0,68.5,4364800.0,67.598,65.0615,59.62316666666666
1992-02-28,68.5,69.0,67.0,67.5,3244400.0,68.098,65.249,59.9065
1992-03-02,67.75,68.5,67.25,67.25,3203200.0,68.324,65.374,60.18566666666666
1992-03-03,67.75,68.0,66.25,66.37,3560000.0,67.898,65.405,60.4585
1992-03-04,66.25,66.75,64.75,65.0,4120800.0,66.924,65.3675,60.72933333333334
1992-03-05,64.5,65.5,63.0,63.5,8462400.0,65.924,65.2365,60.968833333333336
1992-03-06,63.5,64.0,63.0,64.0,4816400.0,65.224,65.2305,61.216666666666676
1992-03-09,63.75,64.25,63.5,63.75,3896800.0,64.524,65.218,61.462500000000006
1992-03-10,64.0,64.75,63.75,63.75,4394400.0,64.0,65.249,61.702000000000005
1992-03-11,63.75,64.25,63.0,63.25,4714400.0,63.65,65.26750000000001,61.916500000000006
1992-03-12,63.25,63.75,61.5,62.75,5472400.0,63.5,65.14250000000001,62.12066666666667
1992-03-13,63.25,63.75,62.0,63.13,2843600.0,63.326,65.0865,62.33116666666667
1992-03-16,62.75,63.5,61.75,63.38,2016400.0,63.251999999999995,65.0495,62.525
1992-03-17,63.5,63.75,62.75,62.88,3061200.0,63.07800000000001,65.056,62.72716666666667
1992-03-18,63.25,64.0,63.0,63.75,2902000.0,63.17800000000001,65.14349999999999,62.95216666666667
1992-03-19,63.75,63.75,62.75,63.0,4251200.0,63.22800000000001,65.0625,63.14383333333333
1992-03-20,63.0,63.25,63.0,63.25,1942400.0,63.251999999999995,64.975,63.32716666666667
1992-03-23,63.0,63.75,63.0,63.0,1804400.0,63.176,64.81899999999999,63.4625
1992-03-24,63.5,65.0,63.25,65.0,7501200.0,63.6,64.64399999999999,63.62916666666667
1992-03-25,65.0,65.0,64.25,64.5,4353200.0,63.75,64.3755,63.75833333333333
1992-03-26,64.75,65.25,63.75,64.0,4412400.0,63.95,64.1505,63.88533333333333
1992-03-27,63.88,64.0,60.5,61.0,9452000.0,63.5,63.8255,63.910333333333334
1992-03-30,61.25,61.25,57.75,58.13,12124400.0,62.525999999999996,63.3695,63.895833333333336
1992-03-31,58.25,59.75,58.0,58.25,7613200.0,61.176,62.963499999999996,63.9
1992-04-01,57.25,59.25,57.25,59.0,5714400.0,60.076,62.6635,63.89783333333334
1992-04-02,59.0,59.5,58.38,58.75,4798800.0,59.025999999999996,62.426,63.86866666666667
1992-04-03,58.75,59.25,58.5,59.0,4181200.0,58.626,62.176,63.8145
1992-04-06,59.0,61.0,59.0,60.75,3643600.0,59.15,62.025999999999996,63.789500000000004
1992-04-07,61.0,61.25,57.25,57.25,8234400.0,58.95,61.701,63.71033333333334
1992-04-08,57.0,57.0,54.75,55.88,13123600.0,58.326,61.332499999999996,63.56666666666667
1992-04-09,56.0,58.25,55.25,57.25,6874400.0,58.025999999999996,61.05749999999999,63.4625
1992-04-10,57.25,57.5,55.0,55.5,9803600.0,57.326,60.676,63.34166666666667
1992-04-13,55.5,56.75,55.25,56.5,4402000.0,56.476,60.331999999999994,63.204166666666666
1992-04-14,57.75,59.25,57.25,58.75,5178000.0,56.775999999999996,60.1255,63.11666666666667
1992-04-15,58.0,60.88,57.5,60.5,7764400.0,57.7,59.963,63.10616666666667
1992-04-16,60.25,60.75,58.5,59.0,9260800.0,58.05,59.763,63.031166666666664
1992-04-20,59.0,59.0,56.0,56.75,7380800.0,58.3,59.438,62.902
1992-04-21,57.0,57.25,56.0,56.25,6442400.0,58.25,59.1005,62.7625
1992-04-22,56.25,58.0,56.25,57.63,6129200.0,58.025999999999996,58.732000000000006,62.648
1992-04-23,57.5,58.25,56.0,57.0,6534400.0,57.326,58.357000000000006,62.5105
1992-04-24,57.0,58.25,56.0,56.5,3526800.0,56.826,57.982000000000006,62.398
1992-04-27,56.0,56.25,55.0,55.75,5014800.0,56.626,57.719500000000004,62.26466666666667
1992-04-28,55.25,55.75,53.0,54.25,6229200.0,56.226,57.5255,62.089666666666666
1992-04-29,54.25,57.0,54.25,57.0,7116800.0,56.1,57.463,61.94383333333334
1992-04-30,57.25,60.25,56.5,60.13,9303600.0,56.726,57.519499999999994,61.850166666666674
1992-05-01,60.0,60.75,58.25,59.25,4821200.0,57.275999999999996,57.54449999999999,61.73566666666667
1992-05-04,59.5,61.25,59.25,60.5,4402000.0,58.226,57.619499999999995,61.675333333333334
1992-05-05,60.5,60.63,59.5,60.5,6449200.0,59.476,57.60699999999999,61.617
1992-05-06,60.75,62.13,60.5,61.75,6377600.0,60.426,57.831999999999994,61.594
1992-05-07,61.5,62.25,60.5,60.75,6175600.0,60.55,58.0755,61.5585
1992-05-08,61.5,62.88,61.0,62.0,7105600.0,61.1,58.313,61.504333333333335
1992-05-11,62.0,62.75,61.5,62.25,3250000.0,61.45,58.6505,61.471000000000004
1992-05-12,62.25,63.0,61.75,62.25,2769200.0,61.8,58.938,61.43983333333333
1992-05-13,62.5,63.25,62.25,62.75,3482000.0,62.0,59.138,61.43983333333333
1992-05-14,62.75,63.0,60.25,61.38,5606800.0,62.126,59.182,61.4295
1992-05-15,61.0,61.25,60.5,60.63,4339200.0,61.852,59.2635,61.36299999999999
1992-05-18,61.5,61.5,60.0,60.38,4616400.0,61.477999999999994,59.44500000000001,61.285999999999994
1992-05-19,60.75,60.75,59.0,59.38,4715600.0,60.903999999999996,59.60150000000001,61.17366666666667
1992-05-20,59.75,60.25,59.25,60.0,6200800.0,60.354,59.720000000000006,61.032000000000004
1992-05-21,60.25,60.25,58.75,59.13,4938800.0,59.90400000000001,59.826499999999996,60.853
1992-05-22,59.0,59.75,59.0,59.5,1670800.0,59.67800000000001,59.9765,60.703
1992-05-26,59.5,59.75,58.75,59.25,3423200.0,59.452,60.1515,60.56550000000001
1992-05-27,59.25,60.25,59.0,60.25,5516400.0,59.626,60.451499999999996,60.44883333333334
1992-05-28,60.0,60.25,59.0,59.5,4558000.0,59.525999999999996,60.576499999999996,60.33433333333333
1992-05-29,59.75,60.63,59.5,59.75,6369200.0,59.65,60.557500000000005,60.246833333333335
1992-06-01,57.25,59.5,56.0,57.5,8869200.0,59.25,60.470000000000006,60.14683333333333
1992-06-02,57.5,57.5,56.25,56.5,5560000.0,58.7,60.27,60.02183333333333
1992-06-03,56.5,56.5,54.0,54.13,10743200.0,57.476,59.95150000000001,59.8615
1992-06-04,54.25,54.75,53.5,54.5,6453200.0,56.476,59.58900000000001,59.70733333333333
1992-06-05,54.75,55.25,54.25,54.88,4040800.0,55.501999999999995,59.295500000000004,59.567833333333326
1992-06-08,55.0,55.0,54.0,54.25,3730000.0,54.852,58.908,59.42616666666666
1992-06-09,54.25,54.25,53.5,54.0,3626800.0,54.352,58.49550000000001,59.274
1992-06-10,54.0,54.75,53.5,53.75,4522400.0,54.275999999999996,58.0705,59.1135
1992-06-11,53.75,54.25,53.5,53.88,5028800.0,54.152,57.62700000000001,58.963499999999996
1992-06-12,54.5,55.0,54.25,54.63,3450800.0,54.102,57.2895,58.8115
1992-06-15,54.0,54.0,52.5,52.63,6777600.0,53.778,56.88950000000001,58.63866666666667
1992-06-16,51.75,52.0,48.75,49.25,13053200.0,52.827999999999996,56.333000000000006,58.40533333333334
1992-06-17,49.0,49.25,47.0,47.5,10880800.0,51.577999999999996,55.73900000000001,58.147000000000006
1992-06-18,47.5,49.0,44.75,45.25,15495600.0,49.852,55.00150000000001,57.81783333333333
1992-06-19,46.0,46.0,43.75,44.75,15280000.0,47.876,54.282500000000006,57.48866666666667
1992-06-22,44.0,44.75,42.75,44.25,13930000.0,46.2,53.52,57.1595
1992-06-23,45.0,45.5,44.5,45.25,11130800.0,45.4,52.82000000000001,56.897000000000006
1992-06-24,45.5,46.0,45.25,46.0,7548000.0,45.1,52.1075,56.694833333333335
1992-06-25,46.5,46.5,45.25,45.63,5745200.0,45.176,51.414,56.4845
1992-06-26,45.75,46.0,44.5,45.25,3953600.0,45.275999999999996,50.689,56.255333333333326
1992-06-29,45.75,47.13,45.25,46.75,6735200.0,45.775999999999996,50.1515,56.05533333333333
1992-06-30,46.75,48.25,46.5,48.0,6919200.0,46.326,49.7265,55.87199999999999
1992-07-01,48.0,49.5,47.75,49.0,5129200.0,46.926,49.47,55.67616666666666
1992-07-02,49.0,49.0,45.75,46.25,9169200.0,47.05,49.0575,55.49283333333333
1992-07-06,46.5,46.75,45.5,46.25,4378000.0,47.25,48.626,55.33233333333333
1992-07-07,46.25,46.25,43.5,44.25,7416400.0,46.75,48.126,55.11566666666667
1992-07-08,44.0,45.75,44.0,45.75,7020000.0,46.3,47.713499999999996,54.95316666666667
1992-07-09,46.0,46.5,45.75,45.88,5922000.0,45.676,47.32000000000001,54.77616666666667
1992-07-10,46.0,46.25,44.88,45.75,5144400.0,45.576,46.9135,54.5595
1992-07-13,45.75,47.13,45.25,47.0,4486800.0,45.726,46.532000000000004,54.334500000000006
1992-07-14,47.0,48.0,47.0,47.5,4510800.0,46.376,46.2755,54.142833333333336
1992-07-15,47.5,49.0,47.25,48.0,6248000.0,46.826,46.213,53.997
1992-07-16,47.75,49.0,47.25,48.75,5011200.0,47.4,46.2755,53.872
1992-07-17,45.0,46.0,44.63,45.0,15135600.0,47.25,46.263,53.661500000000004
1992-07-20,44.75,45.25,44.0,44.75,6873600.0,46.8,46.263,53.45733333333333
1992-07-21,45.5,46.25,45.0,45.75,4730800.0,46.45,46.338,53.27816666666667
1992-07-22,45.25,45.5,44.0,44.25,5798800.0,45.7,46.288,53.0865
1992-07-23,44.5,44.75,43.75,44.75,6128800.0,44.9,46.2255,52.92816666666667
1992-07-24,44.5,46.25,44.0,45.88,4832000.0,45.076,46.23800000000001,52.74283333333334
1992-07-27,45.75,46.5,45.25,45.25,88800.0,45.176,46.23800000000001,52.49483333333333
1992-07-28,45.5,46.5,45.25,46.5,4813600.0,45.326,46.225500000000004,52.282333333333334
1992-07-29,46.63,47.75,46.5,47.25,8976400.0,45.926,46.188,52.0615
1992-07-30,47.25,47.5,46.75,47.25,4927600.0,46.426,46.100500000000004,51.84066666666667
1992-07-31,47.25,47.5,46.75,46.75,3262000.0,46.6,46.1255,51.59066666666667
1992-08-03,46.75,47.25,45.5,45.75,2452400.0,46.7,46.100500000000004,51.34066666666667
1992-08-04,45.0,45.75,44.75,45.5,4295600.0,46.5,46.163000000000004,51.065666666666665
1992-08-05,45.5,45.5,44.5,44.75,4981200.0,46.0,46.11300000000001,50.774
1992-08-06,44.25,44.5,42.75,44.0,9220800.0,45.35,46.019000000000005,50.469833333333334
1992-08-07,42.0,43.75,41.5,43.38,7842400.0,44.676,45.90050000000001,50.147000000000006
1992-08-10,43.25,44.5,43.0,44.13,3280800.0,44.352000000000004,45.757,49.8595
1992-08-11,44.5,44.5,43.0,43.5,4339200.0,43.952000000000005,45.557,49.574
1992-08-12,43.75,44.25,43.25,44.13,4343600.0,43.828,45.3635,49.30316666666667
1992-08-13,44.5,45.5,44.25,44.75,6122000.0,43.978,45.1635,49.059333333333335
1992-08-14,45.0,45.25,44.5,44.75,4872400.0,44.251999999999995,45.150999999999996,48.805166666666665
1992-08-17,44.25,44.75,43.75,44.75,4617600.0,44.376,45.150999999999996,48.5655
1992-08-18,44.5,45.25,44.5,44.75,4017600.0,44.626,45.101,48.31966666666666
1992-08-19,44.63,45.25,44.5,44.5,6096800.0,44.7,45.1135,48.07383333333333
1992-08-20,44.75,45.0,44.25,44.75,3894800.0,44.7,45.1135,47.8155
1992-08-21,44.75,45.25,44.0,44.63,3926400.0,44.676,45.051,47.56766666666667
1992-08-24,44.25,44.75,43.25,43.25,5454400.0,44.376,44.951,47.29266666666667
1992-08-25,43.25,44.5,43.25,44.38,4731200.0,44.302,44.845,47.074
1992-08-26,44.25,44.5,43.25,44.25,4325600.0,44.251999999999995,44.695,46.86983333333333
1992-08-27,44.75,45.13,44.25,44.5,2974800.0,44.202,44.5575,46.70933333333333
1992-08-28,44.25,45.25,44.0,45.0,2202400.0,44.275999999999996,44.47,46.551
1992-08-31,45.0,46.25,44.75,46.0,4328800.0,44.826,44.4825,46.403000000000006
1992-09-01,46.25,46.5,45.75,46.5,2172000.0,45.25,44.5325,46.273833333333336
1992-09-02,46.5,48.75,46.5,48.5,6794400.0,46.1,44.72,46.182166666666674
1992-09-03,49.0,49.25,47.75,47.75,7570000.0,46.75,44.9075,46.08216666666667
1992-09-04,48.25,48.25,46.75,47.25,2268800.0,47.2,45.101,45.97166666666667
1992-09-08,46.75,48.0,46.5,47.75,2511200.0,47.55,45.282,45.857
1992-09-09,48.0,49.25,47.75,49.0,5622400.0,48.05,45.557,45.7965
1992-09-10,48.0,49.5,47.5,49.25,8165600.0,48.2,45.813,45.7965
1992-09-11,49.0,49.25,47.5,47.63,6438000.0,48.176,45.957,45.79866666666666
1992-09-14,49.0,50.0,48.5,49.5,7682400.0,48.626,46.1945,45.869499999999995
1992-09-15,49.25,49.25,47.75,48.25,7806800.0,48.726,46.3695,45.927833333333325
1992-09-16,47.75,48.25,46.5,47.0,6395600.0,48.326,46.482,45.97366666666666
1992-09-17,47.25,47.25,45.38,46.0,6180000.0,47.676,46.557,45.98616666666666
1992-09-18,45.75,46.88,45.25,46.5,4133600.0,47.45,46.6445,45.994499999999995
1992-09-21,46.75,47.75,46.25,46.5,3204400.0,46.85,46.738,46.009
1992-09-22,46.75,46.75,45.25,45.75,3996800.0,46.35,46.863,46.01733333333333
1992-09-23,46.0,47.5,45.5,47.5,4443200.0,46.45,47.019,46.029833333333336
1992-09-24,47.25,47.75,46.25,46.25,4492000.0,46.5,47.119,46.00066666666667
1992-09-25,46.25,46.5,45.25,45.5,4926400.0,46.3,47.169,45.94233333333333
1992-09-28,45.0,45.0,43.75,44.75,5351200.0,45.95,47.1565,45.91733333333333
1992-09-29,44.5,45.5,44.0,44.88,5626400.0,45.775999999999996,47.1005,45.8945
1992-09-30,45.0,45.5,44.5,45.13,3580800.0,45.302,47.032,45.90916666666667
1992-10-01,44.75,45.13,44.25,44.25,4396400.0,44.902,46.8195,45.88416666666667
1992-10-02,44.5,44.75,43.0,43.75,4063600.0,44.552,46.6195,45.84866666666667
1992-10-05,43.25,43.75,41.5,43.5,9475600.0,44.302,46.432,45.811166666666665
1992-10-06,43.75,45.0,42.75,44.75,4058000.0,44.275999999999996,46.282,45.77366666666667
1992-10-07,45.0,45.25,43.5,43.75,4050800.0,44.0,46.0195,45.71116666666667
1992-10-08,44.0,44.25,43.0,43.5,4543200.0,43.85,45.732,45.63616666666667
1992-10-09,43.5,44.0,43.0,43.38,2108000.0,43.775999999999996,45.5195,45.54666666666667
1992-10-12,43.25,44.25,43.25,44.0,2580000.0,43.876,45.2445,45.53
1992-10-13,44.75,46.0,44.0,45.38,5265600.0,44.002,45.101,45.5405
1992-10-14,45.25,46.25,45.0,46.0,3429200.0,44.452000000000005,45.051,45.54466666666667
1992-10-15,45.75,46.0,45.25,45.5,2701200.0,44.852000000000004,45.025999999999996,45.56550000000001
1992-10-16,46.75,49.5,46.5,49.0,16142000.0,45.976,45.150999999999996,45.63633333333334
1992-10-19,49.0,49.25,48.5,49.0,7002400.0,46.976,45.275999999999996,45.68833333333334
1992-10-20,49.0,50.0,48.5,49.13,10269200.0,47.726,45.445,45.753
1992-10-21,49.25,49.5,48.0,48.5,4080800.0,48.226,45.495,45.78633333333333
1992-10-22,48.5,49.25,48.25,48.75,3026400.0,48.876,45.62,45.81133333333333
1992-10-23,49.25,49.5,48.25,48.75,3279200.0,48.826,45.7825,45.83633333333333
1992-10-26,48.75,51.5,48.5,51.5,8972000.0,49.326,46.12,45.915499999999994
1992-10-27,51.5,52.5,51.0,51.5,7575600.0,49.8,46.451,46.01133333333333
1992-10-28,51.25,52.75,50.75,52.25,7033200.0,50.55,46.807,46.12383333333333
1992-10-29,52.25,54.0,51.5,53.25,7661200.0,51.45,47.257,46.265499999999996
1992-10-30,53.5,53.5,52.0,52.5,4657600.0,52.2,47.6945,46.40716666666666
1992-11-02,52.5,52.75,51.75,52.25,6094400.0,52.35,48.132,46.55499999999999
1992-11-03,52.5,52.5,51.5,52.0,4042000.0,52.45,48.4945,46.686166666666665
1992-11-04,52.0,52.75,52.0,52.5,5086800.0,52.5,48.932,46.83616666666667
1992-11-05,52.5,55.0,52.5,55.0,10647600.0,52.85,49.507,47.01733333333333
1992-11-06,54.75,56.5,54.75,55.75,9443200.0,53.5,50.1255,47.20066666666666
1992-11-09,56.0,56.0,54.75,55.25,4052000.0,54.1,50.688,47.37566666666667
1992-11-10,55.0,56.5,54.75,56.25,4368000.0,54.95,51.231500000000004,47.56733333333333
1992-11-11,56.5,58.25,56.25,56.75,5023600.0,55.8,51.769000000000005,47.76733333333333
1992-11-12,57.0,57.5,56.38,56.88,3844400.0,56.176,52.338,47.97366666666667
1992-11-13,57.0,57.25,56.0,56.25,3042000.0,56.275999999999996,52.7005,48.165333333333336
1992-11-16,56.25,57.75,56.0,57.38,2419200.0,56.702,53.1195,48.377833333333335
1992-11-17,57.25,57.5,54.88,55.25,6045200.0,56.501999999999995,53.4255,48.57783333333334
1992-11-18,56.0,58.25,55.5,57.75,10889200.0,56.702,53.888,48.800666666666665
1992-11-19,57.75,59.5,57.75,58.25,8608000.0,56.976,54.363,49.034
1992-11-20,58.5,58.75,57.0,57.5,5572000.0,57.226,54.8005,49.25066666666667
1992-11-23,56.5,57.0,56.25,56.75,5462400.0,57.1,55.063,49.4465
1992-11-24,57.0,57.5,56.5,57.5,5601200.0,57.55,55.363,49.63816666666666
1992-11-25,57.0,57.25,56.0,56.5,4208000.0,57.3,55.5755,49.804833333333335
1992-11-27,56.5,57.25,56.25,56.5,1688800.0,56.95,55.738,49.93816666666667
1992-11-30,56.25,57.5,55.63,57.5,5739200.0,56.95,55.988,50.10066666666667
1992-12-01,57.25,59.0,56.75,58.25,4652400.0,57.25,56.288,50.284
1992-12-02,58.25,58.5,57.0,57.25,3498800.0,57.2,56.5505,50.44233333333333
1992-12-03,56.5,57.63,56.13,57.5,6710800.0,57.4,56.8005,50.583999999999996
1992-12-04,57.25,57.5,56.5,56.88,3432400.0,57.476,56.89450000000001,50.71116666666667
1992-12-07,56.75,57.75,56.75,57.75,5168000.0,57.525999999999996,56.9945,50.87983333333334
1992-12-08,57.75,58.75,57.75,58.13,7035600.0,57.501999999999995,57.1385,51.02366666666667
1992-12-09,57.75,58.0,57.25,57.63,5700800.0,57.57800000000001,57.2075,51.18
1992-12-10,57.25,57.63,56.5,57.25,5010800.0,57.528000000000006,57.2325,51.350833333333334
1992-12-11,57.25,58.25,57.25,57.5,4299200.0,57.652,57.2635,51.542500000000004
1992-12-14,57.5,57.75,56.75,57.25,3962000.0,57.552,57.3135,51.72166666666667
1992-12-15,56.75,57.0,55.5,56.38,6541200.0,57.202,57.2635,51.88633333333334
1992-12-16,56.25,57.0,54.5,55.0,8085200.0,56.676,57.251,52.0405
1992-12-17,55.25,57.5,55.25,56.88,8370800.0,56.602,57.2075,52.19683333333334
1992-12-18,57.5,59.25,57.25,58.25,8414400.0,56.751999999999995,57.2075,52.39683333333334
1992-12-21,58.25,60.0,58.0,59.63,9159200.0,57.227999999999994,57.314,52.632333333333335
1992-12-22,59.75,61.25,59.75,60.63,10009200.0,58.07800000000001,57.508,52.897000000000006
1992-12-23,60.25,60.5,59.25,59.75,4018800.0,59.028000000000006,57.62050000000001,53.14483333333333
1992-12-24,60.0,60.0,59.0,59.0,1642400.0,59.452,57.74550000000001,53.376
1992-12-28,59.25,59.75,59.25,59.5,2536400.0,59.702,57.895500000000006,53.63016666666667
1992-12-29,59.5,60.75,59.5,59.63,4171200.0,59.702,58.001999999999995,53.89483333333333
1992-12-30,59.75,59.75,58.75,58.75,3610800.0,59.326,58.027,54.149
1992-12-31,58.75,60.0,58.75,59.75,3302000.0,59.326,58.152,54.399
1993-01-04,59.5,60.0,57.75,58.25,4618800.0,59.176,58.189499999999995,54.64066666666667
1993-01-05,58.0,59.25,57.25,59.25,6658800.0,59.126,58.30799999999999,54.90316666666667
1993-01-06,60.75,62.0,60.5,61.75,10055600.0,59.55,58.507999999999996,55.20933333333333
1993-01-07,61.75,62.5,60.63,61.0,9741200.0,60.0,58.6515,55.492666666666665
1993-01-08,60.75,63.0,59.75,62.25,11474400.0,60.5,58.88249999999999,55.77383333333333
1993-01-11,62.0,64.37,61.75,64.12,9785200.0,61.674,59.226,56.07583333333333
1993-01-12,62.75,63.75,61.5,61.5,12364400.0,62.124,59.426,56.342499999999994
1993-01-13,61.5,64.0,61.25,63.5,7135600.0,62.474000000000004,59.7385,56.58416666666666
1993-01-14,64.0,65.25,63.75,65.0,13145200.0,63.274,60.169500000000006,56.85083333333333
1993-01-15,61.0,62.25,60.0,60.25,32257600.0,62.874,60.432,57.03616666666667
1993-01-18,59.5,60.0,58.0,59.5,11935600.0,61.95,60.563,57.219500000000004
1993-01-19,59.75,60.5,59.25,59.75,9802400.0,61.6,60.638,57.402833333333334
1993-01-20,59.75,60.25,59.5,60.0,5685600.0,60.9,60.65650000000001,57.590333333333334
1993-01-21,59.75,60.25,58.75,60.0,6601200.0,59.9,60.625,57.732
1993-01-22,60.25,60.25,59.0,59.5,5252400.0,59.75,60.6125,57.86533333333333
1993-01-25,59.25,60.5,59.25,60.0,7237600.0,59.85,60.6625,57.9945
1993-01-26,60.5,62.0,60.5,60.75,10201200.0,60.05,60.725,58.1195
1993-01-27,61.0,61.75,58.75,60.25,8101200.0,60.1,60.75600000000001,58.248666666666665
1993-01-28,60.0,60.25,59.25,59.88,6580000.0,60.076,60.8125,58.37583333333334
1993-01-29,60.25,61.25,59.0,59.5,9516800.0,60.076,60.8,58.50083333333334
1993-02-01,59.25,61.25,59.25,61.25,8608800.0,60.326,60.95,58.64666666666667
1993-02-02,60.75,61.5,60.25,60.25,6530000.0,60.226,61.0,58.73416666666667
1993-02-03,61.0,61.0,58.5,60.0,9455200.0,60.176,60.9125,58.805
1993-02-04,60.0,60.25,59.0,59.5,7453200.0,60.1,60.8375,58.87583333333334
1993-02-05,59.25,59.5,56.25,57.25,13134400.0,59.65,60.5875,58.892500000000005
1993-02-08,57.0,57.5,55.5,56.5,10060000.0,58.7,60.20649999999999,58.888333333333335
1993-02-09,57.0,57.38,56.5,56.88,8525600.0,58.025999999999996,59.9755,58.888333333333335
1993-02-10,57.0,57.25,55.0,55.75,9593600.0,57.176,59.588,58.88
1993-02-11,55.75,56.25,55.0,55.13,6015200.0,56.302,59.094500000000004,58.8425
1993-02-12,55.0,55.5,53.75,53.88,9855600.0,55.628,58.775999999999996,58.81966666666666
1993-02-16,53.5,53.5,51.5,53.0,14563200.0,54.928,58.451,58.7405
1993-02-17,53.25,54.0,52.0,53.88,8932400.0,54.327999999999996,58.157500000000006,58.66766666666667
1993-02-18,55.0,55.25,53.5,55.0,10006800.0,54.178,57.907500000000006,58.626
1993-02-19,55.25,55.5,54.75,55.0,6366800.0,54.152,57.657500000000006,58.59683333333333
1993-02-22,55.0,56.0,54.75,55.13,3531200.0,54.402,57.439,58.55733333333333
1993-02-23,55.0,55.25,54.0,54.25,6937600.0,54.652,57.1515,58.51983333333333
1993-02-24,52.13,53.88,52.13,53.63,10253600.0,54.602,56.795500000000004,58.472
1993-02-25,53.25,54.75,53.25,54.75,5979200.0,54.552,56.520500000000006,58.42616666666667
1993-02-26,54.25,54.25,52.25,53.0,10538000.0,54.152,56.17650000000001,58.33866666666667
1993-03-01,53.0,53.5,52.75,53.25,4272400.0,53.775999999999996,55.86400000000001,58.272000000000006
1993-03-02,53.0,54.5,53.0,54.25,5294400.0,53.775999999999996,55.51400000000001,58.21783333333334
1993-03-03,54.0,55.0,53.25,54.63,7261200.0,53.976,55.233000000000004,58.18033333333333
1993-03-04,54.5,55.25,53.5,55.0,6730000.0,54.025999999999996,54.983000000000004,58.134499999999996
1993-03-05,54.75,55.75,54.75,55.0,4001200.0,54.426,54.758,58.08233333333333
1993-03-08,55.0,56.75,55.0,56.5,6322400.0,55.076,54.7205,58.0635
1993-03-09,56.5,57.5,56.5,56.75,5535200.0,55.576,54.733000000000004,58.055166666666665
1993-03-10,56.75,57.25,56.0,56.75,4738800.0,56.0,54.7265,58.04266666666667
1993-03-11,57.0,57.25,56.25,56.88,5167600.0,56.376,54.783,58.036500000000004
1993-03-12,56.75,56.75,55.5,56.25,4527600.0,56.626,54.839,58.03433333333333
1993-03-15,56.0,57.25,55.38,57.0,4868800.0,56.726,54.995000000000005,58.06766666666667
1993-03-16,57.25,57.75,56.5,56.5,3626800.0,56.676,55.17,58.06133333333333
1993-03-17,56.5,57.0,55.0,55.13,6301200.0,56.352,55.232499999999995,58.00933333333333
1993-03-18,55.0,55.63,54.5,54.5,3810800.0,55.876,55.207499999999996,57.92383333333334
1993-03-19,55.0,55.25,53.5,53.75,5516800.0,55.376,55.144999999999996,57.80916666666667
1993-03-22,53.5,53.88,52.75,53.25,5911200.0,54.626,55.051,57.700833333333335
1993-03-23,53.25,54.0,52.63,52.75,3674400.0,53.876,54.976,57.59666666666667
1993-03-24,52.75,54.25,52.5,53.75,5126400.0,53.6,54.98199999999999,57.50083333333334
1993-03-25,53.75,54.75,53.5,54.75,6125200.0,53.65,54.98199999999999,57.4195
1993-03-26,54.75,54.75,52.5,53.25,5431200.0,53.55,54.994499999999995,57.32783333333334
1993-03-29,52.25,52.5,50.75,51.0,9362000.0,53.1,54.88199999999999,57.182
1993-03-30,51.13,52.25,50.25,52.25,9447600.0,53.0,54.782,57.082
1993-03-31,52.5,52.75,51.25,51.5,7968800.0,52.55,54.6255,56.95283333333334
1993-04-01,51.25,52.0,51.0,51.75,3878000.0,51.95,54.463,56.78616666666667
1993-04-02,50.5,51.25,49.5,50.13,9077600.0,51.326,54.219500000000004,56.605000000000004
1993-04-05,50.0,50.5,49.5,50.0,5332000.0,51.126,53.89450000000001,56.40083333333334
1993-04-06,50.0,50.25,48.75,48.75,6020800.0,50.426,53.4945,56.14466666666667
1993-04-07,49.0,50.75,48.5,50.5,5825200.0,50.226,53.182,55.961333333333336
1993-04-08,50.0,50.5,49.0,49.75,5857600.0,49.826,52.8255,55.73216666666667
1993-04-12,49.5,51.0,49.5,50.0,3324800.0,49.8,52.513,55.48216666666667
1993-04-13,50.5,51.25,48.25,48.5,5893600.0,49.5,52.088,55.28633333333334
1993-04-14,48.25,48.75,47.63,48.75,6092400.0,49.5,51.7005,55.10716666666667
1993-04-15,48.25,48.25,46.75,47.25,7816800.0,48.85,51.30649999999999,54.898833333333336
1993-04-16,48.25,48.75,47.38,48.13,24533200.0,48.525999999999996,50.988,54.701
1993-04-19,48.5,49.5,48.25,48.5,8148000.0,48.226,50.7255,54.50933333333333
1993-04-20,48.75,50.25,48.25,50.0,8580800.0,48.525999999999996,50.563,54.351
1993-04-21,50.25,50.75,49.25,49.63,7337600.0,48.702000000000005,50.407,54.17816666666667
1993-04-22,49.25,50.5,49.0,50.0,5648800.0,49.252,50.219500000000004,53.999
1993-04-23,49.75,50.25,48.75,49.25,4808000.0,49.476,49.944500000000005,53.815666666666665
1993-04-26,49.25,49.75,48.5,49.0,3689200.0,49.576,49.732000000000006,53.63433333333333
1993-04-27,48.75,50.25,48.75,50.25,4648800.0,49.626,49.694500000000005,53.48016666666667
1993-04-28,49.75,52.0,49.75,51.38,5846800.0,49.976,49.651,53.315666666666665
1993-04-29,51.5,51.75,50.13,50.75,2958000.0,50.126,49.6135,53.157333333333334
1993-04-30,50.75,52.5,50.75,51.25,4730000.0,50.525999999999996,49.588499999999996,53.0115
1993-05-03,51.25,52.0,51.0,51.88,2332400.0,51.102,49.676,52.8845
1993-05-04,52.25,54.25,52.0,53.38,6112400.0,51.727999999999994,49.845,52.82
1993-05-05,53.0,55.5,53.0,54.5,9059200.0,52.352,50.1325,52.78666666666666
1993-05-06,54.5,54.75,53.5,53.75,2536800.0,52.952,50.295,52.7345
1993-05-07,53.5,54.75,53.5,54.75,2927600.0,53.652,50.545,52.71783333333333
1993-05-10,55.0,55.88,55.0,55.0,4929200.0,54.275999999999996,50.795,52.71566666666666
1993-05-11,55.0,55.25,54.0,54.5,5665600.0,54.5,51.095,52.726
1993-05-12,54.25,54.75,53.0,53.25,3779200.0,54.25,51.31999999999999,52.73016666666667
1993-05-13,53.5,55.75,53.5,55.5,12940800.0,54.6,51.732499999999995,52.75716666666666
1993-05-14,55.25,56.0,55.0,55.5,4212000.0,54.75,52.101,52.765499999999996
1993-05-17,55.5,56.0,55.0,55.75,2491200.0,54.9,52.463499999999996,52.778
1993-05-18,55.5,56.25,55.0,55.5,5860000.0,55.1,52.7385,52.784166666666664
1993-05-19,54.75,57.5,54.5,57.25,6176400.0,55.9,53.119499999999995,52.83416666666666
1993-05-20,57.25,59.0,57.25,58.75,10385200.0,56.55,53.556999999999995,52.91949999999999
1993-05-21,58.75,59.13,56.75,57.5,5300000.0,56.95,53.9695,52.96533333333333
1993-05-24,56.75,58.75,56.75,57.63,5373200.0,57.326,54.400999999999996,53.0425
1993-05-25,56.75,57.5,55.75,56.38,6462400.0,57.501999999999995,54.7075,53.09466666666666
1993-05-26,56.0,57.75,55.38,57.75,4353600.0,57.602,55.025999999999996,53.153
1993-05-27,57.75,58.5,57.25,57.5,7049200.0,57.352,55.3635,53.200833333333335
1993-05-28,57.0,57.5,56.25,56.63,6575200.0,57.17800000000001,55.63250000000001,53.228
1993-06-01,56.5,57.75,56.5,57.0,4837600.0,57.052,55.8885,53.26133333333334
1993-06-02,56.75,58.25,56.0,57.0,7160000.0,57.176,56.069500000000005,53.26966666666667
1993-06-03,57.0,57.25,56.0,56.38,5603200.0,56.902,56.16350000000001,53.26350000000001
1993-06-04,55.75,56.25,54.5,54.88,7649200.0,56.378,56.220000000000006,53.23233333333334
1993-06-07,54.5,54.75,50.38,50.75,17239200.0,55.202,56.02,53.13016666666667
1993-06-08,48.75,50.0,48.0,49.5,22194400.0,53.702,55.745000000000005,53.01766666666666
1993-06-09,45.0,45.63,44.0,44.25,42090000.0,51.152,55.2325,52.805166666666665
1993-06-10,43.5,44.75,42.75,44.5,19783600.0,48.775999999999996,54.795,52.60516666666667
1993-06-11,45.0,45.25,43.38,43.75,8662400.0,46.55,54.2075,52.415499999999994
1993-06-14,44.0,44.75,43.5,44.63,8927600.0,45.326,53.66400000000001,52.251
1993-06-15,45.25,45.25,41.88,42.0,16018000.0,43.826,52.9765,52.055166666666665
1993-06-16,42.25,43.25,41.5,42.25,12615600.0,43.426,52.314,51.871833333333335
1993-06-17,42.5,42.5,40.5,41.25,14635600.0,42.775999999999996,51.513999999999996,51.680166666666665
1993-06-18,41.63,42.13,39.75,41.0,11138800.0,42.226,50.6265,51.467666666666666
1993-06-21,40.5,40.5,39.5,39.63,9776800.0,41.226,49.733,51.21566666666667
1993-06-22,40.88,42.0,39.75,41.38,12021200.0,41.102,48.9205,51.017833333333336
1993-06-23,41.75,41.75,40.0,40.5,6462400.0,40.751999999999995,48.1265,50.84283333333334
1993-06-24,40.5,41.75,40.0,41.75,7980000.0,40.852,47.326499999999996,50.667833333333334
1993-06-25,40.38,40.75,39.5,40.0,9198000.0,40.652,46.451499999999996,50.47616666666667
1993-06-28,40.5,40.5,38.75,40.13,12645600.0,40.752,45.6265,50.2825
1993-06-29,40.25,40.25,38.5,39.0,10526400.0,40.275999999999996,44.7265,50.096999999999994
1993-06-30,38.75,39.75,38.5,39.5,7170000.0,40.076,43.8515,49.922
1993-07-01,39.0,39.75,38.0,38.0,7809200.0,39.326,42.9325,49.74283333333333
1993-07-02,38.25,38.75,37.75,38.5,6846400.0,39.025999999999996,42.1135,49.54283333333333
1993-07-06,38.25,39.0,37.5,37.75,5558800.0,38.55,41.463499999999996,49.34283333333333
1993-07-07,37.5,37.88,36.25,36.5,8124400.0,38.05,40.8135,49.11783333333333
1993-07-08,36.5,37.5,36.25,36.5,4964800.0,37.45,40.426,48.91783333333333
1993-07-09,37.0,37.25,36.5,36.75,5604400.0,37.2,40.0385,48.71783333333333
1993-07-12,36.75,38.13,36.25,38.0,6215600.0,37.1,39.751,48.56366666666666
1993-07-13,38.75,38.75,37.0,37.25,5650800.0,37.0,39.382,48.382333333333335
1993-07-14,36.75,37.5,35.75,37.25,8816800.0,37.15,39.1445,48.194833333333335
1993-07-15,37.25,37.75,35.25,35.75,12091200.0,37.0,38.8195,47.95733333333333
1993-07-16,28.5,29.62,26.5,27.5,75744400.0,35.15,38.132,47.588499999999996
1993-07-19,28.0,28.75,25.5,25.62,28813200.0,32.674,37.363,47.182166666666674
1993-07-20,26.25,27.75,25.75,26.87,19017600.0,30.598000000000003,36.725,46.80916666666667
1993-07-21,26.0,26.75,25.5,26.25,16283600.0,28.398000000000003,35.9685,46.43
1993-07-22,26.0,27.0,25.75,26.5,7554400.0,26.548000000000002,35.2685,46.03416666666667
1993-07-23,27.0,27.5,26.0,26.25,8365600.0,26.298000000000002,34.4935,45.61533333333333
1993-07-26,26.75,27.5,26.0,26.87,5468000.0,26.548000000000002,33.837,45.217333333333336
1993-07-27,26.75,27.5,26.25,26.5,7100800.0,26.474,33.1555,44.804833333333335
1993-07-28,26.25,27.0,26.25,26.87,3300000.0,26.598000000000003,32.549,44.388
1993-07-29,27.0,27.5,26.75,27.25,4343200.0,26.748,31.936500000000002,43.9525
1993-07-30,27.5,28.25,27.0,27.75,7669200.0,27.048000000000002,31.424,43.50666666666667
1993-08-02,28.25,29.25,28.0,28.5,7728000.0,27.374000000000002,30.924,43.08583333333333
1993-08-03,29.0,29.25,28.75,29.0,6315600.0,27.874000000000002,30.4865,42.656666666666666
1993-08-04,29.25,30.5,29.0,30.25,8700000.0,28.55,30.174,42.244166666666665
1993-08-05,30.75,30.75,29.0,29.5,7498800.0,29.0,29.824,41.8275
1993-08-06,29.25,30.25,29.25,29.25,4506800.0,29.3,29.449,41.4275
1993-08-09,29.25,30.25,29.0,29.75,5767600.0,29.55,29.0365,40.998333333333335
1993-08-10,29.5,29.75,28.25,28.5,5465600.0,29.45,28.599,40.54833333333333
1993-08-11,28.5,28.5,27.0,27.5,5965200.0,28.9,28.1115,40.0775
1993-08-12,27.5,27.75,26.0,26.5,12098800.0,28.3,27.649,39.594166666666666
1993-08-13,26.5,27.75,26.25,27.37,4978800.0,27.924,27.642500000000002,39.096166666666676
1993-08-16,27.5,28.0,27.25,27.5,3669200.0,27.474,27.7365,38.57533333333334
1993-08-17,27.75,28.5,27.25,28.37,3876800.0,27.448,27.811500000000002,38.08983333333334
1993-08-18,29.0,29.75,28.25,28.5,6751200.0,27.648000000000003,27.924,37.60433333333334
1993-08-19,28.75,28.75,27.5,27.5,5452000.0,27.848000000000003,27.974,37.123000000000005
1993-08-20,27.75,28.0,27.0,28.0,3574400.0,27.974,28.061500000000002,36.62716666666667
1993-08-23,28.0,28.75,27.5,28.37,3265600.0,28.148000000000003,28.1365,36.141666666666666
1993-08-24,28.25,28.75,27.75,28.0,3625600.0,28.074,28.2115,35.6645
1993-08-25,28.0,28.25,26.75,27.25,5209200.0,27.824,28.2305,35.16866666666667
1993-08-26,27.25,27.25,26.5,26.87,6296800.0,27.698,28.2115,34.6665
1993-08-27,27.0,27.0,26.25,26.5,6676400.0,27.398000000000003,28.149,34.1685
1993-08-30,26.5,26.5,25.87,26.0,9785600.0,26.924,28.024,33.68716666666667
1993-08-31,26.5,26.75,26.0,26.5,4570800.0,26.624000000000002,27.899,33.283
1993-09-01,26.5,26.75,25.75,26.12,8065200.0,26.398000000000003,27.692500000000003,32.89333333333333
1993-09-02,26.0,26.25,25.25,25.75,10081200.0,26.174,27.505000000000003,32.585
1993-09-03,26.0,26.0,25.25,25.75,5830000.0,26.024,27.330000000000002,32.2725
1993-09-07,26.0,27.0,25.75,26.25,5130000.0,26.074,27.155,31.980833333333333
1993-09-08,26.25,27.0,26.0,26.75,8102000.0,26.124000000000002,27.067500000000003,31.682833333333335
1993-09-09,26.75,27.0,26.0,26.0,5352000.0,26.1,26.9925,31.416166666666665
1993-09-10,26.25,26.25,25.37,26.25,4804800.0,26.2,26.98,31.1495
1993-09-13,26.25,26.5,24.75,25.25,9143600.0,26.1,26.874000000000002,30.882833333333334
1993-09-14,24.25,25.0,24.0,24.25,9880000.0,25.7,26.7115,30.603666666666665
1993-09-15,24.5,25.0,23.5,24.5,9206800.0,25.25,26.518,30.351499999999998
1993-09-16,24.25,25.0,24.25,24.75,3086800.0,25.0,26.3305,30.074333333333335
1993-09-17,24.37,25.5,24.25,25.25,6157600.0,24.8,26.218,29.82016666666667
1993-09-20,25.25,25.5,24.75,24.87,3968800.0,24.724,26.061500000000002,29.538833333333336
1993-09-21,24.75,25.25,23.87,24.5,5250000.0,24.774,25.868000000000002,29.280500000000004
1993-09-22,24.25,25.5,24.25,25.5,3960800.0,24.974,25.743000000000002,29.03666666666667
1993-09-23,25.5,25.5,24.5,24.75,4697600.0,24.974,25.618000000000002,28.799166666666668
1993-09-24,25.0,25.25,24.5,25.0,2743200.0,24.924,25.5245,28.5575
1993-09-27,25.0,25.25,24.25,24.75,4043200.0,24.9,25.437,28.336666666666666
1993-09-28,24.75,25.0,24.25,24.75,3386400.0,24.95,25.3745,28.1075
1993-09-29,24.25,24.87,23.75,23.87,8463600.0,24.624000000000002,25.243000000000002,27.876166666666666
1993-09-30,24.0,24.0,23.0,23.37,9828000.0,24.348000000000003,25.1055,27.657333333333334
1993-10-01,22.75,23.0,22.5,22.75,12022000.0,23.898000000000003,24.9555,27.428166666666666
1993-10-04,22.62,23.0,22.0,22.75,6891200.0,23.498,24.805500000000002,27.194833333333335
1993-10-05,23.0,24.0,23.0,23.5,6306400.0,23.248,24.668,26.953166666666668
1993-10-06,23.75,24.0,23.37,23.62,6271200.0,23.198,24.5115,26.726
1993-10-07,23.5,23.75,22.75,23.0,4828000.0,23.124000000000002,24.3615,26.4885
1993-10-08,23.25,23.25,22.25,22.62,4989200.0,23.098000000000003,24.18,26.269666666666662
1993-10-11,22.75,24.0,22.75,23.75,5775200.0,23.298000000000002,24.105,26.207166666666662
1993-10-12,24.0,25.0,23.75,24.0,10952400.0,23.398000000000003,24.0925,26.180166666666665
1993-10-13,24.25,24.25,23.5,24.0,6322400.0,23.474,24.067500000000003,26.132333333333335
1993-10-14,24.0,24.5,23.5,23.75,5749200.0,23.624000000000002,24.017500000000002,26.090666666666667
1993-10-15,27.75,28.5,26.75,28.25,34136400.0,24.75,24.1675,26.119833333333336
1993-10-18,28.0,28.75,27.75,28.37,11900000.0,25.674,24.3425,26.155166666666666
1993-10-19,28.25,28.5,27.25,27.75,7643200.0,26.424,24.505000000000003,26.169833333333333
1993-10-20,28.0,28.25,27.25,27.75,4956400.0,27.174,24.6175,26.19066666666667
1993-10-21,27.5,31.25,27.25,30.25,22417600.0,28.474,24.892500000000002,26.247
1993-10-22,30.5,31.5,29.75,30.25,14160000.0,28.874000000000002,25.155,26.297
1993-10-25,30.25,30.5,29.62,30.0,7840800.0,29.2,25.4175,26.3345
1993-10-26,29.75,30.0,29.0,29.75,7960000.0,29.6,25.6675,26.35533333333333
1993-10-27,30.0,32.25,29.75,31.75,16415200.0,30.4,26.061500000000002,26.401166666666665
1993-10-28,31.75,32.25,31.0,31.0,8736800.0,30.55,26.443,26.413666666666664
1993-10-29,31.0,31.75,30.5,30.75,4892400.0,30.65,26.843,26.4345
1993-11-01,30.75,31.5,30.25,31.5,3798800.0,30.95,27.2805,26.471999999999998
1993-11-02,31.25,33.0,31.0,32.75,8013600.0,31.55,27.743000000000002,26.522
1993-11-03,33.0,33.0,31.0,31.62,6320000.0,31.524,28.143,26.573999999999998
1993-11-04,31.5,32.25,30.75,32.25,6632000.0,31.774,28.6055,26.653166666666667
1993-11-05,31.87,32.25,30.75,31.87,13513200.0,31.998,29.068,26.742666666666665
1993-11-08,32.0,32.13,30.5,30.75,5966400.0,31.848000000000003,29.418,26.799
1993-11-09,31.0,31.25,29.75,30.12,6136400.0,31.322000000000003,29.724,26.842666666666666
1993-11-10,30.25,30.75,30.0,30.75,2765600.0,31.148000000000003,30.061500000000002,26.88233333333333
1993-11-11,30.75,32.0,30.5,31.37,5090800.0,30.972,30.442500000000003,26.930166666666665
1993-11-12,31.5,32.0,30.5,31.75,5136800.0,30.948,30.6175,27.000999999999998
1993-11-15,31.5,32.75,31.5,32.0,5616800.0,31.198,30.799,27.067666666666664
1993-11-16,32.0,34.25,31.75,34.0,10838000.0,31.974,31.1115,27.1615
1993-11-17,34.0,35.0,32.75,33.5,10812400.0,32.524,31.399,27.25316666666667
1993-11-18,33.5,33.75,33.0,33.5,4089200.0,32.95,31.561500000000002,27.357333333333333
1993-11-19,33.0,33.5,32.5,33.0,4409200.0,33.2,31.699,27.4595
1993-11-22,32.75,33.0,32.25,32.5,5389200.0,33.3,31.824,27.5595
1993-11-23,32.5,33.0,31.25,33.0,6653600.0,33.1,31.9865,27.676166666666667
1993-11-24,32.75,33.5,32.63,33.0,3246800.0,33.0,32.049,27.784499999999998
1993-11-26,32.75,33.0,32.25,32.63,1569200.0,32.826,32.1305,27.892999999999997
1993-11-29,32.25,32.5,31.5,31.75,3462000.0,32.576,32.1805,27.993
1993-11-30,31.75,32.63,31.5,31.5,4036800.0,32.376,32.1805,28.088833333333334
1993-12-01,32.0,32.25,31.25,31.5,3978800.0,32.076,32.118,28.176333333333332
1993-12-02,31.75,32.0,31.0,31.75,3614400.0,31.826,32.1245,28.259666666666664
1993-12-03,31.75,32.0,31.0,31.5,4314800.0,31.6,32.087,28.351333333333333
1993-12-06,31.5,32.5,31.25,32.25,5610000.0,31.7,32.106,28.45133333333333
1993-12-07,32.0,32.25,31.5,32.25,2280800.0,31.85,32.181,28.567999999999998
1993-12-08,32.0,32.25,31.5,31.87,1422000.0,31.924,32.2685,28.695
1993-12-09,31.75,32.0,29.75,30.0,6531200.0,31.574,32.231,28.78666666666667
1993-12-10,30.25,30.5,27.75,28.25,17781200.0,30.924,32.075,28.845000000000002
1993-12-13,28.25,29.5,27.75,29.5,8729200.0,30.374000000000002,31.9625,28.915833333333335
1993-12-14,29.25,29.75,29.0,29.12,10492400.0,29.748,31.8185,28.986666666666665
1993-12-15,29.0,29.75,29.0,29.75,4438000.0,29.324,31.606,29.074166666666663
1993-12-16,29.5,29.75,29.0,29.37,4532000.0,29.198,31.3995,29.138666666666666
1993-12-17,29.5,29.75,29.12,29.5,5197600.0,29.448,31.1995,29.21783333333333
1993-12-20,29.25,29.75,28.25,28.5,6768800.0,29.248,30.9745,29.276166666666665
1993-12-21,28.5,28.75,27.25,27.5,8973600.0,28.924,30.7245,29.322
1993-12-22,27.25,28.5,27.0,28.0,6498800.0,28.574,30.4745,29.376166666666666
1993-12-23,27.25,27.25,26.5,27.25,8120000.0,28.15,30.187,29.4325
1993-12-27,27.75,28.75,27.25,28.5,5730000.0,27.95,29.9805,29.517999999999997
1993-12-28,28.75,29.5,28.5,29.12,5705600.0,28.074,29.849,29.624166666666664
1993-12-29,29.25,29.25,28.5,28.5,3853200.0,28.274,29.699,29.719999999999995
1993-12-30,28.5,30.25,28.5,29.75,11253200.0,28.624000000000002,29.6115,29.824166666666663
1993-12-31,29.75,30.25,29.25,29.25,5765200.0,29.024,29.4865,29.918
1994-01-03,29.5,30.0,29.0,29.87,6485200.0,29.298000000000002,29.405,30.032500000000002
1994-01-04,30.25,31.5,30.0,31.5,10198800.0,29.774,29.3675,30.1805
1994-01-05,31.75,33.88,31.75,33.75,21874400.0,30.824,29.442500000000003,30.347166666666666
1994-01-06,33.75,34.0,32.5,32.75,13095200.0,31.424,29.4865,30.493
1994-01-07,32.0,33.25,31.25,33.13,10688800.0,32.2,29.643,30.645166666666665
1994-01-10,33.0,33.88,32.75,33.63,7222000.0,32.952,29.912,30.809833333333337
1994-01-11,33.5,33.75,31.75,31.87,12700000.0,33.025999999999996,30.0305,30.870166666666666
1994-01-12,32.25,32.25,30.5,30.5,15684400.0,32.376,30.0995,30.905666666666665
1994-01-13,30.0,30.75,29.75,30.62,19000000.0,31.95,30.143,30.953500000000002
1994-01-14,30.75,31.75,30.5,31.0,7673200.0,31.524,30.2245,31.00766666666667
1994-01-17,31.0,31.5,30.0,30.37,5206400.0,30.872000000000003,30.268,31.009666666666664
1994-01-18,30.25,30.25,29.0,29.37,12978000.0,30.372000000000003,30.311500000000002,30.995
1994-01-19,29.25,29.75,28.75,29.25,10066400.0,30.122000000000003,30.399,30.9825
1994-01-20,29.5,30.75,29.5,29.87,9582400.0,29.971999999999998,30.4925,30.9845
1994-01-21,33.25,33.5,32.25,33.38,35007600.0,30.448,30.799,31.011666666666667
1994-01-24,33.25,35.25,33.25,35.0,24742000.0,31.374000000000002,31.124000000000002,31.078333333333333
1994-01-25,34.75,35.0,33.25,33.88,15818800.0,32.275999999999996,31.362000000000002,31.130499999999998
1994-01-26,33.75,34.0,33.25,33.5,5922400.0,33.126,31.612000000000002,31.163833333333333
1994-01-27,33.5,34.25,33.0,34.13,4724800.0,33.977999999999994,31.831,31.186833333333333
1994-01-28,34.25,34.75,33.75,34.0,4891200.0,34.102,32.0685,31.2265
1994-01-31,33.5,33.75,32.75,32.75,8532400.0,33.652,32.2125,31.234833333333334
1994-02-01,33.0,33.5,32.25,33.25,5618000.0,33.525999999999996,32.3,31.257833333333334
1994-02-02,33.25,33.25,32.5,33.0,5247600.0,33.426,32.2625,31.295333333333335
1994-02-03,33.0,33.63,32.5,33.5,4933200.0,33.3,32.3,31.35166666666667
1994-02-04,33.5,35.0,33.25,33.5,12645200.0,33.2,32.3185,31.3975
1994-02-07,33.5,37.13,33.5,36.5,25925200.0,33.95,32.462,31.483
1994-02-08,36.0,36.5,35.25,35.75,10210800.0,34.45,32.656,31.549666666666667
1994-02-09,35.75,36.5,35.25,36.25,6699200.0,35.1,32.9435,31.6205
1994-02-10,36.25,37.5,36.0,36.5,10802000.0,35.7,33.2375,31.662166666666668
1994-02-11,36.25,37.5,36.25,37.0,5880800.0,36.4,33.5375,31.7205
1994-02-14,37.0,38.0,36.75,37.0,8775200.0,36.5,33.869,31.778833333333335
1994-02-15,36.75,37.5,36.25,37.13,4654400.0,36.776,34.257,31.847666666666665
1994-02-16,37.5,37.5,36.75,36.75,4379200.0,36.876,34.632,31.918499999999998
1994-02-17,37.25,37.88,36.25,37.0,5197600.0,36.976,34.9885,31.985166666666665
1994-02-18,36.5,37.0,36.25,36.25,5326400.0,36.826,35.132,32.03933333333333
1994-02-22,36.25,37.5,35.75,37.25,7676400.0,36.876,35.2445,32.11633333333334
1994-02-23,37.25,38.25,37.0,37.25,9318800.0,36.9,35.413,32.208
1994-02-24,37.0,37.25,36.25,36.63,7081200.0,36.876,35.5695,32.2935
1994-02-25,37.0,37.25,35.5,36.0,8468000.0,36.676,35.663,32.368500000000004
1994-02-28,36.25,37.0,36.0,36.5,4434800.0,36.726,35.788,32.44766666666667
1994-03-01,36.75,36.75,35.75,36.25,7570800.0,36.525999999999996,35.963,32.526833333333336
1994-03-02,35.25,36.25,34.75,35.63,10519200.0,36.202,36.082,32.58316666666667
1994-03-03,35.75,36.25,35.5,35.75,6737600.0,36.025999999999996,36.2195,32.6415
1994-03-04,36.0,37.5,35.75,36.75,8113600.0,36.176,36.382,32.722833333333334
1994-03-07,37.0,38.13,36.75,37.88,11088800.0,36.452,36.601,32.854166666666664
1994-03-08,38.0,38.0,36.75,37.0,6647600.0,36.602,36.626,33.0
1994-03-09,36.63,37.5,36.0,37.5,8896800.0,36.976,36.713499999999996,33.13333333333333
1994-03-10,37.25,37.63,36.75,37.25,5142400.0,37.275999999999996,36.7635,33.26883333333333
1994-03-11,37.0,37.75,36.75,37.25,5791200.0,37.376,36.801,33.39383333333333
1994-03-14,38.5,38.5,37.75,38.13,15783600.0,37.426,36.8575,33.539833333333334
1994-03-15,38.25,38.25,37.25,37.63,7319200.0,37.552,36.888999999999996,33.675333333333334
1994-03-16,37.5,37.75,36.5,36.75,5265200.0,37.402,36.87,33.81283333333333
1994-03-17,36.75,37.0,36.25,36.5,5590800.0,37.251999999999995,36.8575,33.962833333333336
1994-03-18,36.75,36.75,35.75,36.38,8004400.0,37.077999999999996,36.826499999999996,34.1025
1994-03-21,36.38,36.5,35.25,35.5,8806400.0,36.552,36.789,34.24
1994-03-22,35.25,35.5,34.5,35.0,8690800.0,36.025999999999996,36.6765,34.348333333333336
1994-03-23,35.25,35.5,34.25,35.13,7749200.0,35.702,36.570499999999996,34.4485
1994-03-24,35.13,35.25,34.0,34.63,6738800.0,35.328,36.4705,34.550666666666665
1994-03-25,34.75,34.75,32.75,32.75,12291200.0,34.602000000000004,36.308,34.60066666666667
1994-03-28,33.0,34.0,32.75,33.25,10098800.0,34.152,36.1455,34.66733333333333
1994-03-29,33.25,33.75,32.25,32.75,7640000.0,33.702000000000005,35.9705,34.715333333333334
1994-03-30,32.5,33.25,31.75,32.5,6079200.0,33.176,35.814,34.732
1994-03-31,32.5,33.5,31.5,33.25,7481200.0,32.9,35.689,34.72366666666667
1994-04-04,32.25,33.25,31.75,33.25,6016800.0,33.0,35.513999999999996,34.732
1994-04-05,33.75,34.25,33.5,33.5,3505600.0,33.05,35.295,34.738166666666665
1994-04-06,34.0,34.0,32.75,33.5,4616400.0,33.2,35.12,34.736
1994-04-07,33.5,33.75,32.75,33.38,2764800.0,33.376,34.914,34.76116666666667
1994-04-08,33.75,34.0,33.25,33.5,6336400.0,33.426,34.7265,34.811166666666665
1994-04-11,33.5,33.5,32.5,33.5,3823600.0,33.476,34.539,34.85916666666667
1994-04-12,33.38,33.38,31.75,32.0,4890800.0,33.176,34.2325,34.87583333333334
1994-04-13,32.25,32.5,31.25,31.75,8330000.0,32.826,33.9385,34.89883333333333
1994-04-14,30.5,31.75,30.0,31.5,7933200.0,32.45,33.676,34.934333333333335
1994-04-15,31.25,31.5,30.0,30.25,6730800.0,31.8,33.3635,34.951
1994-04-18,30.5,30.5,29.25,29.62,8238800.0,31.024,33.0255,34.94683333333333
1994-04-19,29.75,30.0,28.5,29.0,5947600.0,30.424,32.7005,34.87383333333333
1994-04-20,29.25,30.0,28.0,28.25,10080800.0,29.724,32.363,34.76133333333333
1994-04-21,28.5,30.5,27.0,29.62,14674400.0,29.348000000000003,32.0875,34.690333333333335
1994-04-22,31.25,32.0,28.5,29.75,24923600.0,29.248,31.8435,34.627833333333335
1994-04-25,29.75,31.0,29.5,31.0,12846800.0,29.524,31.756,34.57566666666666
1994-04-26,31.5,31.5,31.0,31.25,5879200.0,29.974,31.656,34.529833333333336
1994-04-28,31.0,31.25,29.75,30.25,3604400.0,30.374000000000002,31.531,34.488166666666665
1994-04-29,30.0,30.5,29.75,30.0,3399200.0,30.45,31.406,34.434
1994-05-02,30.0,31.25,30.0,31.0,4401200.0,30.7,31.2935,34.400666666666666
1994-05-03,31.0,31.25,29.5,30.25,4761200.0,30.55,31.1435,34.3465
1994-05-04,31.0,33.25,30.5,33.0,13008800.0,30.9,31.1185,34.338166666666666
1994-05-05,33.25,33.75,32.25,32.88,10307600.0,31.426,31.0875,34.277833333333334
1994-05-06,32.25,32.75,31.25,32.31,6721200.0,31.887999999999998,31.034,34.2205
1994-05-09,32.25,32.5,30.75,31.25,5026400.0,31.938,30.9215,34.137166666666666
1994-05-10,31.75,32.0,31.0,31.0,5246800.0,32.088,30.7965,34.0455
1994-05-11,31.0,31.5,29.75,30.25,5218000.0,31.538,30.709000000000003,33.933
1994-05-12,30.5,30.75,29.5,29.69,3839200.0,30.9,30.606000000000005,33.811166666666665
1994-05-13,29.75,30.5,29.25,30.0,3323200.0,30.438,30.531000000000006,33.69233333333334
1994-05-16,30.0,30.5,29.5,29.5,4854800.0,30.088,30.493500000000004,33.5715
1994-05-17,29.75,29.75,28.75,29.37,6450800.0,29.762,30.481000000000005,33.44433333333333
1994-05-18,29.75,30.75,29.25,30.62,4436800.0,29.836000000000002,30.562,33.350500000000004
1994-05-19,30.75,32.5,30.5,32.13,9776800.0,30.324,30.756000000000007,33.265166666666666
1994-05-20,31.75,32.25,31.0,31.06,3519200.0,30.536,30.828000000000003,33.162
1994-05-23,31.0,31.25,30.0,30.5,4286400.0,30.736,30.865500000000004,33.05983333333333
1994-05-24,31.0,31.25,30.25,30.75,4536400.0,31.012,30.853,32.97233333333333
1994-05-25,30.25,31.75,30.0,31.25,4873200.0,31.137999999999998,30.853,32.88483333333333
1994-05-26,31.5,31.5,30.25,30.5,2613200.0,30.812,30.865500000000004,32.789
1994-05-27,30.25,30.75,29.5,29.94,3882400.0,30.588,30.8625,32.69416666666667
1994-05-31,29.5,29.5,28.5,29.25,9211200.0,30.338,30.775,32.58583333333333
1994-06-01,28.5,28.62,27.87,28.25,13786800.0,29.838,30.675,32.44416666666667
1994-06-02,28.37,28.5,27.12,27.37,13762400.0,29.062,30.3935,32.269
1994-06-03,27.12,28.0,26.75,27.62,12649200.0,28.486,30.1305,32.11266666666667
1994-06-06,27.5,27.75,27.0,27.37,4513200.0,27.972,29.883499999999998,31.943833333333334
1994-06-07,27.25,27.75,27.25,27.5,5013600.0,27.622000000000003,29.695999999999998,31.781333333333336
1994-06-08,27.5,27.62,26.0,26.12,9809200.0,27.196000000000005,29.451999999999998,31.595833333333335
1994-06-09,25.62,27.0,25.5,27.0,10485200.0,27.122000000000003,29.289499999999997,31.41033333333333
1994-06-10,27.12,27.37,26.37,26.5,5107600.0,26.898000000000003,29.129999999999995,31.224833333333333
1994-06-13,26.37,27.19,26.37,27.0,3339200.0,26.824,28.979999999999997,31.062333333333335
1994-06-14,27.25,27.37,26.62,27.06,5531200.0,26.736,28.857999999999997,30.904999999999998
1994-06-15,27.0,28.0,26.87,27.81,5704400.0,27.074,28.779999999999994,30.762166666666666
1994-06-16,27.75,27.75,26.12,26.37,7812400.0,26.948,28.567500000000003,30.61
1994-06-17,26.0,26.75,25.87,26.5,8027600.0,26.948,28.286,30.46833333333333
1994-06-20,26.25,27.25,26.0,27.12,7150000.0,26.972,28.089,30.334833333333336
1994-06-21,26.87,27.25,25.75,26.0,8693200.0,26.76,27.863999999999997,30.191
1994-06-22,26.25,26.75,26.0,26.25,4081200.0,26.448,27.639,30.082666666666668
1994-06-23,26.25,26.25,24.87,25.12,7283200.0,26.198,27.3325,29.947166666666664
1994-06-24,25.12,26.12,24.75,25.61,10470000.0,26.02,27.088,29.828166666666668
1994-06-27,25.25,26.25,24.62,26.25,9153200.0,25.845999999999997,26.9035,29.724
1994-06-28,26.25,27.12,25.62,26.75,6235200.0,25.996,26.7785,29.615666666666666
1994-06-29,26.75,27.12,25.87,26.12,4842400.0,25.97,26.672000000000004,29.49683333333333
1994-06-30,26.25,26.87,26.25,26.5,3652000.0,26.246,26.628500000000003,29.380166666666664
1994-07-01,26.37,26.5,25.37,25.75,6404400.0,26.274,26.535000000000004,29.250999999999998
1994-07-05,25.62,26.75,25.62,26.5,3080800.0,26.324,26.491500000000002,29.136333333333333
1994-07-06,26.25,26.5,26.0,26.12,3499200.0,26.198,26.422500000000003,29.013333333333335
1994-07-07,25.87,27.0,25.5,26.81,6097600.0,26.336000000000002,26.457,28.901833333333336
1994-07-08,26.5,27.62,26.5,27.06,7457600.0,26.447999999999997,26.459999999999997,28.8195
1994-07-11,27.12,27.37,26.62,27.0,3801200.0,26.697999999999997,26.484999999999996,28.740333333333336
1994-07-12,27.0,28.44,26.37,28.37,8662000.0,27.071999999999996,26.553499999999996,28.688166666666667
1994-07-13,28.5,30.25,28.5,29.69,16081200.0,27.786,26.684999999999995,28.678833333333333
1994-07-14,29.62,29.75,28.25,28.62,6459200.0,28.148000000000003,26.7255,28.662166666666668
1994-07-15,28.23,28.62,27.5,28.25,3409200.0,28.386000000000003,26.819499999999998,28.64966666666667
1994-07-18,28.12,29.0,28.0,28.37,2734800.0,28.660000000000004,26.913,28.651666666666664
1994-07-19,28.62,28.75,27.37,27.69,4176400.0,28.524,26.941499999999998,28.619500000000002
1994-07-20,27.37,27.62,26.37,26.62,7765200.0,27.910000000000004,26.972499999999997,28.567333333333334
1994-07-21,26.62,28.5,26.5,28.0,10348800.0,27.786,27.059999999999995,28.517333333333333
1994-07-22,31.62,31.97,30.0,31.0,28098800.0,28.336000000000002,27.353999999999996,28.513166666666667
1994-07-25,31.12,31.87,30.75,31.69,15103200.0,29.0,27.657999999999998,28.537166666666668
1994-07-26,31.75,32.0,31.12,31.37,6756400.0,29.736,27.913999999999998,28.560000000000002
1994-07-27,31.25,31.37,30.62,31.06,4788000.0,30.624000000000002,28.129499999999997,28.561
1994-07-28,31.0,32.13,30.87,31.87,8762000.0,31.398000000000003,28.416999999999994,28.588
1994-07-29,31.87,34.0,31.87,33.69,19853600.0,31.936,28.7765,28.5995
1994-08-01,33.63,33.75,32.75,33.38,8204400.0,32.274,29.157999999999998,28.607833333333335
1994-08-02,33.5,33.63,32.38,32.56,9642400.0,32.512,29.460999999999995,28.612000000000002
1994-08-03,32.75,33.25,32.13,33.13,8113600.0,32.926,29.811500000000002,28.64333333333333
1994-08-04,33.13,33.75,33.13,33.25,6620000.0,33.202,30.133500000000005,28.680833333333332
1994-08-05,32.88,33.38,32.88,33.25,3123200.0,33.114,30.443000000000005,28.730833333333333
1994-08-08,33.13,34.0,33.0,33.75,5048800.0,33.188,30.780500000000007,28.798499999999997
1994-08-09,33.5,33.88,33.13,33.63,2811200.0,33.402,31.043500000000005,28.858999999999998
1994-08-10,33.63,34.88,33.25,34.63,9065200.0,33.702,31.2905,28.9445
1994-08-11,34.25,35.13,33.88,34.31,10649200.0,33.914,31.575,29.026833333333336
1994-08-12,34.38,35.13,33.88,34.75,6425200.0,34.214,31.9,29.095666666666666
1994-08-15,34.75,35.0,34.25,34.63,4293200.0,34.39,32.213,29.137333333333334
1994-08-16,34.38,34.75,34.0,34.75,5563200.0,34.614,32.566,29.198833333333333
1994-08-17,34.88,35.38,34.63,35.0,10232400.0,34.688,32.985,29.273833333333336
1994-08-18,34.75,35.25,34.5,34.63,7370000.0,34.751999999999995,33.316500000000005,29.338500000000003
1994-08-19,34.75,35.0,34.25,34.88,4674800.0,34.778000000000006,33.5105,29.399
1994-08-22,34.75,35.0,34.63,34.88,5445600.0,34.828,33.67,29.472
1994-08-23,34.88,35.88,34.75,35.0,7669200.0,34.878,33.8515,29.556333333333335
1994-08-24,34.75,35.0,34.38,34.88,6132400.0,34.854,34.042500000000004,29.650166666666667
1994-08-25,34.25,36.38,34.25,35.06,10688800.0,34.94,34.202000000000005,29.76366666666667
1994-08-26,35.25,36.13,35.25,35.75,7300000.0,35.114,34.305,29.903333333333332
1994-08-29,35.75,36.13,35.25,35.38,5450800.0,35.214,34.405,30.032666666666668
1994-08-30,35.25,36.38,35.13,36.25,6515600.0,35.464,34.5895,30.180666666666664
1994-08-31,36.0,37.38,35.75,36.19,12568800.0,35.726,34.74250000000001,30.325499999999998
1994-09-01,35.38,35.75,34.63,35.0,7305200.0,35.714,34.830000000000005,30.4735
1994-09-02,35.25,35.5,35.0,35.38,3628000.0,35.64,34.93650000000001,30.613166666666668
1994-09-06,35.25,35.63,35.0,35.56,3279200.0,35.676,35.027,30.764166666666668
1994-09-07,35.63,36.63,35.38,36.13,7283200.0,35.652,35.152,30.916333333333334
1994-09-08,36.0,36.25,35.63,36.13,5691200.0,35.64,35.227,31.067500000000003
1994-09-09,35.75,36.0,35.38,35.75,5624400.0,35.79,35.299,31.199833333333334
1994-09-12,35.63,35.75,35.38,35.75,3252400.0,35.864,35.349000000000004,31.35616666666667
1994-09-13,35.75,36.25,35.63,35.81,3723600.0,35.914,35.408,31.511333333333333
1994-09-14,35.63,35.75,35.0,35.13,3549200.0,35.714,35.42700000000001,31.644833333333334
1994-09-15,35.13,36.13,35.13,36.0,9253200.0,35.688,35.477000000000004,31.811500000000002
1994-09-16,35.88,37.25,35.5,36.38,13008000.0,35.81400000000001,35.5645,31.98033333333333
1994-09-19,36.38,36.75,35.5,35.5,6242000.0,35.764,35.5955,32.153333333333336
1994-09-20,35.13,35.38,34.38,34.56,7047600.0,35.514,35.5795,32.302499999999995
1994-09-21,34.5,34.63,33.75,34.13,8402400.0,35.314,35.536,32.43383333333333
1994-09-22,34.25,34.25,33.63,33.88,5235600.0,34.89,35.486000000000004,32.55266666666667
1994-09-23,33.88,34.5,33.88,33.94,4760000.0,34.402,35.43,32.683
1994-09-26,33.88,34.5,33.63,33.94,5072400.0,34.089999999999996,35.3395,32.807
1994-09-27,33.75,34.13,33.38,33.88,3904800.0,33.95399999999999,35.2645,32.9425
1994-09-28,34.0,34.38,33.63,33.88,2914800.0,33.904,35.146,33.0655
1994-09-29,33.75,34.38,33.38,34.13,3921200.0,33.954,35.043,33.199
1994-09-30,34.13,34.5,33.63,33.69,2561200.0,33.904,34.977500000000006,33.31366666666666
1994-10-03,33.63,33.75,32.5,33.13,4644400.0,33.742000000000004,34.864999999999995,33.414833333333334
1994-10-04,33.25,34.0,33.0,33.75,5822000.0,33.715999999999994,34.7745,33.52733333333334
1994-10-05,33.63,38.13,33.38,37.88,25366800.0,34.516,34.862,33.685833333333335
1994-10-06,37.38,37.48,36.0,36.25,18828800.0,34.94,34.868,33.79516666666667
1994-10-07,36.13,37.06,35.5,37.0,13022000.0,35.602,34.9305,33.93483333333333
1994-10-10,37.13,39.63,37.0,38.88,18700800.0,36.752,35.087,34.112
1994-10-11,41.38,41.88,39.38,39.63,30083600.0,37.928000000000004,35.278,34.29966666666667
1994-10-12,39.63,42.63,39.13,42.13,21340000.0,38.778,35.628,34.540333333333336
1994-10-13,42.63,42.88,40.63,41.13,18761200.0,39.754,35.8845,34.78216666666667
1994-10-14,41.5,42.0,40.88,41.13,6292000.0,40.58,36.122,35.001000000000005
1994-10-17,40.88,41.5,38.88,39.75,10866400.0,40.754000000000005,36.334500000000006,35.14683333333334
1994-10-18,40.63,41.63,40.5,41.25,16749200.0,41.078,36.669000000000004,35.30616666666667
1994-10-19,41.0,42.13,41.0,41.25,12549200.0,40.902,37.025000000000006,35.47083333333334
1994-10-20,41.25,41.81,40.5,41.0,7808000.0,40.876,37.38100000000001,35.636500000000005
1994-10-21,40.75,42.75,40.75,42.63,11528000.0,41.176,37.8155,35.81583333333333
1994-10-24,42.75,43.13,41.88,42.25,7316800.0,41.676,38.23100000000001,35.958499999999994
1994-10-25,41.63,42.63,41.5,42.63,10771200.0,41.952,38.6685,36.11266666666667
1994-10-26,42.63,43.27,42.63,43.25,7043200.0,42.352,39.137,36.29083333333334
1994-10-27,43.25,43.75,42.5,42.75,5700800.0,42.702,39.568,36.45116666666667
1994-10-28,42.38,42.88,41.75,42.13,9762400.0,42.602,39.99,36.59916666666667
1994-10-31,42.0,43.38,41.5,43.19,12728000.0,42.79,40.493,36.764833333333335
1994-11-01,42.88,43.48,42.38,43.13,7805600.0,42.89,40.962,36.921166666666664
1994-11-02,43.13,43.25,41.38,41.38,7819200.0,42.516000000000005,41.137,37.050333333333334
1994-11-03,41.75,42.0,41.0,41.5,3962400.0,42.266000000000005,41.3995,37.164833333333334
1994-11-04,41.5,41.63,40.0,40.38,6869200.0,41.916,41.5685,37.266
1994-11-07,40.38,41.25,40.13,40.75,4058000.0,41.428,41.662,37.366
1994-11-08,40.63,42.63,40.25,42.25,12476400.0,41.251999999999995,41.793,37.493
1994-11-09,42.75,43.0,41.0,41.63,14530000.0,41.302,41.76800000000001,37.60766666666667
1994-11-10,41.75,41.88,41.0,41.31,5476800.0,41.263999999999996,41.777,37.712833333333336
1994-11-11,41.25,41.5,41.0,41.13,2237600.0,41.414,41.777,37.82116666666668
1994-11-14,41.25,42.75,41.25,42.5,5002000.0,41.764,41.9145,37.94816666666667
1994-11-15,42.5,43.0,41.25,41.38,6001200.0,41.59,41.921,38.0565
1994-11-16,40.75,41.56,40.63,40.94,6700000.0,41.452,41.9055,38.155499999999996
1994-11-17,40.88,41.0,39.88,40.0,5380000.0,41.19,41.8555,38.24083333333333
1994-11-18,40.0,40.5,39.63,40.0,5257600.0,40.964,41.724000000000004,38.323166666666665
1994-11-21,40.0,40.25,38.0,38.13,7255600.0,40.089999999999996,41.518,38.362833333333334
1994-11-22,37.75,39.13,37.25,37.38,8018800.0,39.29,41.2555,38.396166666666666
1994-11-23,37.0,37.88,36.38,36.88,11723200.0,38.478,40.937,38.406666666666666
1994-11-25,36.88,37.75,36.75,37.75,3012400.0,38.028000000000006,40.687,38.43266666666667
1994-11-28,37.63,38.25,37.31,37.81,4971200.0,37.59,40.471,38.4795
1994-11-29,38.0,38.5,37.75,38.25,5163200.0,37.614000000000004,40.224000000000004,38.52733333333334
1994-11-30,38.38,39.38,37.0,37.25,11157600.0,37.588,39.93,38.55550000000001
1994-12-01,37.0,37.63,36.0,36.19,11051200.0,37.45,39.670500000000004,38.55650000000001
1994-12-02,36.5,36.75,35.63,36.56,6170000.0,37.212,39.423500000000004,38.56366666666667
1994-12-05,36.5,37.38,36.13,37.19,6460000.0,37.088,39.264,38.58766666666667
1994-12-06,37.0,38.38,36.88,37.56,8516400.0,36.95,39.1045,38.61783333333334
1994-12-07,37.5,37.81,36.06,36.63,4916800.0,36.826,38.8235,38.631499999999996
1994-12-08,36.88,37.0,35.75,35.88,6081200.0,36.763999999999996,38.535999999999994,38.644
1994-12-09,35.88,36.38,34.75,36.25,9329200.0,36.702,38.283,38.64816666666666
1994-12-12,36.38,36.75,35.5,36.5,8004400.0,36.564,38.0515,38.650166666666664
1994-12-13,36.63,36.94,36.25,36.38,4266800.0,36.327999999999996,37.74550000000001,38.664833333333334
1994-12-14,36.5,38.13,36.5,37.88,11123600.0,36.578,37.5705,38.720166666666664
1994-12-15,38.0,38.38,36.88,37.13,8133200.0,36.828,37.38,38.770166666666675
1994-12-16,37.25,37.75,36.75,37.25,6432400.0,37.028000000000006,37.2425,38.82633333333334
1994-12-19,37.25,39.38,37.25,39.13,11890000.0,37.554,37.199,38.91283333333333
1994-12-20,39.13,39.25,38.38,38.5,6263600.0,37.977999999999994,37.2175,38.98883333333333
1994-12-21,37.88,38.5,37.5,38.38,5635600.0,38.077999999999996,37.2675,39.063833333333335
1994-12-22,38.5,38.88,38.25,38.63,4771200.0,38.378,37.355000000000004,39.143
1994-12-23,38.5,39.38,38.5,38.88,3372000.0,38.704,37.411500000000004,39.22216666666667
1994-12-27,39.25,39.75,38.88,39.13,2928800.0,38.704,37.477500000000006,39.31283333333333
1994-12-28,39.13,39.25,38.25,39.13,3198000.0,38.830000000000005,37.5215,39.41283333333333
1994-12-29,39.25,39.88,39.13,39.5,4341200.0,39.05400000000001,37.634,39.50866666666666
1994-12-30,39.38,39.88,38.75,39.0,2616400.0,39.128,37.7745,39.52733333333333
1995-01-03,38.88,38.88,37.88,38.38,3726400.0,39.028000000000006,37.865500000000004,39.56283333333333
1995-01-04,38.63,39.63,38.63,39.38,5682400.0,39.078,37.975,39.6025
1995-01-05,39.25,39.38,38.75,38.88,2646800.0,39.028,38.041000000000004,39.6025
1995-01-06,41.63,43.13,41.13,42.0,38456800.0,39.528,38.3095,39.642
1995-01-09,41.63,41.88,41.0,41.2,9805200.0,39.968,38.575500000000005,39.6265
1995-01-10,41.25,44.0,41.25,43.69,21977600.0,41.03,38.947500000000005,39.66916666666667
1995-01-11,43.75,48.06,42.69,46.75,31212400.0,42.504000000000005,39.46,39.76283333333333
1995-01-12,46.13,46.38,44.75,45.38,19721200.0,43.804,39.91,39.85666666666666
1995-01-13,46.13,46.13,44.38,44.88,12565600.0,44.38,40.26,39.91716666666666
1995-01-16,44.88,45.25,44.25,44.5,6765600.0,45.04,40.628499999999995,39.97133333333333
1995-01-17,44.5,45.5,44.13,45.0,11806400.0,45.302,41.016,40.038
1995-01-18,45.0,45.63,44.75,45.63,4581200.0,45.077999999999996,41.340999999999994,40.088
1995-01-19,45.5,46.0,45.0,45.88,11238800.0,45.178000000000004,41.71,40.148500000000006
1995-01-20,47.0,47.0,42.5,42.63,35731200.0,44.728,41.9225,40.148500000000006
1995-01-23,41.88,42.63,41.0,42.25,14252400.0,44.278000000000006,42.103500000000004,40.13183333333334
1995-01-24,42.25,42.38,41.38,41.63,7805600.0,43.604,42.241,40.113166666666665
1995-01-25,39.5,42.0,39.5,40.98,18482000.0,42.674,42.3335,40.094
1995-01-26,40.88,41.5,39.25,39.5,8822000.0,41.398,42.352,40.0325
1995-01-27,39.88,40.38,39.0,39.88,10676400.0,40.848,42.371,39.97833333333334
1995-01-30,40.13,40.5,39.88,40.13,8255200.0,40.424,42.4275,39.9575
1995-01-31,40.5,40.88,40.0,40.38,7621200.0,40.174,42.5275,39.93883333333334
1995-02-01,40.75,40.75,39.88,40.13,5665200.0,40.004,42.565000000000005,39.934666666666665
1995-02-02,40.13,41.88,40.13,41.63,7288000.0,40.43,42.7025,39.949333333333335
1995-02-03,42.0,42.13,40.38,40.5,11400800.0,40.554,42.627500000000005,39.92016666666667
1995-02-06,40.75,40.75,39.5,40.5,8702000.0,40.628,42.5925,39.90133333333333
1995-02-07,40.38,41.0,40.0,40.81,7200000.0,40.714000000000006,42.4485,39.893
1995-02-08,41.0,42.38,40.88,42.31,14403600.0,41.15,42.2265,39.91266666666666
1995-02-09,42.13,43.88,42.13,43.63,16988800.0,41.55,42.139,39.9315
1995-02-10,43.63,44.19,43.38,43.75,12542400.0,42.2,42.0825,39.971000000000004
1995-02-13,43.5,44.5,43.25,43.75,10120800.0,42.85,42.045,40.017833333333336
1995-02-14,43.75,44.13,42.63,42.94,5934400.0,43.275999999999996,41.942,40.066833333333335
1995-02-15,43.25,43.5,42.5,42.56,6604400.0,43.326,41.788500000000006,40.109500000000004
1995-02-16,43.13,43.25,42.63,43.19,7821200.0,43.238,41.653999999999996,40.19383333333334
1995-02-17,42.88,43.0,42.5,42.5,4366400.0,42.988,41.647499999999994,40.27916666666667
1995-02-21,42.63,42.75,40.88,41.0,10776800.0,42.438,41.584999999999994,40.347833333333334
1995-02-22,40.63,41.0,40.13,40.81,10501200.0,42.012,41.544,40.39883333333333
1995-02-23,41.13,41.88,40.0,40.19,11262000.0,41.538,41.5045,40.4385
1995-02-24,40.13,40.38,38.5,39.0,20334400.0,40.7,41.479499999999994,40.451
1995-02-27,38.25,39.0,38.11,38.25,9600800.0,39.85,41.397999999999996,40.467666666666666
1995-02-28,38.5,39.88,38.0,39.5,7965200.0,39.55,41.366499999999995,40.52283333333333
1995-03-01,39.75,40.13,39.42,40.0,8025200.0,39.388,41.3475,40.58016666666666
1995-03-02,40.13,40.75,39.75,40.0,9619200.0,39.35,41.340999999999994,40.626999999999995
1995-03-03,39.75,40.69,39.5,40.25,5209200.0,39.6,41.272,40.67183333333333
1995-03-06,39.75,40.0,39.5,39.75,4751200.0,39.9,41.2345,40.72383333333334
1995-03-07,39.88,39.88,38.25,38.31,5399200.0,39.662,41.125,40.76433333333333
1995-03-08,38.75,40.13,37.75,39.56,13048800.0,39.574,41.0625,40.8195
1995-03-09,39.88,40.38,39.38,39.75,7038000.0,39.524,40.9345,40.873666666666665
1995-03-10,39.63,40.38,39.38,39.5,4923200.0,39.374,40.727999999999994,40.925666666666665
1995-03-13,39.63,39.63,38.0,38.13,11653200.0,39.05,40.446999999999996,40.929833333333335
1995-03-14,38.25,38.25,34.5,35.0,26015200.0,38.388,40.009499999999996,40.89433333333333
1995-03-15,35.5,36.25,34.88,35.0,26120800.0,37.476,39.6125,40.856833333333334
1995-03-16,35.25,36.0,35.0,35.25,11330000.0,36.576,39.247,40.79216666666667
1995-03-17,35.5,35.5,34.88,35.13,7713600.0,35.702,38.84400000000001,40.736000000000004
1995-03-20,35.13,35.63,35.0,35.25,6793600.0,35.126,38.481500000000004,40.68383333333334
1995-03-21,35.5,36.75,35.25,36.25,10920800.0,35.376,38.24400000000001,40.64416666666667
1995-03-22,36.25,39.5,36.25,38.06,17130800.0,35.988,38.1065,40.6305
1995-03-23,37.88,38.0,36.98,37.13,6094400.0,36.364000000000004,37.953500000000005,40.59716666666667
1995-03-24,37.38,37.88,37.25,37.75,4584400.0,36.888,37.891000000000005,40.57416666666667
1995-03-27,37.63,37.63,36.63,37.19,5111200.0,37.275999999999996,37.83800000000001,40.53566666666667
1995-03-28,36.25,36.34,34.13,34.38,24655600.0,36.902,37.58200000000001,40.458666666666666
1995-03-29,34.0,34.88,33.88,34.38,17760000.0,36.166,37.301,40.392
1995-03-30,34.63,35.5,34.5,35.38,9767600.0,35.815999999999995,37.07000000000001,40.32533333333333
1995-03-31,35.13,35.63,34.75,35.25,6558000.0,35.315999999999995,36.82000000000001,40.264833333333335
1995-04-03,35.5,35.75,35.13,35.5,5528000.0,34.977999999999994,36.6075,40.15650000000001
1995-04-04,35.75,35.88,33.63,33.88,15300000.0,34.878,36.386,40.0345
1995-04-05,34.13,34.75,33.75,34.75,9470000.0,34.952000000000005,36.145500000000006,39.8855
1995-04-06,37.25,38.0,35.53,36.75,25823600.0,35.226,35.99550000000001,39.718833333333336
1995-04-07,37.0,37.13,36.25,36.75,10562400.0,35.525999999999996,35.858000000000004,39.57500000000001
1995-04-10,36.88,37.0,36.13,36.63,4211200.0,35.751999999999995,35.783,39.4375
1995-04-11,36.75,37.88,36.63,37.75,7673200.0,36.525999999999996,35.920500000000004,39.325
1995-04-12,38.25,39.63,37.38,39.0,16973200.0,37.376,36.12050000000001,39.225
1995-04-13,39.25,39.25,37.88,38.25,6242400.0,37.676,36.270500000000006,39.102
1995-04-17,38.13,39.38,37.88,38.38,7467600.0,38.001999999999995,36.433,38.977
1995-04-18,38.5,38.63,37.5,37.5,8263200.0,38.176,36.545500000000004,38.89149999999999
1995-04-19,37.5,37.5,35.63,36.38,9990800.0,37.902,36.55200000000001,38.79366666666667
1995-04-20,37.13,38.5,36.63,37.63,11772400.0,37.628,36.5305,38.727000000000004
1995-04-21,37.25,39.5,37.13,39.13,23812400.0,37.804,36.6305,38.69616666666666
1995-04-24,39.0,39.63,38.5,39.0,9724400.0,37.928000000000004,36.693,38.68783333333333
1995-04-25,39.13,39.38,37.25,37.75,9780000.0,37.978,36.721,38.65233333333333
1995-04-26,37.63,38.75,37.38,38.25,8246800.0,38.352,36.9145,38.620999999999995
1995-04-27,38.5,38.5,37.75,37.88,5014800.0,38.402,37.0895,38.57933333333333
1995-04-28,38.0,38.38,37.5,38.25,6984400.0,38.226,37.233,38.548
1995-05-01,38.25,38.75,38.0,38.25,6375600.0,38.076,37.382999999999996,38.49166666666667
1995-05-02,38.25,38.38,37.5,38.13,4289200.0,38.152,37.5145,38.45216666666667
1995-05-03,38.25,38.63,38.0,38.13,6043600.0,38.128,37.727,38.412666666666674
1995-05-04,38.25,39.88,38.0,38.5,10846800.0,38.252,37.9145,38.374166666666675
1995-05-05,38.75,39.13,38.13,38.88,7445200.0,38.378,38.021,38.317
1995-05-08,39.88,41.0,39.75,40.5,13832000.0,38.828,38.2085,38.26483333333333
1995-05-09,40.63,41.38,40.0,41.25,11540800.0,39.452,38.439499999999995,38.223166666666664
1995-05-10,41.5,41.88,40.75,41.44,9837600.0,40.114,38.624,38.184666666666665
1995-05-11,41.63,41.63,40.38,41.0,18712400.0,40.614,38.724000000000004,38.15233333333333
1995-05-12,40.88,43.69,40.5,43.63,23153200.0,41.564,38.993,38.17016666666667
1995-05-15,43.13,43.75,42.5,43.63,14053200.0,42.19,39.2555,38.1775
1995-05-16,43.13,44.38,42.5,43.75,11895600.0,42.69,39.568,38.19833333333334
1995-05-17,43.75,44.38,43.5,44.0,9419200.0,43.202,39.949,38.248333333333335
1995-05-18,44.13,44.13,43.25,43.38,13287600.0,43.678000000000004,40.2365,38.29116666666667
1995-05-19,42.88,43.75,42.63,42.75,11522000.0,43.502,40.417500000000004,38.33383333333334
1995-05-22,42.5,44.13,42.25,44.13,13282400.0,43.602,40.674,38.419333333333334
1995-05-23,44.13,44.38,43.5,43.88,9881200.0,43.628,40.9805,38.51316666666666
1995-05-24,43.75,44.25,42.88,43.5,9459200.0,43.528,41.243,38.57983333333333
1995-05-25,43.25,44.0,43.0,43.38,6536800.0,43.528,41.518,38.63616666666667
1995-05-26,43.0,43.13,42.25,42.69,4097600.0,43.516,41.74,38.681000000000004
1995-05-30,42.63,42.88,41.5,42.0,7021200.0,43.089999999999996,41.9275,38.710166666666666
1995-05-31,42.13,42.13,41.0,41.56,5707600.0,42.626,42.099000000000004,38.74033333333333
1995-06-01,41.88,42.5,41.75,42.19,6685200.0,42.364,42.30200000000001,38.805
1995-06-02,41.88,42.38,41.5,42.13,3783200.0,42.114000000000004,42.48350000000001,38.84783333333334
1995-06-05,42.38,43.5,42.13,43.5,9103200.0,42.275999999999996,42.7145,38.91033333333334
1995-06-06,43.63,44.38,43.5,44.0,11270800.0,42.676,42.889500000000005,38.98533333333334
1995-06-07,44.13,44.13,43.13,43.13,4451200.0,42.989999999999995,42.98350000000001,39.068666666666665
1995-06-08,43.38,43.38,42.13,42.94,4874400.0,43.14,43.058499999999995,39.201
1995-06-09,43.63,43.75,43.13,43.5,6679200.0,43.414,43.183499999999995,39.342666666666666
1995-06-12,44.0,44.5,43.88,44.17,7584400.0,43.548,43.2105,39.49133333333334
1995-06-13,44.5,44.63,43.88,44.0,4508000.0,43.548,43.229,39.63916666666667
1995-06-14,43.88,43.88,43.38,43.63,4224800.0,43.648,43.223,39.77883333333333
1995-06-15,43.63,43.75,43.38,43.63,3331200.0,43.786,43.2045,39.901833333333336
1995-06-16,43.88,44.0,43.5,43.88,3200800.0,43.862,43.2295,39.99883333333333
1995-06-19,43.88,45.25,43.5,44.38,16774400.0,43.903999999999996,43.311,40.11966666666667
1995-06-20,46.0,47.75,46.0,47.38,26385200.0,44.58,43.4735,40.280166666666666
1995-06-21,47.63,50.13,46.75,49.38,22378800.0,45.730000000000004,43.7485,40.483333333333334
1995-06-22,49.0,49.63,48.63,49.13,16928800.0,46.83,44.03,40.729166666666664
1995-06-23,48.75,49.0,47.75,48.75,8286800.0,47.804,44.298500000000004,40.968666666666664
1995-06-26,48.25,48.5,47.63,48.13,5465600.0,48.553999999999995,44.570499999999996,41.18116666666666
1995-06-27,47.38,48.25,46.38,46.38,7772400.0,48.354,44.7895,41.36666666666667
1995-06-28,46.0,47.5,45.38,46.63,9531200.0,47.804,45.043,41.55216666666667
1995-06-29,46.38,48.13,46.0,47.25,8320000.0,47.428000000000004,45.296,41.775
1995-06-30,47.25,47.88,46.13,46.44,5927600.0,46.966,45.5115,41.969833333333334
1995-07-03,46.5,47.13,46.25,46.94,1410800.0,46.727999999999994,45.683499999999995,42.13966666666666
1995-07-05,46.88,47.88,46.5,46.5,6325600.0,46.751999999999995,45.808499999999995,42.30216666666666
1995-07-06,46.5,47.0,45.75,47.0,6583200.0,46.826,46.001999999999995,42.475
1995-07-07,46.88,49.25,46.75,48.63,13840000.0,47.102,46.286500000000004,42.656333333333336
1995-07-10,48.63,49.88,48.13,48.63,10640800.0,47.54,46.543000000000006,42.816833333333335
1995-07-11,47.75,48.63,47.06,47.13,7683200.0,47.578,46.691,42.96483333333334
1995-07-12,47.25,48.0,46.13,47.0,10145200.0,47.678000000000004,46.841,43.10850000000001
1995-07-13,47.38,48.75,47.13,47.63,12596400.0,47.804,47.041000000000004,43.27733333333334
1995-07-14,47.38,49.0,47.0,48.75,9929200.0,47.828,47.297000000000004,43.48350000000001
1995-07-17,48.88,49.75,48.63,49.0,8098000.0,47.902,47.553000000000004,43.673
1995-07-18,49.0,49.56,47.75,48.13,9102000.0,48.102,47.740500000000004,43.823
1995-07-19,47.0,48.0,45.0,45.5,18613200.0,47.802,47.6465,43.931333333333335
1995-07-20,46.0,47.38,45.0,47.06,11848800.0,47.688,47.5305,44.0865
1995-07-21,43.0,44.88,43.0,43.75,27082400.0,46.688,47.2615,44.17816666666667
1995-07-24,44.0,45.5,43.75,45.38,7679200.0,45.964,47.093,44.30316666666667
1995-07-25,46.0,46.38,45.63,45.75,9418000.0,45.488,46.974000000000004,44.42816666666667
1995-07-26,46.25,46.25,45.38,45.38,6125200.0,45.464000000000006,46.924,44.547000000000004
1995-07-27,45.5,47.5,45.5,46.81,11621200.0,45.414,46.93300000000001,44.69166666666667
1995-07-28,46.75,47.25,45.0,45.5,9341200.0,45.764,46.8455,44.814499999999995
1995-07-31,45.5,45.63,44.75,45.0,5673600.0,45.688,46.7735,44.92283333333333
1995-08-01,44.88,44.88,43.5,43.5,7540000.0,45.238,46.6015,44.999833333333335
1995-08-02,43.88,45.0,43.75,44.38,9840800.0,45.038,46.49550000000001,45.0645
1995-08-03,44.13,45.63,43.88,45.0,7640800.0,44.676,46.395500000000006,45.127
1995-08-04,45.0,45.13,43.75,44.25,6884400.0,44.426,46.176500000000004,45.17383333333334
1995-08-07,44.13,44.63,43.13,43.38,6920000.0,44.102,45.914,45.2135
1995-08-08,43.63,43.75,42.38,42.5,8388800.0,43.902,45.6825,45.19466666666667
1995-08-09,42.63,43.75,42.5,43.13,13190000.0,43.652,45.489,45.18633333333333
1995-08-10,43.13,43.25,42.63,42.75,5868000.0,43.202,45.245,45.169666666666664
1995-08-11,42.88,43.13,41.88,43.06,7407600.0,42.964,44.9605,45.153999999999996
1995-08-14,43.0,43.75,42.88,43.38,5989200.0,42.964000000000006,44.679500000000004,45.153999999999996
1995-08-15,43.88,44.13,43.13,44.06,11370800.0,43.276,44.476,45.17583333333333
1995-08-16,44.0,44.5,43.63,44.5,10457600.0,43.55,44.426,45.182
1995-08-17,44.63,45.5,44.13,44.63,8827600.0,43.926,44.304500000000004,45.1945
1995-08-18,44.88,45.13,43.75,44.88,8620000.0,44.29,44.361000000000004,45.2175
1995-08-21,44.88,45.38,44.13,44.13,9721200.0,44.44,44.298500000000004,45.230000000000004
1995-08-22,44.38,45.13,44.13,44.75,7769200.0,44.577999999999996,44.2485,45.26433333333333
1995-08-23,44.88,45.88,44.63,45.5,9078000.0,44.778,44.2545,45.32266666666667
1995-08-24,45.63,46.25,45.5,45.75,10285200.0,45.001999999999995,44.201499999999996,45.392500000000005
1995-08-25,45.88,45.88,44.63,44.75,4819200.0,44.976,44.164,45.43516666666667
1995-08-28,44.88,45.0,43.0,43.0,8680000.0,44.75,44.064,45.449666666666666
1995-08-29,43.0,43.25,42.5,43.13,11325600.0,44.426,44.0455,45.44349999999999
1995-08-30,43.25,43.75,43.13,43.38,5482000.0,44.001999999999995,43.9955,45.433166666666665
1995-08-31,43.38,43.5,43.0,43.0,3148000.0,43.452,43.8955,45.431000000000004
1995-09-01,43.0,43.5,42.88,42.94,3532400.0,43.089999999999996,43.83,45.431000000000004
1995-09-05,43.5,43.5,42.75,43.5,6443200.0,43.19,43.836,45.431000000000004
1995-09-06,43.88,44.17,43.5,43.75,7175600.0,43.314,43.8985,45.424
1995-09-07,44.0,45.31,43.75,44.75,9373600.0,43.588,43.9795,45.4365
1995-09-08,44.75,44.88,44.5,44.75,6243200.0,43.938,44.0795,45.45516666666666
1995-09-11,44.88,45.5,44.25,44.25,6160800.0,44.2,44.138999999999996,45.4655
1995-09-12,44.5,44.88,42.63,42.94,11658800.0,44.088,44.117,45.44983333333334
1995-09-13,42.88,43.38,42.0,42.38,11530800.0,43.814,44.033,45.416500000000006
1995-09-14,41.38,41.63,39.75,40.0,19675600.0,42.864,43.808,45.2935
1995-09-15,37.38,39.88,35.5,35.88,43286800.0,41.089999999999996,43.37050000000001,45.06849999999999
1995-09-18,36.38,36.81,35.88,36.69,22216400.0,39.577999999999996,42.961,44.86116666666667
1995-09-19,36.75,37.13,36.13,36.75,17512400.0,38.339999999999996,42.592,44.66116666666667
1995-09-20,37.25,37.38,36.5,36.63,11500800.0,37.190000000000005,42.186,44.469500000000004
1995-09-21,36.5,37.5,36.38,37.0,12407600.0,36.59,41.761,44.31316666666667
1995-09-22,36.88,37.25,36.38,37.06,14258000.0,36.826,41.3265,44.153666666666666
1995-09-25,38.25,38.27,37.38,37.52,11267600.0,36.992,40.965,43.991499999999995
1995-09-26,37.75,37.88,37.13,37.38,8961200.0,37.118,40.684000000000005,43.8405
1995-09-27,37.5,37.5,34.75,36.25,16135600.0,37.042,40.34,43.662333333333336
1995-09-28,36.5,37.88,36.5,37.75,11843600.0,37.192,40.0585,43.5165
1995-09-29,38.0,38.25,36.88,37.25,10123200.0,37.230000000000004,39.771,43.354000000000006
1995-10-02,37.75,38.5,37.5,37.63,14000000.0,37.251999999999995,39.5055,43.17066666666667
1995-10-03,38.13,38.5,37.13,37.63,10368000.0,37.302,39.212,42.98733333333334
1995-10-04,36.63,37.0,36.0,36.38,9532000.0,37.327999999999996,38.8435,42.808166666666665
1995-10-05,36.25,36.63,35.88,36.5,8737600.0,37.077999999999996,38.431,42.63316666666666
1995-10-06,36.75,37.0,35.63,35.69,11058000.0,36.766,37.977999999999994,42.43416666666666
1995-10-09,35.38,35.75,34.38,34.81,13320800.0,36.202,37.506,42.201833333333326
1995-10-10,34.38,35.0,33.63,34.69,14303600.0,35.614,37.093500000000006,41.96333333333333
1995-10-11,35.25,35.63,34.13,34.88,11893200.0,35.31400000000001,36.718500000000006,41.7425
1995-10-12,35.0,35.38,34.75,35.31,5803200.0,35.076,36.484,41.57266666666667
1995-10-13,35.75,36.88,35.5,36.0,8422000.0,35.138,36.489999999999995,41.388333333333335
1995-10-16,36.25,37.0,35.88,36.13,6515200.0,35.402,36.462,41.26133333333334
1995-10-17,36.5,36.88,35.88,36.63,6390000.0,35.79,36.456,41.115500000000004
1995-10-18,37.0,39.56,36.75,37.38,18311200.0,36.29,36.4935,40.976
1995-10-19,35.88,36.13,34.75,34.75,33761200.0,36.178,36.381,40.79883333333333
1995-10-20,35.25,35.25,34.63,35.13,13818800.0,36.004000000000005,36.284499999999994,40.604166666666664
1995-10-23,35.13,35.13,34.75,35.13,7078000.0,35.804,36.165,40.431333333333335
1995-10-24,35.5,35.5,34.88,35.13,7638800.0,35.504000000000005,36.052499999999995,40.26683333333334
1995-10-25,35.25,35.38,34.75,34.75,4761200.0,34.977999999999994,35.9775,40.121
1995-10-26,34.88,35.0,34.5,34.88,4503600.0,35.004,35.834,39.96266666666667
1995-10-27,34.88,34.88,34.13,34.75,5523200.0,34.928,35.709,39.79183333333334
1995-10-30,34.88,35.25,34.63,35.25,6291200.0,34.952,35.589999999999996,39.64183333333334
1995-10-31,35.25,36.63,35.13,36.31,10334400.0,35.188,35.524,39.524
1995-11-01,36.63,37.13,35.5,36.63,6913200.0,35.56400000000001,35.536500000000004,39.42616666666666
1995-11-02,36.88,36.88,36.25,36.63,5464400.0,35.914,35.543,39.31783333333333
1995-11-03,36.75,36.88,35.88,36.5,6413200.0,36.263999999999996,35.5835,39.21366666666667
1995-11-06,36.5,38.75,36.38,38.13,11143200.0,36.839999999999996,35.7495,39.1315
1995-11-07,37.75,40.5,37.5,39.63,26310800.0,37.504,35.9965,39.069
1995-11-08,39.75,41.0,38.75,38.88,12823600.0,37.954,36.1965,38.98266666666667
1995-11-09,39.75,40.0,38.88,39.38,9295200.0,38.504000000000005,36.4,38.897333333333336
1995-11-10,39.38,40.25,38.88,39.75,7973200.0,39.154,36.5875,38.816
1995-11-13,40.25,41.25,40.0,40.88,11343200.0,39.704,36.825,38.74933333333333
1995-11-14,41.0,42.5,41.0,41.5,14560000.0,40.077999999999996,37.0685,38.7055
1995-11-15,42.0,42.0,40.13,41.0,8874400.0,40.501999999999995,37.2495,38.643
1995-11-16,40.88,41.5,39.5,39.94,8102000.0,40.614,37.509,38.550333333333334
1995-11-17,40.0,40.38,39.75,40.13,4607600.0,40.69,37.759,38.45666666666667
1995-11-20,40.25,40.25,38.5,38.63,5314400.0,40.24,37.934000000000005,38.35466666666666
1995-11-21,38.75,38.75,37.88,38.63,6845200.0,39.666000000000004,38.109,38.28183333333333
1995-11-22,38.63,39.25,38.5,38.63,3533600.0,39.192,38.303000000000004,38.206833333333336
1995-11-24,38.88,40.38,38.75,40.19,3930800.0,39.242000000000004,38.56850000000001,38.15366666666667
1995-11-27,40.63,40.63,39.38,39.38,4148800.0,39.092,38.800000000000004,38.09333333333334
1995-11-28,39.38,40.13,39.25,40.0,6305200.0,39.366,39.0375,38.04433333333334
1995-11-29,40.13,40.13,39.0,39.25,3782000.0,39.489999999999995,39.1845,37.97350000000001
1995-11-30,38.88,39.0,38.0,38.13,6247600.0,39.39,39.2595,37.87983333333333
1995-12-01,38.0,38.25,37.13,37.63,7300800.0,38.878,39.3095,37.76116666666667
1995-12-04,40.13,40.13,39.0,39.5,17171200.0,38.902,39.459500000000006,37.67366666666667
1995-12-05,38.5,39.88,38.25,39.5,13000000.0,38.802,39.528000000000006,37.594500000000004
1995-12-06,39.75,39.88,38.38,38.75,7195200.0,38.702,39.484,37.52466666666667
1995-12-07,38.75,38.75,37.88,38.56,5084800.0,38.788,39.468,37.461
1995-12-08,38.75,39.38,37.88,39.38,5053200.0,39.138,39.468,37.45066666666666
1995-12-11,39.5,39.63,38.38,38.63,4003200.0,38.964,39.412,37.4965
1995-12-12,38.63,38.63,38.0,38.0,6353200.0,38.664,39.26800000000001,37.51833333333334
1995-12-13,38.25,39.0,36.75,38.38,24472400.0,38.59,39.11200000000001,37.54550000000001
1995-12-14,38.88,39.38,38.0,38.25,11928000.0,38.528000000000006,38.974500000000006,37.572500000000005
1995-12-15,35.5,36.63,34.38,35.25,25960000.0,37.702000000000005,38.74,37.54333333333334
1995-12-18,35.13,35.25,31.87,32.25,23807600.0,36.426,38.346000000000004,37.46316666666667
1995-12-19,32.75,33.25,32.25,32.75,15403600.0,35.376,38.05200000000001,37.38366666666668
1995-12-20,33.5,33.63,32.5,32.63,13074400.0,34.226,37.752,37.3045
1995-12-21,32.75,32.75,31.62,32.5,11893200.0,33.076,37.4455,37.242
1995-12-22,32.63,32.88,32.13,32.25,8392400.0,32.476,37.048500000000004,37.150333333333336
1995-12-26,32.5,32.5,31.75,32.06,4994800.0,32.438,36.6825,37.063833333333335
1995-12-27,32.13,33.38,31.87,32.38,9609200.0,32.364,36.3015,36.97633333333333
1995-12-28,32.13,32.75,31.87,32.0,8933200.0,32.238,35.939,36.8825
1995-12-29,32.0,32.38,31.62,31.87,10874400.0,32.112,35.626,36.80733333333333
1996-01-02,32.25,32.25,31.75,32.13,4983200.0,32.088,35.351,36.734500000000004
1996-01-03,32.0,32.88,31.87,32.13,15368800.0,32.102000000000004,34.9825,36.67516666666667
1996-01-04,32.38,32.38,31.37,31.56,10721200.0,31.938000000000006,34.5855,36.621
1996-01-05,31.62,34.25,31.37,34.25,15929200.0,32.388,34.3605,36.61366666666667
1996-01-08,34.5,35.5,34.0,34.63,4341200.0,32.940000000000005,34.164,36.609500000000004
1996-01-09,34.63,34.63,32.75,32.75,8978800.0,33.064,33.8325,36.566833333333335
1996-01-10,32.5,34.75,32.25,34.25,13057600.0,33.488,33.6135,36.537666666666674
1996-01-11,32.63,35.0,32.38,35.0,27041200.0,34.176,33.463499999999996,36.51883333333333
1996-01-12,34.75,34.75,33.25,33.88,14370000.0,34.102,33.2385,36.473
1996-01-15,33.75,34.5,33.38,34.13,12971200.0,34.001999999999995,33.0325,36.41883333333333
1996-01-16,34.38,34.75,33.63,34.56,12606400.0,34.364,32.998,36.41566666666667
1996-01-17,34.38,34.38,33.75,34.0,8445200.0,34.314,33.085499999999996,36.39683333333333
1996-01-18,32.88,33.38,30.37,31.94,24955200.0,33.702,33.045,36.343666666666664
1996-01-19,31.0,31.75,29.37,29.87,29623600.0,32.9,32.907,36.256
1996-01-22,29.75,31.0,29.25,30.5,17852400.0,32.174,32.807,36.18516666666667
1996-01-23,33.75,34.0,31.0,31.62,35305200.0,31.586000000000002,32.7755,36.13083333333334
1996-01-24,32.13,32.25,31.75,32.25,23438800.0,31.236,32.785000000000004,36.08916666666667
1996-01-25,31.75,32.0,30.12,30.25,15911200.0,30.898000000000003,32.6785,36.00583333333334
1996-01-26,30.37,31.25,28.62,30.62,26297600.0,31.047999999999995,32.609500000000004,35.910999999999994
1996-01-29,29.0,29.75,28.75,29.12,11900000.0,30.772,32.472,35.785833333333336
1996-01-30,27.0,28.12,26.86,27.31,22246800.0,29.910000000000004,32.231,35.6305
1996-01-31,27.75,28.0,27.37,27.62,11736800.0,28.984,32.0055,35.4825
1996-02-01,27.5,28.37,27.5,28.37,11902400.0,28.607999999999997,31.845999999999997,35.319833333333335
1996-02-02,28.87,29.62,28.75,29.25,19865600.0,28.333999999999996,31.595999999999997,35.14683333333333
1996-02-05,29.69,29.75,29.0,29.25,11396400.0,28.359999999999996,31.326999999999998,34.98633333333334
1996-02-06,29.25,30.0,29.25,29.62,8101200.0,28.822000000000003,31.170499999999997,34.82366666666667
1996-02-07,29.75,29.75,27.75,28.25,12885200.0,28.948,30.8705,34.632
1996-02-08,27.5,28.12,27.5,27.87,9420800.0,28.848000000000003,30.514,34.415166666666664
1996-02-09,27.87,28.5,27.62,27.75,7360800.0,28.548000000000002,30.2075,34.186
1996-02-12,28.12,28.5,28.0,28.37,6948800.0,28.372000000000003,29.9195,33.9755
1996-02-13,28.0,28.87,27.87,28.12,8161200.0,28.071999999999996,29.597500000000004,33.7785
1996-02-14,28.25,28.25,27.44,27.62,5843600.0,27.945999999999998,29.2785,33.57
1996-02-15,27.62,28.12,27.37,28.0,4360000.0,27.972,29.0815,33.392833333333336
1996-02-16,28.12,28.37,27.5,27.5,5602400.0,27.922000000000004,28.963,33.20733333333333
1996-02-20,28.0,29.5,28.0,29.0,13473200.0,28.048000000000002,28.887999999999998,33.04683333333333
1996-02-21,29.37,29.75,29.12,29.62,7924400.0,28.348000000000003,28.788,32.870666666666665
1996-02-22,30.0,30.12,29.62,29.87,6588000.0,28.798000000000002,28.669,32.71216666666667
1996-02-23,29.87,30.25,29.62,29.87,6205200.0,29.171999999999997,28.65,32.54333333333334
1996-02-26,30.0,30.12,29.5,29.5,4238000.0,29.571999999999996,28.594,32.380833333333335
1996-02-27,29.87,29.87,28.5,28.62,5331200.0,29.496,28.569,32.22233333333333
1996-02-28,28.87,28.87,27.62,27.75,6728800.0,29.122000000000003,28.591,32.05766666666667
1996-02-29,27.5,27.75,27.25,27.5,4049200.0,28.648000000000003,28.585,31.857666666666667
1996-03-01,27.62,27.62,26.62,26.87,8263200.0,28.048000000000002,28.51,31.64716666666667
1996-03-04,27.25,27.37,26.25,26.25,6708800.0,27.398000000000003,28.360000000000003,31.438833333333335
1996-03-05,26.5,26.75,26.25,26.62,4246800.0,26.998,28.228500000000004,31.239833333333333
1996-03-06,26.75,26.87,26.12,26.19,3547600.0,26.686,28.057,31.02
1996-03-07,26.25,26.37,25.37,25.81,9292400.0,26.348000000000003,27.935000000000002,30.806333333333335
1996-03-08,25.75,26.25,25.0,26.0,5322400.0,26.174,27.841500000000003,30.606333333333335
1996-03-11,26.25,26.37,25.75,25.87,4544800.0,26.098000000000003,27.747500000000002,30.397833333333335
1996-03-12,26.0,26.37,25.62,25.81,3453200.0,25.936,27.6195,30.1905
1996-03-13,25.87,26.12,25.62,25.75,3560000.0,25.848000000000003,27.500999999999998,30.03216666666667
1996-03-14,25.87,25.87,25.5,25.62,3342400.0,25.810000000000002,27.401,29.921666666666667
1996-03-15,26.0,26.0,25.5,25.87,3632400.0,25.784000000000002,27.2945,29.807000000000002
1996-03-18,25.94,26.12,25.75,26.12,3907600.0,25.833999999999996,27.2255,29.6985
1996-03-19,26.37,26.5,25.62,25.75,4442400.0,25.821999999999996,27.063,29.586
1996-03-20,25.75,25.75,25.12,25.25,4154800.0,25.721999999999998,26.8445,29.46933333333333
1996-03-21,25.5,25.5,25.0,25.12,3932400.0,25.622000000000003,26.607,29.353666666666665
1996-03-22,25.25,25.37,24.87,25.37,3842400.0,25.522,26.381999999999998,29.236833333333333
1996-03-25,25.5,25.75,24.0,24.0,5887600.0,25.098,26.107,29.1035
1996-03-26,24.0,24.5,23.62,23.87,5755600.0,24.722,25.8695,28.970166666666668
1996-03-27,23.25,25.25,23.0,25.25,15338800.0,24.722,25.7445,28.855500000000003
1996-03-28,24.75,25.62,24.12,24.19,10572000.0,24.536,25.579,28.723166666666668
1996-03-29,24.25,24.75,23.75,24.56,5962400.0,24.374000000000002,25.4635,28.6065
1996-04-01,25.12,25.87,24.52,25.5,5680000.0,24.674,25.426,28.46066666666667
1996-04-02,25.62,25.62,24.87,25.0,3635600.0,24.9,25.345,28.300166666666666
1996-04-03,25.12,25.12,24.33,24.56,2591200.0,24.762,25.2635,28.163666666666664
1996-04-04,24.62,24.62,24.0,24.12,3092000.0,24.748,25.179,27.994833333333336
1996-04-08,23.87,24.5,23.75,24.37,6046400.0,24.71,25.0975,27.817666666666664
1996-04-09,24.87,26.5,24.37,26.0,8415600.0,24.81,25.104,27.686333333333334
1996-04-10,26.12,26.5,25.87,26.0,6242400.0,25.009999999999998,25.1135,27.550833333333333
1996-04-11,26.12,26.25,25.5,25.75,3526400.0,25.247999999999998,25.1135,27.404
1996-04-12,25.87,25.87,25.37,25.5,2924400.0,25.524,25.107499999999998,27.262333333333334
1996-04-15,25.5,25.75,25.0,25.75,5515600.0,25.8,25.101499999999998,27.159166666666668
1996-04-16,25.87,26.0,25.62,25.87,3634400.0,25.774,25.089000000000002,27.092500000000005
1996-04-17,25.87,26.0,25.12,25.25,3056400.0,25.624000000000002,25.064,27.005000000000003
1996-04-18,25.37,25.39,24.25,24.75,7780800.0,25.424,25.039,26.890499999999996
1996-04-19,24.62,25.12,24.62,25.06,3655600.0,25.336000000000002,25.036,26.770666666666667
1996-04-22,25.25,25.5,24.87,25.12,3973200.0,25.21,25.023500000000002,26.685166666666664
1996-04-23,25.12,25.25,24.62,24.75,6086400.0,24.986,25.061,26.587333333333333
1996-04-24,24.62,24.75,24.19,24.25,4596800.0,24.786,25.080000000000002,26.506166666666665
1996-04-25,24.37,24.87,24.12,24.87,6245200.0,24.81,25.061,26.465500000000002
1996-04-26,25.0,25.12,24.62,24.75,6759200.0,24.747999999999998,25.089000000000002,26.41766666666667
1996-04-29,25.0,25.0,24.5,24.75,4324800.0,24.674,25.0985,26.357333333333333
1996-04-30,24.87,24.87,24.12,24.37,4881200.0,24.598000000000003,25.042,26.276
1996-05-01,24.37,24.75,24.12,24.37,4039200.0,24.622000000000003,25.0105,26.194666666666667
1996-05-02,24.5,24.5,23.5,23.75,6728000.0,24.398000000000003,24.970000000000002,26.096833333333336
1996-05-03,24.12,24.12,23.5,23.87,3892400.0,24.222,24.957500000000003,26.023833333333336
1996-05-06,24.87,25.87,24.75,25.62,10349200.0,24.396,25.020000000000003,25.986333333333334
1996-05-07,26.37,27.37,26.25,26.87,12641200.0,24.896,25.063499999999998,25.971666666666668
1996-05-08,27.25,27.25,25.62,26.75,6688800.0,25.372,25.101,25.944666666666667
1996-05-09,26.37,26.5,25.75,26.12,3515600.0,25.845999999999997,25.1195,25.911333333333335
1996-05-10,26.25,27.37,26.0,27.25,3966400.0,26.522,25.207,25.90516666666667
1996-05-13,27.12,27.62,26.62,27.06,6701200.0,26.810000000000002,25.2725,25.8895
1996-05-14,27.75,28.0,27.5,27.5,7068000.0,26.936,25.354,25.8895
1996-05-15,27.87,28.87,27.75,28.5,10442400.0,27.286,25.5165,25.88116666666667
1996-05-16,28.25,28.62,27.87,28.37,4648800.0,27.736,25.6975,25.860333333333333
1996-05-17,28.37,28.37,27.5,27.62,4405600.0,27.810000000000002,25.825499999999998,25.822833333333335
1996-05-20,27.87,28.12,27.62,27.94,3028800.0,27.986,25.966500000000003,25.790666666666667
1996-05-21,28.0,28.12,27.12,27.12,4088000.0,27.910000000000004,26.085,25.750999999999998
1996-05-22,27.37,27.37,25.75,26.06,7215600.0,27.421999999999997,26.1755,25.708333333333332
1996-05-23,26.12,26.62,25.75,26.25,4447600.0,26.998,26.2445,25.683333333333334
1996-05-24,26.25,26.87,26.12,26.75,4046800.0,26.824,26.3445,25.670833333333334
1996-05-28,26.75,27.25,26.37,26.37,3658800.0,26.51,26.4255,25.6625
1996-05-29,26.25,26.25,24.75,24.87,7840000.0,26.060000000000002,26.450499999999998,25.639499999999998
1996-05-30,24.87,25.75,24.75,25.5,3703600.0,25.948,26.506999999999998,25.620833333333334
1996-05-31,25.62,26.62,25.5,26.12,5813600.0,25.922000000000004,26.6255,25.619666666666667
1996-06-03,25.87,26.0,24.75,24.75,4481200.0,25.522,26.6695,25.602
1996-06-04,24.0,24.37,23.87,24.19,27235600.0,25.086000000000002,26.598000000000003,25.571833333333338
1996-06-05,25.37,25.5,24.25,25.12,18228000.0,25.136000000000003,26.5105,25.55933333333333
1996-06-06,25.0,25.25,24.12,24.25,12938800.0,24.886000000000003,26.3855,25.533333333333335
1996-06-07,24.0,24.37,23.5,24.37,9565200.0,24.536,26.298000000000002,25.51033333333333
1996-06-10,24.37,24.5,24.0,24.12,3820800.0,24.410000000000004,26.1415,25.485333333333337
1996-06-11,24.25,24.25,24.0,24.0,5481200.0,24.372000000000003,25.9885,25.454166666666666
1996-06-12,24.5,24.5,24.0,24.25,5440000.0,24.198,25.826,25.423000000000002
1996-06-13,24.37,24.92,24.0,24.62,6856800.0,24.272,25.631999999999998,25.404166666666665
1996-06-14,24.75,24.75,23.87,23.94,5186800.0,24.186,25.410500000000003,25.382333333333335
1996-06-17,24.12,24.12,23.62,23.62,4052000.0,24.086,25.210500000000003,25.357333333333333
1996-06-18,23.62,23.75,22.62,22.75,7979200.0,23.836000000000002,24.951,25.31366666666667
1996-06-19,23.12,23.37,22.62,23.12,4803600.0,23.610000000000003,24.751,25.299
1996-06-20,23.37,23.37,22.5,22.75,5260800.0,23.236,24.585500000000003,25.28033333333333
1996-06-21,22.87,22.87,22.37,22.62,5792000.0,22.972,24.404000000000003,25.2365
1996-06-24,22.62,22.62,22.12,22.25,4398000.0,22.698,24.179000000000002,25.204166666666666
1996-06-25,22.12,22.25,20.37,20.62,8831200.0,22.272000000000002,23.8915,25.1385
1996-06-26,20.62,20.75,19.62,19.87,14440800.0,21.622,23.6415,25.044666666666668
1996-06-27,20.0,21.0,19.75,20.62,8202400.0,21.196,23.3975,24.971666666666668
1996-06-28,20.87,21.0,20.62,21.0,4138000.0,20.872,23.1415,24.912333333333333
1996-07-01,21.12,21.5,21.0,21.5,4732400.0,20.722,22.979000000000003,24.868666666666666
1996-07-02,21.37,21.5,21.0,21.0,3189200.0,20.798000000000002,22.819499999999998,24.8125
1996-07-03,20.37,20.37,19.37,19.37,10323200.0,20.698,22.532,24.702
1996-07-05,19.37,19.75,19.25,19.5,3808800.0,20.474,22.2945,24.593666666666667
1996-07-08,19.62,19.87,19.0,19.12,6762000.0,20.098000000000003,22.032,24.483166666666666
1996-07-09,19.5,19.62,19.0,19.0,6723600.0,19.598000000000003,21.776,24.374833333333335
1996-07-10,19.12,19.5,18.75,18.75,6055200.0,19.148000000000003,21.5135,24.258166666666668
1996-07-11,18.75,18.87,17.37,17.87,10420000.0,18.848,21.194499999999998,24.124833333333335
1996-07-12,18.37,18.37,17.25,18.06,9610800.0,18.56,20.8665,24.005000000000003
1996-07-15,18.12,18.12,17.12,17.19,4779200.0,18.174,20.529,23.879000000000005
1996-07-16,17.37,17.37,16.0,16.87,10334400.0,17.748,20.191499999999998,23.7425
1996-07-17,17.37,17.5,16.62,16.87,8355600.0,17.372000000000003,19.8975,23.605000000000004
1996-07-18,21.5,21.75,20.36,20.87,32058800.0,17.972,19.785,23.540333333333333
1996-07-19,20.87,21.0,20.75,20.75,9510000.0,18.51,19.685,23.482000000000003
1996-07-22,20.87,20.87,20.0,20.25,5456400.0,19.122000000000003,19.566499999999998,23.404999999999998
1996-07-23,20.5,20.62,20.25,20.5,4651200.0,19.848000000000003,19.479,23.334166666666665
1996-07-24,20.0,21.0,19.87,20.81,9448800.0,20.636,19.4885,23.2685
1996-07-25,21.12,21.37,20.75,21.0,4090800.0,20.662,19.544999999999998,23.212333333333333
1996-07-26,21.5,22.0,21.12,22.0,4426800.0,20.912,19.613999999999997,23.172833333333333
1996-07-29,22.0,22.5,21.75,22.25,7005600.0,21.312,19.676499999999997,23.14783333333333
1996-07-30,22.62,22.75,21.25,21.37,6766800.0,21.486,19.669999999999998,23.10616666666667
1996-07-31,21.25,22.0,21.25,22.0,3332400.0,21.724,19.72,23.045833333333334
1996-08-01,22.0,22.0,21.12,21.25,3942400.0,21.774,19.814,22.952166666666667
1996-08-02,21.62,22.0,21.25,21.62,4574800.0,21.698,19.92,22.866666666666667
1996-08-05,21.62,21.87,20.87,21.0,3612000.0,21.448,20.014000000000003,22.781333333333333
1996-08-06,21.0,21.5,20.75,21.5,3354800.0,21.474,20.139000000000003,22.685499999999998
1996-08-07,21.75,22.62,21.62,22.37,8892400.0,21.548000000000002,20.32,22.607333333333333
1996-08-08,22.37,22.37,21.87,22.12,3640000.0,21.722,20.532500000000002,22.517666666666667
1996-08-09,22.25,23.37,22.12,23.12,8243600.0,22.022,20.785500000000003,22.428
1996-08-12,23.37,23.62,22.37,23.0,5408000.0,22.422,21.076,22.338500000000003
1996-08-13,22.87,23.12,22.37,22.5,3706400.0,22.622,21.3575,22.25316666666667
1996-08-14,22.62,23.0,22.62,22.75,2570000.0,22.698,21.651500000000002,22.166666666666668
1996-08-15,22.62,22.75,22.25,22.25,3845600.0,22.724,21.7205,22.085500000000003
1996-08-16,22.62,22.62,22.12,22.5,5075600.0,22.6,21.808,22.02616666666667
1996-08-19,22.37,23.62,22.37,23.62,8084400.0,22.724,21.9765,21.982333333333333
1996-08-20,23.87,23.87,23.37,23.5,7564400.0,22.924,22.1265,21.928166666666666
1996-08-21,23.5,23.62,22.87,23.0,4052400.0,22.974,22.236,21.872
1996-08-22,23.0,23.25,22.87,23.25,3138000.0,23.174,22.3485,21.845000000000002
1996-08-23,23.0,24.0,23.0,23.87,7281200.0,23.448,22.442,21.817833333333336
1996-08-26,23.87,24.12,23.5,24.12,3204400.0,23.548,22.535500000000003,21.784499999999998
1996-08-27,24.12,25.0,24.0,24.86,10339200.0,23.82,22.71,21.786333333333335
1996-08-28,24.87,25.0,24.5,24.87,5844400.0,24.194,22.8535,21.797666666666665
1996-08-29,24.87,24.87,24.37,24.5,3829200.0,24.444,23.016,21.787333333333333
1996-08-30,24.75,24.75,24.25,24.25,3784800.0,24.52,23.1475,21.787333333333333
1996-09-03,24.12,24.37,23.87,24.12,2461200.0,24.520000000000003,23.3035,21.78316666666667
1996-09-04,23.87,24.62,23.87,24.12,3636400.0,24.372000000000003,23.4345,21.783166666666666
1996-09-05,23.5,23.75,22.87,22.87,9999200.0,23.972,23.4595,21.764333333333337
1996-09-06,23.12,23.25,22.62,23.0,8602000.0,23.672,23.5035,21.7435
1996-09-09,22.62,22.75,21.87,22.0,5302400.0,23.222,23.447499999999998,21.699833333333338
1996-09-10,22.12,22.12,21.5,21.5,5562000.0,22.698,23.3725,21.65916666666667
1996-09-11,21.5,21.75,21.0,21.12,5266800.0,22.098000000000003,23.3035,21.6175
1996-09-12,21.0,21.12,20.25,20.37,9340000.0,21.598000000000003,23.1845,21.57783333333333
1996-09-13,20.37,21.25,20.37,21.0,5967600.0,21.198,23.122,21.5425
1996-09-16,21.5,23.0,21.37,22.37,8747600.0,21.272000000000002,23.1155,21.536166666666666
1996-09-17,22.87,23.12,22.5,23.0,7487600.0,21.572000000000003,23.0845,21.5425
1996-09-18,23.0,24.12,22.87,23.5,12631200.0,22.048000000000002,23.0845,21.563333333333333
1996-09-19,23.62,23.62,23.37,23.37,4282000.0,22.648,23.103,21.609166666666667
1996-09-20,23.37,23.5,22.75,22.87,5330800.0,23.022,23.084,21.659166666666668
1996-09-23,22.87,22.87,22.37,22.37,1653600.0,23.022000000000002,23.009,21.688333333333333
1996-09-24,22.37,22.87,22.37,22.5,5143600.0,22.922000000000004,22.928,21.71333333333333
1996-09-25,22.5,22.62,22.0,22.37,3902400.0,22.696000000000005,22.803500000000003,21.727833333333333
1996-09-26,22.37,22.5,22.25,22.37,3693600.0,22.496000000000002,22.678500000000003,21.750666666666667
1996-09-27,22.25,22.37,22.12,22.31,2932000.0,22.384,22.569,21.799666666666667
1996-09-30,22.12,22.37,22.12,22.19,3058000.0,22.348,22.466,21.844499999999996
1996-10-01,22.0,24.75,22.0,24.62,19269200.0,22.772,22.491000000000003,21.93616666666667
1996-10-02,23.62,24.62,23.12,23.62,9890000.0,23.022000000000002,22.466,22.013166666666667
1996-10-03,23.62,23.75,22.37,22.37,8140000.0,23.022000000000002,22.441,22.073500000000003
1996-10-04,22.87,23.12,22.12,22.81,4770000.0,23.122,22.4315,22.15583333333333
1996-10-07,23.0,23.37,22.87,23.12,3428800.0,23.308,22.4875,22.240166666666667
1996-10-08,23.5,24.25,23.25,23.25,6802000.0,23.034,22.575,22.341166666666666
1996-10-09,23.37,23.62,22.87,23.0,3044800.0,22.91,22.669,22.443333333333335
1996-10-10,23.87,24.5,23.75,24.19,9883200.0,23.274,22.86,22.56533333333333
1996-10-11,24.37,24.62,24.0,24.25,4327600.0,23.562,23.0225,22.621666666666666
1996-10-14,24.5,25.37,24.25,25.25,9649200.0,23.988,23.1665,22.696666666666665
1996-10-15,25.75,25.87,25.0,25.25,12970000.0,24.387999999999998,23.279,22.779999999999998
1996-10-16,25.25,26.12,24.62,25.75,11975200.0,24.938,23.3915,22.8675
1996-10-17,27.5,27.75,26.37,26.37,36679200.0,25.374000000000002,23.5415,22.96016666666667
1996-10-18,26.5,26.62,26.0,26.56,13681200.0,25.836000000000002,23.726,23.052833333333336
1996-10-21,26.5,26.62,25.5,25.62,6712000.0,25.910000000000004,23.8885,23.113166666666668
1996-10-22,25.62,25.62,24.25,24.87,7651200.0,25.834000000000003,24.006999999999998,23.156833333333335
1996-10-23,24.75,25.25,24.37,24.75,5736800.0,25.634000000000004,24.125999999999998,23.213166666666666
1996-10-24,25.0,25.0,24.5,24.75,3020800.0,25.31,24.244999999999997,23.259
1996-10-25,24.87,25.0,24.5,24.5,2775600.0,24.898,24.3545,23.313166666666667
1996-10-28,25.12,25.12,24.5,24.5,4288800.0,24.674,24.47,23.36116666666667
1996-10-29,24.62,24.75,23.12,23.25,7135200.0,24.35,24.4015,23.398666666666667
1996-10-30,23.5,24.0,22.87,22.87,9192000.0,23.974,24.364,23.421499999999998
1996-10-31,23.25,23.37,22.25,23.0,6945600.0,23.624000000000002,24.395500000000002,23.432000000000002
1996-11-01,23.37,24.25,23.12,24.25,7563200.0,23.574,24.4675,23.467500000000005
1996-11-04,24.37,24.5,23.75,24.37,3270800.0,23.548000000000002,24.53,23.488333333333333
1996-11-05,24.5,25.87,24.5,25.5,13517600.0,23.998,24.642500000000002,23.529999999999998
1996-11-06,25.62,25.75,24.87,25.5,6462000.0,24.524,24.767500000000002,23.58
1996-11-07,25.37,26.0,25.25,25.87,5548800.0,25.098000000000003,24.8515,23.631999999999998
1996-11-08,25.87,26.25,25.75,26.25,6750800.0,25.498,24.951500000000003,23.698666666666664
1996-11-11,26.37,26.37,25.87,26.0,3318800.0,25.824,24.989,23.756999999999998
1996-11-12,26.12,26.25,25.12,25.25,5120000.0,25.774,24.989,23.784166666666668
1996-11-13,25.37,25.87,25.0,25.56,3000800.0,25.786,24.9795,23.818500000000004
1996-11-14,25.5,25.75,25.37,25.62,1740800.0,25.736,24.942,23.862166666666667
1996-11-15,25.87,26.0,25.0,25.0,4684400.0,25.485999999999997,24.864,23.891333333333332
1996-11-18,25.0,25.12,24.5,24.75,5468800.0,25.236,24.820500000000003,23.906
1996-11-19,24.87,25.12,24.62,24.87,4446400.0,25.160000000000004,24.820500000000003,23.9185
1996-11-20,24.87,25.37,24.87,25.0,3683200.0,25.048000000000002,24.833000000000002,23.920833333333334
1996-11-21,24.87,25.0,24.37,24.5,2522400.0,24.824,24.820500000000003,23.91466666666667
1996-11-22,24.5,25.25,24.5,25.25,3732400.0,24.874000000000002,24.858,23.92716666666667
1996-11-25,25.37,25.5,25.0,25.0,2830800.0,24.924,24.883000000000003,23.939666666666668
1996-11-26,24.87,25.0,24.0,24.25,4054800.0,24.8,24.933,23.94183333333333
1996-11-27,24.12,24.62,24.12,24.5,3191200.0,24.7,25.0145,23.94816666666667
1996-11-29,24.5,24.62,24.0,24.12,1527600.0,24.624000000000002,25.070500000000003,23.968999999999998
1996-12-02,24.12,25.12,23.87,25.12,6254400.0,24.598,25.114,24.00433333333333
1996-12-03,25.25,25.5,25.0,25.12,9840800.0,24.622,25.1515,24.05633333333333
1996-12-04,25.12,25.37,24.87,25.0,6823600.0,24.772,25.1265,24.114666666666665
1996-12-05,25.0,25.25,25.0,25.0,5096800.0,24.872,25.101499999999998,24.179333333333332
1996-12-06,24.37,25.37,24.0,25.12,8210800.0,25.072000000000003,25.064,24.258500000000005
1996-12-09,25.25,25.37,24.81,25.0,5680800.0,25.048000000000002,25.0015,24.32516666666667
1996-12-10,24.87,25.0,24.25,24.5,6593600.0,24.924,24.926499999999997,24.360666666666667
1996-12-11,23.75,24.25,23.75,24.0,5853600.0,24.724,24.863999999999997,24.377333333333336
1996-12-12,24.12,24.25,23.87,23.87,3122400.0,24.498,24.7795,24.3835
1996-12-13,23.75,23.87,23.25,23.25,3194400.0,24.124000000000002,24.660999999999998,24.381500000000003
1996-12-16,23.5,23.5,22.5,22.62,5335600.0,23.648,24.541999999999998,24.377333333333336
1996-12-17,22.37,22.5,22.25,22.5,5625200.0,23.247999999999998,24.429499999999997,24.379500000000004
1996-12-18,22.75,23.12,22.62,23.12,7326400.0,23.072,24.342,24.389833333333335
1996-12-19,23.0,23.25,22.25,22.25,4893600.0,22.748,24.2045,24.387833333333333
1996-12-20,22.5,23.62,21.37,23.5,19535600.0,22.798000000000002,24.1545,24.40666666666667
1996-12-23,24.0,24.25,23.25,23.25,11883600.0,22.924,24.054499999999997,24.42233333333333
1996-12-24,23.25,23.37,22.87,23.12,2067600.0,23.048000000000002,23.9605,24.437833333333337
1996-12-26,23.25,23.25,22.87,23.0,3049200.0,23.024,23.898,24.410833333333336
1996-12-27,22.87,23.75,22.87,23.12,4900000.0,23.198,23.829,24.4025
1996-12-30,23.12,23.25,21.75,21.75,9366800.0,22.848000000000003,23.7105,24.392166666666665
1996-12-31,21.37,21.5,20.75,20.87,13719200.0,22.372,23.497999999999998,24.359833333333334
1997-01-02,21.12,21.25,20.75,21.0,5128800.0,21.948,23.292,24.3245
1997-01-03,21.12,22.25,21.0,21.75,4295600.0,21.698,23.1295,24.299500000000002
1997-01-06,17.62,18.34,17.25,17.87,67246400.0,20.648000000000003,22.773000000000003,24.214
1997-01-07,18.12,18.25,17.5,17.5,34896400.0,19.798000000000002,22.392000000000003,24.102500000000003
1997-01-08,18.25,18.37,17.37,17.62,39296400.0,19.148000000000003,22.023000000000003,23.992
1997-01-09,17.75,17.87,17.5,17.75,15970000.0,18.498,21.6855,23.867
1997-01-10,17.62,18.25,17.62,18.25,12651200.0,17.798000000000002,21.398000000000003,23.750333333333334
1997-01-13,18.5,18.5,18.12,18.12,10942000.0,17.848000000000003,21.110500000000002,23.62316666666667
1997-01-14,18.37,18.37,17.75,17.87,9143200.0,17.922,20.841500000000003,23.481499999999997
1997-01-15,18.0,18.0,17.12,17.25,15483200.0,17.848,20.573,23.32633333333333
1997-01-16,17.12,17.12,16.62,16.75,23983600.0,17.648,20.285500000000003,23.178499999999996
1997-01-17,16.75,17.12,16.62,16.75,11619200.0,17.348,19.967000000000002,23.043166666666664
1997-01-20,16.87,17.12,16.75,16.94,10423600.0,17.112000000000002,19.701500000000003,22.913
1997-01-21,17.0,17.25,16.87,17.25,10179200.0,16.988,19.389000000000003,22.788
1997-01-22,17.37,17.5,17.0,17.19,7356800.0,16.976000000000003,19.086000000000002,22.666166666666665
1997-01-23,17.25,17.37,17.12,17.25,6175200.0,17.076,18.7925,22.545333333333335
1997-01-24,17.25,17.25,16.87,16.87,6726800.0,17.1,18.486,22.439
1997-01-27,17.12,17.25,16.62,16.62,7646800.0,17.036,18.161,22.334833333333332
1997-01-28,17.0,17.0,16.5,16.62,7520000.0,16.910000000000004,17.904500000000002,22.2285
1997-01-29,16.62,16.75,16.5,16.62,5428000.0,16.796,17.692,22.101333333333336
1997-01-30,16.75,16.75,16.5,16.75,5018800.0,16.696,17.4795,21.974333333333334
1997-01-31,16.62,16.62,16.5,16.62,7135200.0,16.646000000000004,17.223000000000003,21.82633333333333
1997-02-03,16.87,17.0,16.25,16.31,13162000.0,16.584,17.145000000000003,21.673166666666667
1997-02-04,16.25,16.37,15.13,15.38,25458000.0,16.336000000000002,17.039,21.498333333333335
1997-02-05,15.25,15.63,15.25,15.25,14093600.0,16.062,16.9205,21.315
1997-02-06,15.25,16.12,15.25,16.0,14283600.0,15.912,16.833000000000002,21.148333333333333
1997-02-07,16.5,16.5,15.75,15.81,8403600.0,15.75,16.711000000000002,20.991
1997-02-10,16.12,16.12,15.63,15.63,6633600.0,15.613999999999999,16.5865,20.825499999999998
1997-02-11,15.88,16.0,15.5,15.69,5004400.0,15.675999999999998,16.4775,20.660000000000004
1997-02-12,15.75,15.88,15.5,15.75,6303600.0,15.776,16.4025,20.505833333333335
1997-02-13,15.75,16.12,15.5,16.12,7013200.0,15.8,16.371000000000002,20.362000000000002
1997-02-14,16.25,16.37,16.0,16.31,8492000.0,15.9,16.349,20.21933333333333
1997-02-18,16.62,17.87,16.25,17.87,13171200.0,16.348000000000003,16.395500000000002,20.1005
1997-02-19,17.87,17.87,17.12,17.62,8627600.0,16.734,16.413999999999998,19.985833333333332
1997-02-20,17.62,17.62,17.0,17.0,4474800.0,16.984,16.404500000000002,19.848333333333333
1997-02-21,16.87,17.0,16.0,16.37,7549200.0,17.034,16.3605,19.7045
1997-02-24,16.25,16.87,16.25,16.62,4222000.0,17.096,16.348,19.577333333333332
1997-02-25,17.0,17.37,16.87,16.87,4938000.0,16.896000000000004,16.3605,19.450166666666668
1997-02-26,17.0,17.12,16.75,17.12,3687600.0,16.796000000000003,16.3855,19.3335
1997-02-27,17.0,17.12,16.75,17.0,3700000.0,16.796000000000003,16.4045,19.198166666666665
1997-02-28,16.87,16.87,16.25,16.25,4371200.0,16.772000000000002,16.3795,19.050333333333334
1997-03-03,16.5,16.5,16.0,16.12,4670000.0,16.672,16.354499999999998,18.902333333333335
1997-03-04,16.25,16.5,16.0,16.5,3688800.0,16.598000000000003,16.363999999999997,18.76066666666667
1997-03-05,16.62,17.0,16.5,17.0,3453600.0,16.574,16.445,18.625333333333334
1997-03-06,17.0,17.0,16.5,16.62,4172000.0,16.498,16.5135,18.485666666666663
1997-03-07,16.75,16.75,16.37,16.5,2523200.0,16.548000000000002,16.5385,18.35233333333333
1997-03-10,16.62,16.75,16.44,16.62,3554800.0,16.648000000000003,16.579,18.229333333333333
1997-03-11,16.62,16.62,16.0,16.37,3539200.0,16.622000000000003,16.616,18.104333333333333
1997-03-12,16.25,16.75,16.12,16.25,2544400.0,16.472,16.644,17.987666666666666
1997-03-13,16.37,16.37,16.12,16.37,3772000.0,16.422,16.675,17.8835
1997-03-14,16.37,16.75,16.25,16.56,8245600.0,16.434,16.697,17.784499999999998
1997-03-17,16.25,16.5,16.0,16.5,6886400.0,16.410000000000004,16.7065,17.674166666666668
1997-03-18,16.37,16.5,16.12,16.25,4548800.0,16.386000000000003,16.6255,17.574166666666667
1997-03-19,16.37,16.37,15.88,16.12,7457600.0,16.360000000000003,16.5505,17.451166666666666
1997-03-20,16.0,17.5,15.88,17.25,11324400.0,16.536,16.563,17.351166666666664
1997-03-21,17.5,17.5,16.37,16.62,4892400.0,16.548000000000002,16.5755,17.242833333333333
1997-03-24,16.5,16.62,16.25,16.5,2556800.0,16.548000000000002,16.5695,17.1345
1997-03-25,16.62,16.62,16.08,16.5,4031200.0,16.598000000000003,16.551000000000002,17.024166666666666
1997-03-26,16.37,16.87,16.25,16.75,3824400.0,16.724,16.532500000000002,16.940833333333334
1997-03-27,17.5,19.25,17.25,18.62,40695200.0,16.997999999999998,16.613500000000002,16.903333333333332
1997-03-31,18.62,19.37,17.25,18.25,34658000.0,17.324,16.713500000000003,16.8575
1997-04-01,17.62,17.81,17.37,17.5,7881200.0,17.524,16.782500000000002,16.78666666666667
1997-04-02,17.87,18.06,17.62,18.0,7957600.0,17.824,16.8575,16.788833333333333
1997-04-03,18.5,19.12,18.25,18.87,19603200.0,18.248,16.951,16.811666666666667
1997-04-04,19.12,19.62,19.0,19.25,16980800.0,18.374000000000002,17.082500000000003,16.838833333333334
1997-04-07,19.75,19.87,19.25,19.5,9136800.0,18.624000000000002,17.2325,16.868000000000002
1997-04-08,19.62,19.62,18.62,19.12,6923600.0,18.948,17.3575,16.8825
1997-04-09,19.25,19.25,18.87,19.0,8766400.0,19.148000000000003,17.489,16.897166666666667
1997-04-10,19.0,19.12,18.5,18.87,4188000.0,19.148000000000003,17.619999999999997,16.913833333333333
1997-04-11,18.87,18.87,18.12,18.25,2842400.0,18.948,17.714,16.930500000000002
1997-04-14,18.37,18.87,18.0,18.75,4020000.0,18.798000000000002,17.823500000000003,16.963833333333334
1997-04-15,19.12,19.25,18.12,18.44,4869200.0,18.662,17.9205,16.992
1997-04-16,18.62,19.0,18.37,18.56,3101200.0,18.574,18.036,17.019000000000002
1997-04-17,18.25,19.12,18.12,19.0,7859200.0,18.6,18.18,17.048166666666667
1997-04-18,19.12,19.12,18.37,18.37,5058000.0,18.624000000000002,18.235999999999997,17.067833333333333
1997-04-21,18.62,18.62,18.0,18.0,3197600.0,18.474,18.305,17.080333333333332
1997-04-22,18.12,18.5,17.87,18.5,3392000.0,18.486,18.404999999999998,17.1075
1997-04-23,18.37,18.5,18.12,18.12,1960800.0,18.398000000000003,18.485999999999997,17.1325
1997-04-24,18.5,18.5,17.75,17.87,2696800.0,18.172000000000004,18.541999999999998,17.153333333333332
1997-04-25,17.62,17.87,17.37,17.5,3121200.0,17.998,18.485999999999997,17.168
1997-04-28,17.75,17.87,17.5,17.62,1687600.0,17.922000000000004,18.4545,17.1825
1997-04-29,18.0,18.0,17.5,17.69,1853200.0,17.76,18.464,17.200333333333333
1997-04-30,17.0,17.25,16.75,17.0,9202000.0,17.536,18.413999999999998,17.211833333333335
1997-05-01,16.87,17.12,16.75,17.0,2596800.0,17.362000000000002,18.3205,17.238833333333336
1997-05-02,17.0,17.12,16.75,17.0,3643600.0,17.262,18.208,17.268000000000004
1997-05-05,17.0,17.12,16.75,17.0,3538800.0,17.138,18.083,17.28466666666667
1997-05-06,17.0,17.12,16.75,16.87,2974800.0,16.974,17.970499999999998,17.302333333333333
1997-05-07,16.87,17.0,16.37,16.5,4101200.0,16.874000000000002,17.845499999999998,17.31683333333333
1997-05-08,16.62,17.12,16.5,17.0,2963200.0,16.874000000000002,17.752,17.33866666666667
1997-05-09,17.0,17.5,17.0,17.06,6732000.0,16.886,17.6925,17.360500000000002
1997-05-12,17.25,17.62,17.0,17.56,5898800.0,16.998,17.633000000000003,17.3845
1997-05-13,17.5,17.87,17.0,17.56,7056800.0,17.136000000000003,17.589,17.40533333333333
1997-05-14,17.87,18.0,17.5,17.69,4846800.0,17.374000000000002,17.5455,17.402333333333335
1997-05-15,17.75,18.0,17.5,17.75,3544800.0,17.524,17.482999999999997,17.4045
1997-05-16,17.5,17.62,17.25,17.25,3338800.0,17.562,17.427,17.408666666666665
1997-05-19,17.5,17.62,17.0,17.0,1881200.0,17.45,17.377000000000002,17.41916666666667
1997-05-20,17.0,17.44,16.75,17.25,3046400.0,17.387999999999998,17.314500000000002,17.429666666666666
1997-05-21,17.12,17.12,16.5,16.87,4369200.0,17.224,17.252000000000002,17.42966666666667
1997-05-22,16.75,16.87,16.5,16.62,2753600.0,16.998,17.189500000000002,17.421333333333333
1997-05-23,16.62,17.0,16.62,16.87,2413200.0,16.922,17.158,17.419166666666666
1997-05-27,16.75,17.37,16.75,17.25,2938000.0,16.972,17.1395,17.43583333333333
1997-05-28,17.37,17.5,17.0,17.0,3130000.0,16.922,17.105,17.450499999999998
1997-05-29,17.12,17.12,16.62,16.62,3976800.0,16.872000000000003,17.086000000000002,17.4525
1997-05-30,16.5,17.0,16.37,16.62,6340800.0,16.872000000000003,17.067,17.446166666666667
1997-06-02,17.0,17.0,16.75,16.94,1488000.0,16.886000000000003,17.064,17.4515
1997-06-03,16.75,16.94,16.62,16.69,2335600.0,16.774,17.0485,17.454666666666665
1997-06-04,16.62,16.75,16.5,16.62,2889200.0,16.698,17.036,17.454666666666665
1997-06-05,16.62,17.12,16.56,16.69,2323200.0,16.712,17.0455,17.459999999999997
1997-06-06,16.62,16.75,16.5,16.75,1893200.0,16.738,17.033,17.46833333333333
1997-06-09,16.69,16.94,16.62,16.62,2689200.0,16.674,17.011000000000003,17.472500000000004
1997-06-10,16.75,16.75,16.06,16.25,4969200.0,16.586000000000002,16.945500000000003,17.467333333333336
1997-06-11,16.31,16.44,16.25,16.31,3766800.0,16.524,16.883000000000003,17.464166666666667
1997-06-12,16.37,16.37,16.0,16.06,2816400.0,16.398000000000003,16.8015,17.461000000000002
1997-06-13,16.06,16.12,15.75,15.81,4737600.0,16.21,16.704500000000003,17.45583333333333
1997-06-16,15.88,15.88,15.38,15.5,4800800.0,15.985999999999999,16.617,17.426666666666666
1997-06-17,15.56,16.5,15.5,16.34,5080800.0,16.003999999999998,16.584,17.422000000000004
1997-06-18,16.12,16.25,15.75,15.94,3936400.0,15.930000000000001,16.5185,17.41266666666667
1997-06-19,16.0,16.0,15.69,15.75,4323600.0,15.868,16.4625,17.40016666666667
1997-06-20,15.69,15.75,15.5,15.56,3943600.0,15.818000000000001,16.4095,17.380333333333336
1997-06-23,15.5,15.63,15.38,15.38,3574800.0,15.794,16.335,17.32633333333333
1997-06-24,15.44,15.56,15.25,15.31,3974800.0,15.588,16.238,17.277333333333335
1997-06-25,15.31,15.38,15.0,15.13,7102000.0,15.426000000000002,16.1445,17.237833333333334
1997-06-26,15.13,15.13,14.63,14.69,13643600.0,15.214000000000002,16.048,17.182666666666666
1997-06-27,14.69,14.81,14.63,14.69,5642000.0,15.040000000000001,15.9515,17.113
1997-06-30,14.75,14.75,14.0,14.25,6132400.0,14.813999999999998,15.816999999999998,17.029666666666667
1997-07-01,13.94,14.0,13.13,13.19,16104400.0,14.389999999999997,15.642,16.924500000000002
1997-07-02,13.25,13.38,13.0,13.06,8931200.0,13.975999999999999,15.463999999999999,16.8235
1997-07-03,13.13,13.88,13.0,13.69,6688000.0,13.776,15.313999999999998,16.735
1997-07-07,13.94,14.25,13.75,13.81,6860000.0,13.6,15.166999999999998,16.650666666666666
1997-07-08,13.88,14.0,13.69,13.75,3427600.0,13.5,15.023499999999999,16.575666666666667
1997-07-09,13.81,13.88,13.63,13.69,5090000.0,13.6,14.895499999999998,16.491333333333333
1997-07-10,12.88,13.38,12.75,13.25,17606400.0,13.638,14.742499999999998,16.404833333333336
1997-07-11,13.38,15.5,13.31,15.19,26252400.0,13.937999999999999,14.698999999999998,16.348666666666666
1997-07-14,15.25,15.63,14.88,15.63,14700800.0,14.301999999999998,14.689999999999998,16.2925
1997-07-15,15.75,16.0,15.63,15.94,14953200.0,14.74,14.712,16.252
1997-07-16,15.81,16.5,15.63,16.44,15947600.0,15.290000000000001,14.717000000000002,16.226
1997-07-17,17.0,18.12,16.44,17.5,26659200.0,16.14,14.795000000000002,16.209333333333333
1997-07-18,17.87,17.94,17.06,17.34,11353600.0,16.57,14.874500000000001,16.19633333333333
1997-07-21,17.56,17.69,16.0,16.16,12695600.0,16.676,14.904500000000002,16.16783333333333
1997-07-22,16.37,16.69,16.31,16.56,8274400.0,16.8,14.963500000000002,16.152166666666666
1997-07-23,16.75,16.87,16.0,16.12,5049200.0,16.736,15.004000000000001,16.127166666666668
1997-07-24,16.12,16.12,15.63,15.81,4772000.0,16.398,15.038,16.095833333333335
1997-07-25,15.88,16.56,15.75,16.25,7798000.0,16.18,15.116000000000003,16.083333333333332
1997-07-28,16.44,16.5,16.25,16.44,3962000.0,16.236,15.203500000000002,16.074
1997-07-29,16.44,16.62,16.37,16.5,2558000.0,16.224,15.316000000000003,16.06566666666667
1997-07-30,16.94,17.69,16.75,17.37,13372400.0,16.474,15.525,16.071833333333334
1997-07-31,17.37,17.75,17.25,17.5,9434400.0,16.812,15.747000000000003,16.082333333333334
1997-08-01,17.62,19.19,17.56,19.19,17217600.0,17.400000000000002,16.022000000000002,16.127166666666668
1997-08-04,19.19,19.81,19.19,19.75,21851200.0,18.062,16.319000000000003,16.173
1997-08-05,19.94,20.0,19.48,19.75,8840800.0,18.712,16.619000000000003,16.21783333333333
1997-08-06,25.25,27.75,25.0,26.31,149671200.0,20.5,17.25,16.363666666666667
1997-08-07,28.75,29.56,28.37,29.19,134124400.0,22.838,18.047000000000004,16.557499999999997
1997-08-08,27.81,28.37,26.12,26.81,64809200.0,24.362000000000002,18.628000000000004,16.709500000000002
1997-08-11,26.31,26.44,23.5,24.56,55411200.0,25.323999999999998,19.0745,16.823
1997-08-12,24.06,24.25,21.87,22.06,37444400.0,25.786,19.380499999999998,16.903166666666667
1997-08-13,22.25,23.87,20.44,23.62,42923600.0,25.247999999999998,19.7395,17.0135
1997-08-14,23.62,24.25,22.69,23.0,15536400.0,24.009999999999998,20.014499999999998,17.109333333333332
1997-08-15,23.12,23.44,22.81,23.25,9320000.0,23.298000000000002,20.31,17.215666666666667
1997-08-18,23.31,23.75,22.75,23.62,7791200.0,23.110000000000003,20.683,17.332333333333334
1997-08-19,23.69,24.5,23.31,24.44,10331200.0,23.586000000000002,21.076999999999998,17.4585
1997-08-20,24.44,25.12,24.19,24.62,11595200.0,23.786,21.502,17.581333333333337
1997-08-21,24.5,24.69,23.87,24.0,9271200.0,23.986,21.9115,17.698
1997-08-22,23.44,24.0,23.37,23.62,8135200.0,24.06,22.28,17.814666666666668
1997-08-25,23.62,23.69,22.94,23.06,4968800.0,23.948,22.610999999999997,17.922
1997-08-26,22.62,23.0,22.12,22.25,8100800.0,23.509999999999998,22.8985,18.010499999999997
1997-08-27,22.37,22.75,21.87,22.69,6813200.0,23.124000000000002,23.1645,18.110500000000002
1997-08-28,22.12,22.5,22.0,22.0,3426400.0,22.724,23.389499999999998,18.200166666666668
1997-08-29,21.81,22.0,21.5,21.75,3937600.0,22.35,23.5175,18.284499999999998
1997-09-02,22.0,22.56,21.94,22.37,6646800.0,22.212,23.6485,18.37816666666667
1997-09-03,22.37,23.25,22.31,22.5,10163200.0,22.262,23.785999999999998,18.476166666666668
1997-09-04,22.56,22.87,22.25,22.5,4385600.0,22.224,23.595499999999998,18.580333333333336
1997-09-05,22.62,22.87,22.0,22.19,4883600.0,22.262,23.2455,18.678333333333335
1997-09-08,22.25,22.25,21.44,21.5,6264400.0,22.212,22.98,18.769
1997-09-09,21.31,21.87,21.25,21.81,5702000.0,22.1,22.8425,18.869000000000003
1997-09-10,21.75,23.12,21.69,22.94,9803600.0,22.188,22.8865,18.993
1997-09-11,22.87,23.0,22.06,22.37,7504400.0,22.162,22.824,19.093500000000002
1997-09-12,22.19,22.25,21.44,22.06,4071200.0,22.136000000000003,22.777,19.1955
1997-09-15,21.87,22.12,21.5,21.5,3473200.0,22.136000000000003,22.689500000000002,19.291333333333334
1997-09-16,22.06,22.14,21.75,21.94,4812400.0,22.162,22.6055,19.39766666666667
1997-09-17,22.0,22.0,21.69,21.81,3109200.0,21.936,22.474,19.504833333333334
1997-09-18,21.5,22.5,21.5,22.31,6042400.0,21.924,22.3585,19.6215
1997-09-19,22.19,22.19,21.75,21.94,3407600.0,21.9,22.2555,19.735
1997-09-22,22.12,23.06,22.0,22.81,7176400.0,22.162,22.215,19.870333333333335
1997-09-23,22.25,22.25,21.69,21.75,7163200.0,22.124000000000002,22.1495,19.988
1997-09-24,21.69,21.75,21.37,21.5,7957600.0,22.062,22.112000000000002,20.108833333333333
1997-09-25,21.31,21.75,21.0,21.12,7988000.0,21.823999999999998,22.0335,20.241
1997-09-26,21.5,21.94,21.12,21.31,7440000.0,21.698,21.999000000000002,20.3785
1997-09-29,21.69,22.25,21.56,22.06,5980000.0,21.548000000000002,22.0145,20.517999999999997
1997-09-30,22.0,22.31,21.69,21.69,5032000.0,21.536,21.9805,20.649333333333335
1997-10-01,21.69,21.75,21.37,21.53,4670800.0,21.542,21.932,20.779
1997-10-02,21.44,22.0,21.37,21.94,4856400.0,21.706,21.904,20.9165
1997-10-03,22.0,22.25,21.69,22.12,5813200.0,21.868000000000002,21.9005,21.06433333333333
1997-10-06,22.19,22.25,21.69,21.94,3338800.0,21.844,21.9225,21.17683333333333
1997-10-07,21.87,22.0,21.81,21.81,3916400.0,21.868000000000002,21.9225,21.279833333333332
1997-10-08,21.75,21.81,21.31,21.5,3891200.0,21.862000000000002,21.8505,21.3725
1997-10-09,21.25,22.5,21.19,21.75,6696400.0,21.824,21.819499999999998,21.461
1997-10-10,21.5,22.75,21.5,22.69,9666800.0,21.938,21.851,21.5475
1997-10-13,22.75,22.87,22.19,22.69,5679200.0,22.088,21.910500000000003,21.636666666666667
1997-10-14,22.69,22.75,22.19,22.69,5923200.0,22.264000000000003,21.948,21.7455
1997-10-15,22.12,24.75,22.12,23.81,28982000.0,22.726,22.048000000000002,21.866333333333333
1997-10-16,21.12,22.06,20.87,21.5,26422000.0,22.676,22.0075,21.956000000000003
1997-10-17,21.12,21.12,19.87,20.12,15682000.0,22.162,21.9165,22.02783333333333
1997-10-20,20.12,20.19,18.62,18.69,14724400.0,21.362000000000002,21.710500000000003,22.068499999999997
1997-10-21,18.87,19.31,18.69,19.06,16982000.0,20.636,21.576,22.112166666666667
1997-10-22,19.06,19.25,18.5,18.56,5421200.0,19.586000000000002,21.429,22.146500000000003
1997-10-23,18.0,18.19,17.75,17.75,6688000.0,18.836000000000002,21.2605,22.152833333333334
1997-10-24,18.12,18.37,16.5,16.56,13880000.0,18.124000000000002,21.023,22.137166666666666
1997-10-27,16.75,18.12,16.75,16.75,11764400.0,17.736,20.7575,22.0965
1997-10-28,16.0,18.5,15.88,18.12,12273200.0,17.548000000000002,20.579,22.06933333333333
1997-10-29,18.44,18.5,17.25,17.5,6355200.0,17.336000000000002,20.3775,22.03183333333333
1997-10-30,17.06,17.56,16.5,16.5,6764400.0,17.086000000000002,20.1055,21.868333333333332
1997-10-31,17.37,17.37,16.62,17.03,9549200.0,17.18,19.851000000000003,21.665666666666663
1997-11-03,17.56,17.75,17.06,17.37,4512000.0,17.304,19.622500000000002,21.508333333333333
1997-11-04,17.75,18.12,17.5,17.94,6033200.0,17.268,19.429000000000002,21.398000000000003
1997-11-05,18.25,18.62,18.06,18.37,13840000.0,17.442,19.2725,21.3365
1997-11-06,18.87,19.5,18.87,19.0,22060800.0,17.942,19.135,21.2595
1997-11-07,18.87,20.0,18.75,19.75,28423200.0,18.486,18.988000000000003,21.205333333333332
1997-11-10,21.0,21.5,18.5,18.69,49946800.0,18.75,18.788000000000004,21.12933333333333
1997-11-11,19.0,19.0,18.12,18.37,11893600.0,18.836000000000002,18.572,21.041833333333333
1997-11-12,18.06,18.5,17.56,17.62,7448000.0,18.686,18.2625,20.928166666666666
1997-11-13,18.0,18.06,17.5,18.0,9218000.0,18.486,18.0875,20.817833333333333
1997-11-14,18.25,18.5,18.0,18.44,4835600.0,18.224,18.003500000000003,20.725166666666667
1997-11-17,18.87,18.94,18.33,18.5,7323600.0,18.186,17.994,20.639833333333335
1997-11-18,18.5,18.5,18.06,18.06,5258000.0,18.124000000000002,17.944000000000003,20.556500000000003
1997-11-19,17.87,18.31,17.87,18.25,2843600.0,18.25,17.928500000000003,20.489833333333333
1997-11-20,18.19,18.62,18.12,18.5,4587600.0,18.35,17.966,20.42
1997-11-21,18.62,18.69,18.0,18.19,3498800.0,18.3,18.047500000000003,20.3565
1997-11-24,17.56,18.0,17.5,17.62,5630800.0,18.124000000000002,18.091,20.287666666666667
1997-11-25,17.69,17.87,16.87,17.37,7346400.0,17.986,18.053500000000003,20.204333333333334
1997-11-26,17.37,17.69,17.25,17.5,2178800.0,17.836000000000002,18.053500000000003,20.121
1997-11-28,17.62,17.87,17.44,17.75,1495600.0,17.686,18.116000000000003,20.041833333333333
1997-12-01,17.69,17.94,17.25,17.75,3135600.0,17.598000000000003,18.152,19.967833333333335
1997-12-02,17.37,17.5,15.88,15.88,14178800.0,17.25,18.0775,19.874166666666667
1997-12-03,16.06,16.12,15.69,15.75,12258800.0,16.926,17.968,19.773166666666665
1997-12-04,16.0,16.0,15.63,15.63,7135600.0,16.552,17.831,19.651333333333337
1997-12-05,15.56,16.0,15.56,15.81,7926400.0,16.163999999999998,17.6715,19.541999999999998
1997-12-08,15.56,15.75,15.38,15.56,4776800.0,15.725999999999999,17.462,19.433666666666667
1997-12-09,15.5,15.69,15.0,15.25,8680800.0,15.6,17.29,19.3295
1997-12-10,15.06,15.06,14.5,14.75,6960000.0,15.4,17.109,19.209666666666667
1997-12-11,14.44,14.56,13.88,14.56,9185600.0,15.186000000000002,16.956,19.088833333333334
1997-12-12,14.75,14.88,14.0,14.13,5742400.0,14.85,16.7625,18.9525
1997-12-15,14.13,14.25,13.75,13.94,5927600.0,14.526,16.5375,18.819166666666668
1997-12-16,14.0,14.38,14.0,14.31,6646400.0,14.338,16.328,18.677500000000002
1997-12-17,14.31,14.56,13.94,13.94,9494400.0,14.175999999999998,16.122,18.547333333333334
1997-12-18,14.0,14.0,13.75,13.81,7225200.0,14.026,15.9,18.41916666666667
1997-12-19,13.56,13.88,13.25,13.69,6812000.0,13.937999999999999,15.6595,18.295333333333335
1997-12-22,13.88,14.0,13.19,13.31,5704400.0,13.812000000000001,15.4155,18.162
1997-12-23,13.13,13.31,12.94,12.94,16402000.0,13.538,15.1815,18.01
1997-12-24,13.0,13.25,13.0,13.13,3502000.0,13.376,14.9695,17.86733333333333
1997-12-26,13.06,13.38,13.0,13.31,3860000.0,13.276,14.76,17.73033333333333
1997-12-29,13.31,13.44,12.88,13.13,9944400.0,13.164000000000001,14.529,17.5835
1997-12-30,13.0,13.44,12.75,13.19,12250800.0,13.14,14.300999999999998,17.43466666666667
1997-12-31,13.13,13.63,12.94,13.13,14531200.0,13.178,14.163499999999999,17.28783333333333
1998-01-02,13.63,16.25,13.5,16.25,25650800.0,13.802000000000001,14.1885,17.19516666666667
1998-01-05,16.5,16.56,15.19,15.88,23282000.0,14.315999999999999,14.200999999999999,17.101499999999998
1998-01-06,15.94,20.0,14.75,18.94,64737600.0,15.478000000000003,14.357499999999998,17.054666666666666
1998-01-07,18.81,19.0,17.31,17.5,37201200.0,16.340000000000003,14.4545,16.96816666666667
1998-01-08,17.44,18.62,16.94,18.19,27645600.0,17.352,14.601499999999998,16.893166666666666
1998-01-09,18.12,19.37,17.5,18.19,31675200.0,17.740000000000002,14.773499999999999,16.818166666666666
1998-01-12,17.44,18.62,17.12,18.25,18444400.0,18.214000000000002,14.957999999999998,16.7255
1998-01-13,18.62,19.62,18.5,19.5,22758800.0,18.326,15.226499999999998,16.692166666666665
1998-01-14,19.87,19.94,19.25,19.75,21048000.0,18.776,15.517,16.686
1998-01-15,19.19,19.75,18.62,19.19,19982000.0,18.976,15.761,16.694333333333336
1998-01-16,19.44,19.44,18.69,18.81,8820000.0,19.1,16.0045,16.690166666666666
1998-01-20,19.06,19.31,18.62,19.06,8642400.0,19.262,16.267,16.698500000000003
1998-01-21,18.75,19.06,18.56,18.91,6812000.0,19.144,16.528,16.717833333333335
1998-01-22,18.69,19.75,18.62,19.25,11785200.0,19.044,16.825,16.762666666666668
1998-01-23,19.37,19.69,19.25,19.5,8331200.0,19.106,17.153,16.8085
1998-01-26,19.44,19.56,18.81,19.44,5246800.0,19.232,17.4685,16.830499999999997
1998-01-27,19.19,19.69,19.0,19.12,4013200.0,19.244,17.759,16.857499999999998
1998-01-28,19.19,19.37,18.62,19.19,5418000.0,19.3,18.062,16.902333333333335
1998-01-29,18.94,19.12,18.5,18.5,7571200.0,19.15,18.3275,16.926833333333335
1998-01-30,18.31,18.87,18.25,18.31,5802400.0,18.912,18.5865,16.9425
1998-02-02,18.5,18.5,17.37,17.69,22752400.0,18.562,18.6585,16.938333333333336
1998-02-03,17.69,18.62,17.69,18.31,14390000.0,18.4,18.78,16.937333333333335
1998-02-04,18.06,18.5,18.0,18.25,6100000.0,18.212,18.7455,16.924833333333332
1998-02-05,18.25,18.5,18.0,18.31,8526400.0,18.174,18.786,16.900833333333335
1998-02-06,18.37,18.69,18.25,18.5,7241200.0,18.212,18.8015,16.897666666666666
1998-02-09,18.37,19.5,18.37,19.19,17682000.0,18.512,18.8515,16.91133333333333
1998-02-10,19.12,19.56,19.06,19.44,15090000.0,18.738,18.911,16.941666666666666
1998-02-11,19.5,19.5,18.87,19.0,7582000.0,18.887999999999998,18.886000000000003,16.958333333333332
1998-02-12,19.12,19.44,19.06,19.37,7297600.0,19.1,18.867,16.973833333333335
1998-02-13,19.19,19.87,19.0,19.5,7444400.0,19.3,18.8825,16.9905
1998-02-17,19.5,19.75,19.5,19.62,6530800.0,19.386000000000003,18.923000000000002,17.0165
1998-02-18,19.56,20.75,19.56,20.56,17677600.0,19.610000000000003,18.998,17.055
1998-02-19,20.87,20.94,20.0,20.44,14292400.0,19.898000000000003,19.0745,17.087333333333333
1998-02-20,20.5,20.56,19.81,20.0,11634400.0,20.024,19.112000000000002,17.1175
1998-02-23,20.12,21.62,20.0,21.25,17060800.0,20.374000000000002,19.1995,17.178
1998-02-24,21.31,21.37,20.75,21.31,16322000.0,20.712,19.293,17.24366666666667
1998-02-25,21.31,22.75,20.94,22.31,25459200.0,21.061999999999998,19.4525,17.323833333333333
1998-02-26,22.31,23.56,21.87,23.5,21263200.0,21.674,19.668,17.419666666666668
1998-02-27,23.31,23.87,22.56,23.62,18578000.0,22.398,19.924,17.5175
1998-03-02,23.56,23.56,22.25,22.75,14313600.0,22.698,20.146,17.631999999999998
1998-03-03,21.87,23.19,21.62,23.12,11937600.0,23.060000000000002,20.4175,17.754833333333334
1998-03-04,22.87,24.75,22.87,24.44,29212400.0,23.486,20.724,17.901666666666667
1998-03-05,23.25,24.25,23.12,24.06,24129200.0,23.598000000000003,21.0145,18.03916666666667
1998-03-06,23.87,24.5,23.37,24.44,23803600.0,23.762,21.321,18.187166666666666
1998-03-09,23.75,24.31,22.5,22.75,20540800.0,23.762,21.5335,18.312166666666666
1998-03-10,23.0,24.5,22.94,24.06,25472400.0,23.95,21.777,18.467333333333332
1998-03-11,25.12,26.19,24.56,26.12,43374400.0,24.286,22.111,18.66
1998-03-12,26.12,27.0,25.56,27.0,26598000.0,24.874000000000002,22.511000000000003,18.8745
1998-03-13,27.25,27.25,26.25,27.12,20231200.0,25.41,22.8985,19.09416666666667
1998-03-16,27.12,27.25,26.19,26.69,14375600.0,26.198,23.258,19.300500000000003
1998-03-17,26.5,26.69,25.87,26.34,14658800.0,26.654000000000003,23.594,19.507166666666667
1998-03-18,26.0,26.94,26.0,26.94,9900000.0,26.818,23.913,19.726000000000003
1998-03-19,26.87,26.94,26.56,26.75,5736800.0,26.768,24.2285,19.94366666666667
1998-03-20,26.69,26.87,26.0,26.37,7704400.0,26.618000000000002,24.547,20.161333333333335
1998-03-23,25.94,26.25,24.62,26.12,14818800.0,26.504,24.7905,20.381000000000004
1998-03-24,26.37,28.0,26.25,28.0,24152000.0,26.836000000000002,25.125,20.628833333333333
1998-03-25,27.62,27.75,26.37,27.16,13854400.0,26.880000000000003,25.3675,20.859666666666666
1998-03-26,26.75,27.0,26.44,26.56,7253600.0,26.842000000000002,25.5205,21.083500000000004
1998-03-27,26.62,27.31,26.37,26.94,9133200.0,26.956,25.686500000000002,21.312666666666665
1998-03-30,26.75,27.5,26.75,27.44,8972400.0,27.22,25.921,21.551166666666667
1998-03-31,27.44,27.81,27.25,27.5,9538800.0,27.119999999999997,26.139999999999997,21.738666666666667
1998-04-01,27.44,27.81,27.06,27.5,6693600.0,27.188,26.293,21.932333333333336
1998-04-02,27.31,27.44,26.94,27.31,6950800.0,27.338,26.4555,22.071833333333334
1998-04-03,27.12,27.25,26.81,27.06,7259200.0,27.362000000000002,26.5865,22.23116666666667
1998-04-06,27.0,27.0,26.19,26.25,12422000.0,27.124000000000002,26.7615,22.3655
1998-04-07,25.81,26.0,24.87,25.5,10461200.0,26.724,26.833499999999997,22.487333333333332
1998-04-08,25.25,25.37,24.69,25.0,8044400.0,26.224,26.777499999999996,22.599833333333333
1998-04-09,25.06,25.87,25.0,25.62,6083600.0,25.886000000000003,26.708499999999997,22.701833333333333
1998-04-13,25.62,26.69,25.0,26.44,10305600.0,25.762,26.674500000000002,22.813333333333333
1998-04-14,26.37,27.25,26.37,26.94,11725200.0,25.9,26.687,22.942500000000003
1998-04-15,27.19,27.5,26.62,27.44,19928800.0,26.288,26.742,23.086333333333332
1998-04-16,29.25,29.62,28.19,28.62,65642000.0,27.012,26.826,23.24566666666667
1998-04-17,28.56,28.62,27.69,27.94,21165200.0,27.476,26.8855,23.39616666666667
1998-04-20,27.62,29.5,27.56,29.0,18498800.0,27.988,27.017000000000003,23.55866666666667
1998-04-21,29.06,29.12,28.5,29.0,12446400.0,28.4,27.161,23.717000000000002
1998-04-22,28.75,29.0,27.5,27.5,10186400.0,28.412,27.136000000000003,23.851333333333336
1998-04-23,27.44,29.0,27.19,27.69,16983200.0,28.226,27.1625,23.994166666666665
1998-04-24,27.75,28.25,27.5,27.94,7708000.0,28.226,27.2315,24.14
1998-04-27,26.75,27.75,26.75,27.75,14655600.0,27.976,27.272000000000002,24.29416666666667
1998-04-28,27.87,28.0,26.25,26.94,8487600.0,27.564000000000004,27.246999999999996,24.438
1998-04-29,26.94,27.44,26.75,27.0,6774400.0,27.464000000000006,27.221999999999998,24.59316666666667
1998-04-30,27.37,27.62,27.06,27.37,6442000.0,27.4,27.2155,24.744166666666665
1998-05-01,27.5,28.25,26.87,28.0,6582000.0,27.412,27.25,24.906666666666663
1998-05-04,28.87,29.5,28.87,29.06,20419200.0,27.674,27.35,25.085833333333333
1998-05-05,29.25,29.87,29.12,29.69,14982400.0,28.224,27.522,25.272333333333332
1998-05-06,29.87,30.44,29.25,30.31,32056400.0,28.886000000000003,27.7625,25.457666666666668
1998-05-07,30.56,30.62,29.87,30.19,19761200.0,29.45,28.022,25.636833333333335
1998-05-08,30.06,30.5,29.94,30.44,9690000.0,29.938,28.262999999999998,25.8275
1998-05-11,30.87,31.62,30.75,30.94,23768000.0,30.314,28.488,26.020333333333333
1998-05-12,30.56,30.75,29.94,30.12,9212000.0,30.4,28.647,26.197333333333333
1998-05-13,30.06,30.81,29.62,30.44,11245600.0,30.426,28.797000000000004,26.377666666666666
1998-05-14,30.37,30.44,29.75,30.06,5815600.0,30.4,28.869,26.535999999999998
1998-05-15,30.06,30.37,29.25,29.56,9743600.0,30.224,28.95,26.688000000000002
1998-05-18,29.37,29.56,28.37,28.5,8310800.0,29.736,28.925,26.82966666666667
1998-05-19,28.94,29.44,28.81,29.37,7815200.0,29.586000000000002,28.9435,26.965
1998-05-20,29.62,29.87,28.75,29.56,6810000.0,29.410000000000004,29.046499999999998,27.1025
1998-05-21,29.56,29.69,28.62,28.87,4700000.0,29.172000000000004,29.1055,27.211833333333335
1998-05-22,28.75,28.75,27.31,27.87,9522000.0,28.834000000000003,29.101999999999997,27.284666666666666
1998-05-26,28.06,28.25,26.62,26.69,11143200.0,28.472,29.049,27.335833333333333
1998-05-27,25.69,26.81,25.62,26.75,13233200.0,27.948,29.039500000000004,27.4025
1998-05-28,26.75,27.87,26.75,27.44,10672000.0,27.524,29.061500000000002,27.4745
1998-05-29,27.5,27.56,26.44,26.62,7751200.0,27.074,29.024,27.51083333333333
1998-06-01,26.5,27.62,25.62,26.25,11427600.0,26.75,28.936500000000002,27.54733333333333
1998-06-02,26.44,27.31,26.0,26.87,6405600.0,26.786,28.826999999999998,27.587833333333332
1998-06-03,27.12,27.25,26.19,26.31,5196800.0,26.698,28.658000000000005,27.647166666666667
1998-06-04,26.62,26.87,25.81,26.81,5585600.0,26.572000000000003,28.482999999999997,27.692999999999998
1998-06-05,26.87,27.25,26.37,26.87,4406800.0,26.622000000000003,28.317,27.705500000000004
1998-06-08,27.0,27.69,26.81,27.25,4523600.0,26.822000000000003,28.1575,27.70966666666667
1998-06-09,27.37,28.5,27.37,28.25,9852400.0,27.098000000000003,28.023000000000003,27.7285
1998-06-10,28.0,29.0,27.62,28.06,8202000.0,27.448,27.920000000000005,27.75133333333333
1998-06-11,28.19,28.62,27.81,27.81,6451200.0,27.647999999999996,27.7885,27.77583333333333
1998-06-12,27.62,28.25,27.37,28.12,8014400.0,27.898000000000003,27.6915,27.7955
1998-06-15,27.25,28.25,27.25,27.5,4881200.0,27.948,27.5885,27.808
1998-06-16,27.69,28.12,27.31,28.0,4649200.0,27.898000000000003,27.563499999999998,27.83516666666667
1998-06-17,28.0,28.56,27.94,28.12,6687600.0,27.910000000000004,27.500999999999998,27.868499999999997
1998-06-18,27.75,28.06,27.19,27.31,4288800.0,27.810000000000002,27.3885,27.856999999999996
1998-06-19,27.37,27.44,26.75,27.06,4931200.0,27.597999999999995,27.298000000000002,27.855333333333338
1998-06-22,27.0,27.56,26.75,27.37,4809200.0,27.571999999999996,27.273000000000003,27.86883333333333
1998-06-23,27.44,28.12,27.25,27.81,8258800.0,27.534,27.328999999999997,27.883333333333333
1998-06-24,27.75,28.62,27.31,28.25,9788800.0,27.560000000000002,27.403999999999996,27.896833333333333
1998-06-25,28.56,28.81,28.31,28.56,6856400.0,27.810000000000002,27.46,27.9145
1998-06-26,28.5,28.62,27.75,28.19,3973200.0,28.036,27.5385,27.926
1998-06-29,28.25,28.81,28.06,28.69,5943600.0,28.3,27.660500000000003,27.949
1998-06-30,28.62,28.81,28.12,28.69,4681200.0,28.476,27.7515,27.976166666666664
1998-07-01,28.87,30.0,28.5,29.94,11228800.0,28.814,27.933,28.037666666666667
1998-07-02,29.69,30.06,29.0,29.0,10650800.0,28.901999999999997,28.0425,28.096
1998-07-06,29.5,30.37,29.12,30.37,9697600.0,29.338,28.2175,28.185499999999998
1998-07-07,30.37,30.87,30.0,30.5,8637600.0,29.7,28.380000000000003,28.266833333333334
1998-07-08,30.75,32.94,30.69,32.56,33334400.0,30.474,28.595499999999998,28.36883333333333
1998-07-09,32.94,33.63,31.44,31.69,20256400.0,30.824,28.776999999999997,28.447999999999997
1998-07-10,32.19,32.63,31.75,32.06,10806800.0,31.436,28.9895,28.525
1998-07-13,31.94,34.13,31.87,33.94,25566400.0,32.15,29.2805,28.613666666666667
1998-07-14,33.94,34.0,33.13,33.44,19607600.0,32.738,29.577499999999997,28.705333333333332
1998-07-15,33.69,34.69,33.5,34.44,21253600.0,33.114,29.8995,28.796
1998-07-16,37.88,38.13,35.75,37.5,91497600.0,34.275999999999996,30.3685,28.937666666666665
1998-07-17,37.25,37.25,36.19,36.88,22486400.0,35.239999999999995,30.847,29.093999999999998
1998-07-20,36.56,36.63,35.5,36.25,13727600.0,35.702,31.3065,29.236666666666668
1998-07-21,36.13,37.0,35.56,35.63,11772400.0,36.14,31.7195,29.364833333333333
1998-07-22,34.94,35.63,34.25,35.0,10040800.0,36.251999999999995,32.079,29.485666666666667
1998-07-23,34.81,35.63,34.75,34.94,9040800.0,35.739999999999995,32.4135,29.618999999999996
1998-07-24,35.38,35.5,33.81,34.69,9693600.0,35.302,32.72,29.747166666666665
1998-07-27,34.25,34.88,33.25,34.44,7657600.0,34.94,33.032500000000006,29.865000000000002
1998-07-28,34.06,34.63,33.0,33.63,8054400.0,34.540000000000006,33.2795,29.958833333333338
1998-07-29,33.75,35.88,33.69,35.13,16006800.0,34.565999999999995,33.6015,30.06
1998-07-30,35.81,36.75,35.5,36.5,12950000.0,34.878,33.929500000000004,30.1735
1998-07-31,36.63,36.75,34.5,34.63,6550800.0,34.866,34.211,30.2455
1998-08-03,34.25,35.56,33.25,35.13,10786800.0,35.004,34.449,30.327833333333334
1998-08-04,35.5,36.0,34.0,34.19,10506800.0,35.116,34.6335,30.390333333333334
1998-08-05,33.75,36.0,33.5,36.0,16226800.0,35.29,34.8055,30.474666666666668
1998-08-06,35.06,36.88,34.88,36.88,15678800.0,35.366,35.065,30.587333333333333
1998-08-07,37.19,37.38,36.0,36.5,10645600.0,35.74,35.287,30.688333333333333
1998-08-10,36.31,38.06,36.25,37.94,17455600.0,36.302,35.487,30.819666666666667
1998-08-11,37.75,41.0,37.38,39.0,62860000.0,37.263999999999996,35.765,30.976999999999997
1998-08-12,39.75,40.94,39.48,40.06,24654400.0,38.076,36.046,31.169666666666664
1998-08-13,39.94,40.75,39.38,39.44,13976800.0,38.588,36.143,31.3375
1998-08-14,40.69,40.75,39.5,40.5,16110000.0,39.388,36.324,31.519833333333334
1998-08-17,41.0,42.81,39.88,41.94,33248800.0,40.188,36.6085,31.737666666666666
1998-08-18,42.44,43.38,42.25,42.56,21642000.0,40.9,36.955,31.9825
1998-08-19,43.5,43.75,41.0,41.0,17377600.0,41.088,37.255,32.221
1998-08-20,41.0,41.13,40.25,40.63,14018000.0,41.326,37.539500000000004,32.452333333333335
1998-08-21,40.0,43.56,39.0,43.0,29054400.0,41.826,37.955,32.711666666666666
1998-08-24,43.44,43.5,40.13,41.19,21810000.0,41.676,38.292500000000004,32.9545
1998-08-25,42.38,42.38,40.31,40.81,17709200.0,41.326,38.6515,33.19716666666667
1998-08-26,39.88,41.13,39.5,40.38,14538000.0,41.202,38.914,33.422333333333334
1998-08-27,39.25,39.25,35.63,37.5,39813600.0,40.576,38.964,33.60883333333333
1998-08-28,37.13,38.5,34.13,34.19,33303200.0,38.814,38.94199999999999,33.731833333333334
1998-08-31,34.75,34.88,31.0,31.19,31012400.0,36.814,38.745,33.80383333333334
1998-09-01,31.37,35.38,30.62,34.13,31060000.0,35.477999999999994,38.742000000000004,33.9185
1998-09-02,35.5,37.38,35.25,35.56,30122400.0,34.513999999999996,38.720000000000006,34.040333333333336
1998-09-03,35.0,35.13,34.0,34.63,14653200.0,33.940000000000005,38.6075,34.14983333333334
1998-09-04,35.5,36.44,33.75,35.13,13493200.0,34.128,38.539,34.27183333333333
1998-09-08,38.0,38.25,36.75,38.25,14400000.0,35.540000000000006,38.554500000000004,34.440666666666665
1998-09-09,38.06,38.13,37.0,37.38,12683200.0,36.19,38.4735,34.605333333333334
1998-09-10,36.25,38.25,35.75,38.13,18826800.0,36.70399999999999,38.377,34.774166666666666
1998-09-11,38.5,39.63,36.88,37.63,12593600.0,37.304,38.286500000000004,34.93266666666667
1998-09-14,38.25,38.81,37.13,37.19,8837600.0,37.716,38.120999999999995,35.09733333333334
1998-09-15,36.75,38.56,36.5,38.19,15492000.0,37.704,37.9335,35.282833333333336
1998-09-16,38.63,38.75,37.0,37.31,9248800.0,37.690000000000005,37.671,35.448499999999996
1998-09-17,36.06,37.13,35.88,36.0,9627600.0,37.263999999999996,37.421,35.585
1998-09-18,36.06,36.75,35.56,36.75,10904400.0,37.088,37.227,35.72666666666667
1998-09-21,35.69,36.94,35.31,36.94,10570800.0,37.038,36.924,35.86633333333334
1998-09-22,37.13,37.63,36.38,37.0,9218800.0,36.8,36.7145,36.01316666666666
1998-09-23,37.25,38.38,36.56,38.31,10284400.0,37.0,36.5895,36.1735
1998-09-24,37.88,39.56,37.75,38.5,17246800.0,37.5,36.4955,36.337
1998-09-25,38.19,39.19,37.63,38.75,8172000.0,37.9,36.558,36.48383333333334
1998-09-28,39.75,40.19,38.0,39.06,14501200.0,38.324,36.801500000000004,36.651500000000006
1998-09-29,39.06,40.0,38.13,39.5,10907600.0,38.824,37.217,36.803666666666665
1998-09-30,38.75,39.25,38.0,38.13,5976800.0,38.788,37.417,36.93083333333333
1998-10-01,36.75,38.0,35.38,35.69,13234400.0,38.226,37.4235,36.983
1998-10-02,35.5,36.25,34.13,35.06,16998800.0,37.488,37.445,37.03916666666667
1998-10-05,34.0,34.56,31.5,32.19,19726800.0,36.114,37.297999999999995,37.041333333333334
1998-10-06,33.69,34.31,32.5,32.56,14281200.0,34.726,37.0135,37.01833333333333
1998-10-07,32.38,33.31,31.87,31.94,16920000.0,33.488,36.741499999999995,36.99333333333334
1998-10-08,31.0,31.19,28.5,30.81,24623200.0,32.512,36.3755,36.932833333333335
1998-10-09,31.75,35.25,30.75,35.13,23880000.0,32.525999999999996,36.2505,36.89333333333334
1998-10-12,37.5,38.44,36.56,37.44,22250000.0,33.576,36.263,36.90266666666666
1998-10-13,38.06,39.19,36.0,38.75,33646400.0,34.814,36.291,36.94433333333333
1998-10-14,39.75,41.31,36.81,37.38,81445600.0,35.902,36.294500000000006,36.973499999999994
1998-10-15,36.25,37.25,35.5,36.63,30037600.0,37.066,36.32600000000001,37.00066666666667
1998-10-16,37.13,38.06,36.5,36.69,21998000.0,37.378,36.323,37.029833333333336
1998-10-19,36.69,38.06,35.88,37.5,17010000.0,37.39,36.351,37.07666666666667
1998-10-20,37.94,38.19,36.0,36.06,13649200.0,36.852000000000004,36.304,37.10366666666666
1998-10-21,36.75,37.44,35.75,37.13,15390000.0,36.802,36.245000000000005,37.162000000000006
1998-10-22,36.88,37.63,36.25,36.75,11343200.0,36.826,36.157500000000006,37.189
1998-10-23,36.75,36.88,35.13,35.5,12732400.0,36.588,35.995000000000005,37.172333333333334
1998-10-26,36.06,37.75,35.5,37.44,17013600.0,36.576,35.914,37.219166666666666
1998-10-27,38.0,38.94,35.06,35.25,19233200.0,36.414,35.701499999999996,37.22116666666667
1998-10-28,35.25,37.0,35.13,36.81,13006400.0,36.35,35.6355,37.264833333333335
1998-10-29,36.44,37.44,35.81,36.44,12321200.0,36.288,35.673,37.27216666666667
1998-10-30,36.81,37.5,36.25,37.13,11358000.0,36.614,35.7765,37.27633333333333
1998-11-02,37.5,37.75,37.25,37.63,9076400.0,36.652,36.048500000000004,37.29516666666667
1998-11-03,37.38,38.25,37.31,37.81,13247600.0,37.164,36.311,37.293
1998-11-04,38.56,39.13,38.13,38.69,22438000.0,37.54,36.6485,37.28783333333333
1998-11-05,38.38,39.38,38.06,38.19,21684400.0,37.89,37.0175,37.25666666666667
1998-11-06,37.88,38.25,37.25,38.06,28496800.0,38.076,37.164,37.233666666666664
1998-11-09,37.69,38.13,35.5,36.63,23622000.0,37.876000000000005,37.1235,37.16916666666667
1998-11-10,36.19,36.25,35.0,35.13,31576800.0,37.339999999999996,36.9425,37.05566666666667
1998-11-11,35.75,35.81,32.75,33.56,33895200.0,36.314,36.75150000000001,36.90566666666667
1998-11-12,33.13,34.44,32.88,34.0,21261200.0,35.476,36.62,36.789
1998-11-13,34.94,36.06,34.69,35.69,28301200.0,35.001999999999995,36.57,36.70666666666667
1998-11-16,35.94,36.75,35.44,36.0,13740800.0,34.876,36.495,36.59
1998-11-17,35.75,35.81,34.75,34.81,7529200.0,34.812,36.4325,36.483666666666664
1998-11-18,35.19,36.0,34.88,35.44,11781200.0,35.188,36.348,36.39416666666667
1998-11-19,35.5,37.19,35.44,35.75,12385200.0,35.538,36.297999999999995,36.317
1998-11-20,36.44,36.75,34.75,35.31,14268000.0,35.462,36.2885,36.280499999999996
1998-11-23,35.56,36.81,35.19,36.25,20642000.0,35.512,36.229,36.31483333333334
1998-11-24,36.13,36.75,35.75,35.94,11430800.0,35.738,36.2635,36.394000000000005
1998-11-25,35.88,36.06,34.94,35.13,10855600.0,35.676,36.1795,36.410666666666664
1998-11-27,35.06,35.13,34.75,35.06,5483600.0,35.538,36.1105,36.40233333333334
1998-11-30,34.56,34.81,31.75,31.94,20060800.0,34.864,35.851,36.357499999999995
1998-12-01,32.0,34.81,31.62,34.13,30941200.0,34.44,35.676,36.34083333333333
1998-12-02,34.13,36.88,33.5,36.0,34382400.0,34.452,35.5855,36.30333333333333
1998-12-03,36.31,36.5,33.63,33.69,22380800.0,34.164,35.3355,36.24183333333333
1998-12-04,34.31,34.44,32.0,32.75,25765200.0,33.702,35.0635,36.152166666666666
1998-12-07,33.38,33.75,32.75,33.75,20255600.0,34.064,34.848,36.0875
1998-12-08,33.94,33.94,32.0,32.06,24295200.0,33.65,34.6195,36.001999999999995
1998-12-09,32.69,32.88,31.62,32.0,21184400.0,32.85,34.463,35.89883333333333
1998-12-10,32.69,32.94,31.87,32.0,13980800.0,32.512,34.385000000000005,35.81033333333333
1998-12-11,32.25,34.0,32.0,33.75,24644400.0,32.712,34.3725,35.77283333333333
1998-12-14,32.88,33.31,32.25,32.5,17925200.0,32.462,34.213,35.702
1998-12-15,32.75,33.63,32.75,33.56,9462000.0,32.762,34.091,35.64566666666666
1998-12-16,33.75,34.19,32.63,32.81,13375200.0,32.924,33.991,35.575833333333335
1998-12-17,32.94,33.75,32.75,33.44,11812000.0,33.212,33.891000000000005,35.49466666666667
1998-12-18,33.38,35.38,33.25,35.19,28283200.0,33.5,33.863,35.439499999999995
1998-12-21,35.38,35.63,34.25,35.06,12769200.0,34.012,33.8505,35.378
1998-12-22,36.38,38.13,36.0,38.0,41111200.0,34.9,33.938,35.36033333333333
1998-12-23,38.63,40.5,38.38,39.81,44124400.0,36.3,34.1315,35.365500000000004
1998-12-24,39.88,40.0,39.19,39.25,7155200.0,37.462,34.3375,35.38416666666667
1998-12-28,39.0,41.13,39.0,40.88,25917600.0,38.60000000000001,34.6285,35.470666666666666
1998-12-29,41.13,41.5,40.25,40.81,13853200.0,39.75,35.072,35.5665
1998-12-30,40.13,41.13,40.0,40.06,8498000.0,40.162,35.3685,35.69766666666667
1998-12-31,40.5,41.38,39.5,40.94,9716400.0,40.388,35.615500000000004,35.837333333333326
1999-01-04,42.13,42.25,40.0,41.25,34049200.0,40.788,35.9935,35.99249999999999
1999-01-05,41.94,43.94,41.5,43.31,50362000.0,41.274,36.5215,36.200833333333335
1999-01-06,44.13,44.13,41.0,41.75,48165200.0,41.462,36.9215,36.311166666666665
1999-01-07,42.25,45.06,42.13,45.0,51056800.0,42.45,37.56850000000001,36.43716666666668
1999-01-08,46.56,46.88,44.0,45.0,24246400.0,43.262,38.218500000000006,36.54133333333334
1999-01-11,45.75,46.06,44.88,45.88,20054400.0,44.188,38.91250000000001,36.683
1999-01-12,46.31,46.63,44.13,46.13,29330000.0,44.751999999999995,39.5315,36.84133333333333
1999-01-13,42.88,47.31,42.25,46.5,37434400.0,45.702,40.231500000000004,37.00483333333333
1999-01-14,45.5,46.0,41.06,41.38,61570000.0,44.977999999999994,40.6225,37.0695
1999-01-15,41.81,42.13,40.0,41.31,35933600.0,44.239999999999995,41.0475,37.157000000000004
1999-01-19,41.94,42.31,40.38,40.88,19116400.0,43.24,41.4195,37.219500000000004
1999-01-20,41.06,42.0,40.5,40.56,27806800.0,42.126000000000005,41.688,37.283
1999-01-21,40.44,40.56,37.5,38.81,21449200.0,40.58800000000001,41.8755,37.338166666666666
1999-01-22,37.69,39.5,37.06,38.75,12365200.0,40.062,41.913,37.36
1999-01-25,39.25,39.56,38.81,39.38,13763200.0,39.676,41.8915,37.42883333333334
1999-01-26,39.94,40.88,39.63,40.5,20002400.0,39.6,41.95399999999999,37.49033333333333
1999-01-27,41.0,41.38,39.94,40.13,13053200.0,39.513999999999996,41.9165,37.55183333333333
1999-01-28,40.88,41.25,40.31,40.88,12015600.0,39.928,41.92,37.614333333333335
1999-01-29,41.19,41.56,40.0,41.19,8684400.0,40.416,41.9765,37.67366666666667
1999-02-01,41.69,41.94,40.31,40.94,9962000.0,40.727999999999994,41.9765,37.725833333333334
1999-02-02,40.38,40.75,39.0,39.19,10975600.0,40.465999999999994,41.8735,37.73416666666667
1999-02-03,39.0,40.56,38.75,40.19,12108000.0,40.477999999999994,41.717499999999994,37.767500000000005
1999-02-04,40.19,40.25,37.75,37.88,16565600.0,39.878,41.524,37.764500000000005
1999-02-05,38.25,38.38,35.5,36.31,27778000.0,38.902,41.0895,37.75916666666667
1999-02-08,36.69,37.94,36.25,37.75,16723600.0,38.263999999999996,40.727,37.80283333333333
1999-02-09,37.94,39.06,37.06,37.19,25042000.0,37.864,40.292500000000004,37.86333333333334
1999-02-10,36.88,38.69,36.0,38.31,20135200.0,37.488,39.9015,37.93516666666667
1999-02-11,38.75,39.75,38.56,39.63,20200000.0,37.838,39.558,38.000833333333325
1999-02-12,39.13,39.13,37.0,37.69,15339200.0,38.114,39.3735,38.028999999999996
1999-02-16,38.88,38.88,37.88,38.31,10723600.0,38.226,39.2235,38.087333333333326
1999-02-17,38.13,38.69,36.94,37.0,10581200.0,38.188,39.0295,38.11333333333333
1999-02-18,37.56,37.88,35.56,36.0,17876400.0,37.726,38.8015,38.11749999999999
1999-02-19,36.25,37.69,36.19,37.19,12938800.0,37.238,38.7205,38.14883333333333
1999-02-22,37.38,38.88,37.25,38.44,10682000.0,37.388,38.705,38.18533333333333
1999-02-23,38.56,39.56,37.94,38.44,11521200.0,37.414,38.658,38.227
1999-02-24,38.81,39.0,37.38,37.44,7620000.0,37.501999999999995,38.505,38.2655
1999-02-25,37.31,37.69,36.5,36.94,9455600.0,37.69,38.3455,38.29683333333333
1999-02-26,36.5,37.0,34.5,34.81,23847600.0,37.214,38.041999999999994,38.34466666666667
1999-03-01,34.81,34.81,33.63,33.75,17435200.0,36.275999999999996,37.67,38.33833333333334
1999-03-02,34.13,35.31,33.75,34.63,24414400.0,35.513999999999996,37.3545,38.31550000000001
1999-03-03,34.75,35.13,33.5,34.19,10497600.0,34.864,37.1045,38.32383333333334
1999-03-04,34.5,34.5,32.38,33.44,13137600.0,34.164,36.767,38.33533333333333
1999-03-05,34.31,34.31,32.38,33.19,16735600.0,33.839999999999996,36.5325,38.326
1999-03-08,33.25,34.69,33.19,34.38,19682000.0,33.965999999999994,36.436,38.36466666666667
1999-03-09,34.31,34.38,33.5,34.13,11427600.0,33.866,36.255,38.40016666666667
1999-03-10,34.19,34.19,32.44,32.56,19526800.0,33.540000000000006,36.0235,38.4095
1999-03-11,32.25,33.88,32.0,32.19,16936800.0,33.290000000000006,35.7175,38.383500000000005
1999-03-12,32.31,33.5,32.31,33.19,9700000.0,33.290000000000006,35.3955,38.395
1999-03-15,33.31,35.0,33.25,34.06,12586800.0,33.226,35.214,38.403333333333336
1999-03-16,35.0,35.56,34.94,35.5,14302000.0,33.5,35.0735,38.44816666666667
1999-03-17,35.94,36.06,33.94,34.06,13084400.0,33.8,34.9265,38.4585
1999-03-18,34.38,35.63,34.25,35.5,8126800.0,34.462,34.9015,38.46366666666667
1999-03-19,35.94,36.0,32.88,33.5,19161200.0,34.524,34.717,38.43766666666667
1999-03-22,34.0,35.19,32.94,35.06,21200800.0,34.724000000000004,34.548,38.38866666666667
1999-03-23,34.44,34.44,32.75,33.0,14842000.0,34.224000000000004,34.275999999999996,38.27516666666667
1999-03-24,33.25,33.75,32.5,33.69,14297600.0,34.15,34.088499999999996,38.182500000000005
1999-03-25,34.38,34.88,33.38,33.81,14286800.0,33.812,33.932,38.06466666666667
1999-03-26,33.75,33.81,33.0,33.25,9080000.0,33.762,33.854,37.93866666666667
1999-03-29,33.5,35.44,33.44,35.38,20337600.0,33.826,33.935500000000005,37.86066666666667
1999-03-30,35.0,36.38,35.0,35.88,19806800.0,34.402,33.998000000000005,37.77633333333334
1999-03-31,36.38,37.13,35.88,35.94,15086400.0,34.852,34.085499999999996,37.68783333333333
1999-04-01,36.06,36.69,35.75,36.06,9381200.0,35.302,34.2165,37.567
1999-04-05,36.0,37.88,36.0,37.06,16474400.0,36.064,34.41,37.48883333333333
1999-04-06,36.81,38.31,36.81,38.0,22455200.0,36.588,34.590999999999994,37.372166666666665
1999-04-07,38.06,38.25,36.38,37.13,14723200.0,36.838,34.741,37.241
1999-04-08,36.88,37.06,36.0,36.88,10600800.0,37.026,34.95700000000001,37.091
1999-04-09,36.25,37.25,35.94,36.75,9608000.0,37.164,35.185,36.934666666666665
1999-04-12,35.0,36.88,34.88,36.25,14145600.0,37.002,35.33800000000001,36.76383333333333
1999-04-13,36.31,36.81,34.5,34.63,14732400.0,36.328,35.3665,36.65133333333333
1999-04-14,35.25,37.06,35.0,35.53,24323600.0,36.007999999999996,35.368,36.555
1999-04-15,35.38,36.19,34.31,35.75,61960000.0,35.782,35.4525,36.469500000000004
1999-04-16,35.88,36.06,35.25,35.44,17945600.0,35.519999999999996,35.4495,36.384166666666665
1999-04-19,35.69,36.0,33.5,33.88,32923200.0,35.046,35.4685,36.302
1999-04-20,33.88,34.75,33.5,34.06,18725600.0,34.932,35.4185,36.22383333333333
1999-04-21,34.0,34.38,33.5,34.38,12566800.0,34.702,35.4875,36.140499999999996
1999-04-22,35.06,36.63,35.06,36.38,26454400.0,34.828,35.622,36.07183333333333
1999-04-23,36.25,39.44,36.25,39.19,37402400.0,35.578,35.891000000000005,36.05616666666667
1999-04-26,39.5,41.25,39.25,40.94,33152000.0,36.99,36.2755,36.057166666666674
1999-04-27,43.0,45.81,43.0,45.75,75225200.0,39.328,36.794,36.13316666666667
1999-04-28,44.63,45.69,43.63,44.06,34122000.0,41.263999999999996,37.203,36.18516666666667
1999-04-29,43.25,44.38,41.78,43.0,28206400.0,42.588,37.556000000000004,36.248666666666665
1999-04-30,44.0,47.13,44.0,46.0,52596400.0,43.95,38.053000000000004,36.3455
1999-05-03,46.06,50.0,45.75,49.56,52535600.0,45.674,38.678000000000004,36.540166666666664
1999-05-04,48.25,48.63,46.19,46.5,28980000.0,45.824,39.103,36.71
1999-05-05,46.31,47.0,44.63,47.0,20694400.0,46.412,39.596500000000006,36.86416666666666
1999-05-06,46.56,46.88,44.0,44.5,15486400.0,46.712,39.9775,36.986
1999-05-07,44.63,45.88,42.75,45.88,15528800.0,46.688,40.434,37.11216666666667
1999-05-10,46.75,46.94,44.63,45.25,14055600.0,45.826,40.884,37.20583333333334
1999-05-11,44.88,46.19,43.56,44.75,16388800.0,45.476,41.39,37.3235
1999-05-12,44.88,46.5,44.13,46.5,14129200.0,45.376,41.9385,37.46000000000001
1999-05-13,46.44,46.81,45.5,46.19,10573600.0,45.714,42.4605,37.61316666666667
1999-05-14,45.13,45.81,44.38,44.38,8102000.0,45.414,42.907500000000006,37.752833333333335
1999-05-17,43.75,44.69,43.0,44.38,7531200.0,45.239999999999995,43.432500000000005,37.87266666666667
1999-05-18,44.81,46.0,44.38,45.25,14954400.0,45.339999999999996,43.992000000000004,37.98616666666667
1999-05-19,45.5,45.75,43.5,45.19,10660000.0,45.077999999999996,44.5325,38.09866666666667
1999-05-20,45.44,45.75,42.5,42.5,14940000.0,44.339999999999996,44.838499999999996,38.183
1999-05-21,43.0,44.31,42.56,43.94,16555200.0,44.251999999999995,45.076,38.29966666666667
1999-05-24,43.63,44.31,41.88,41.94,9340800.0,43.763999999999996,45.126,38.4185
1999-05-25,41.56,42.44,40.94,41.5,13095200.0,43.013999999999996,44.9135,38.54766666666667
1999-05-26,41.75,44.38,41.25,44.06,15642000.0,42.788,44.9135,38.70483333333333
1999-05-27,43.19,43.75,42.69,43.5,12042400.0,42.988,44.9385,38.86
1999-05-28,43.31,44.31,43.13,44.06,7196400.0,43.012,44.841499999999996,39.037000000000006
1999-06-01,45.0,45.31,44.38,44.81,16479200.0,43.586,44.604,39.23066666666667
1999-06-02,44.5,47.94,44.0,46.56,18614400.0,44.598,44.607,39.43366666666667
1999-06-03,46.88,48.0,46.81,47.44,17450800.0,45.274,44.629000000000005,39.655499999999996
1999-06-04,47.63,48.19,47.25,48.13,13171200.0,46.2,44.810500000000005,39.915
1999-06-07,48.13,49.0,47.5,48.94,14949200.0,47.176,44.963499999999996,40.19416666666667
1999-06-08,48.75,48.81,47.56,47.69,11203200.0,47.751999999999995,45.0855,40.435833333333335
1999-06-09,47.44,48.5,47.44,48.44,12655200.0,48.128,45.269999999999996,40.67549999999999
1999-06-10,47.88,48.25,47.31,48.13,11325200.0,48.266,45.3515,40.885999999999996
1999-06-11,48.13,48.5,46.25,46.44,6613600.0,47.928,45.364,41.092333333333336
1999-06-14,46.5,46.63,45.13,45.44,5615600.0,47.227999999999994,45.416999999999994,41.258
1999-06-15,45.19,46.75,45.13,46.06,4666400.0,46.902,45.501,41.467333333333336
1999-06-16,46.38,48.06,46.38,47.94,8056800.0,46.802,45.63549999999999,41.682
1999-06-17,47.63,48.0,45.75,46.38,8022400.0,46.452,45.695,41.905
1999-06-18,45.38,47.25,45.19,47.13,7448000.0,46.589999999999996,45.9265,42.129
1999-06-21,47.0,47.25,46.0,46.5,4842000.0,46.802,46.0545,42.340500000000006
1999-06-22,46.31,46.94,45.38,45.38,5415600.0,46.666000000000004,46.2265,42.54266666666667
1999-06-23,45.06,45.09,43.56,43.69,18994400.0,45.816,46.336,42.68116666666666
1999-06-24,43.63,43.63,42.25,42.31,15498000.0,45.002,46.2485,42.78833333333333
1999-06-25,42.5,42.69,42.06,42.19,10518800.0,44.013999999999996,46.183,42.892500000000005
1999-06-28,42.44,42.94,42.38,42.56,9938800.0,43.226,46.108000000000004,43.000833333333325
1999-06-29,42.72,45.56,42.63,45.38,13599200.0,43.226,46.1365,43.1395
1999-06-30,45.69,46.94,44.94,46.31,12270800.0,43.75,46.124,43.278
1999-07-01,46.31,46.56,45.25,45.31,5334400.0,44.35,46.0175,43.41433333333334
1999-07-02,45.53,46.88,45.19,46.31,4426800.0,45.174,45.9265,43.5715
1999-07-06,45.94,47.63,45.81,47.38,16212000.0,46.138,45.8485,43.748666666666665
1999-07-07,47.38,50.75,47.0,49.88,39264400.0,47.038,45.958,43.975833333333334
1999-07-08,51.13,55.06,50.88,54.5,58058000.0,48.676,46.261,44.307
1999-07-09,54.5,55.63,53.0,55.63,21750000.0,50.74,46.636,44.642
1999-07-12,55.5,55.63,54.19,54.5,10862000.0,52.378,47.039,44.9545
1999-07-13,53.5,54.19,52.88,53.69,10136800.0,53.64,47.4515,45.25866666666668
1999-07-14,54.5,56.63,54.5,55.94,22320000.0,54.852,47.945499999999996,45.626333333333335
1999-07-15,55.88,55.94,51.31,53.25,60433600.0,54.602,48.211,45.94616666666666
1999-07-16,53.63,54.5,53.0,53.06,14705600.0,54.088,48.545,46.25750000000001
1999-07-19,53.94,55.81,52.31,54.44,20050000.0,54.076,48.9105,46.558499999999995
1999-07-20,54.56,55.5,52.75,52.88,15804400.0,53.914,49.2295,46.78666666666666
1999-07-21,54.06,55.44,52.88,54.06,25653600.0,53.538,49.6635,47.005333333333326
1999-07-22,53.63,53.88,51.13,52.38,14529200.0,53.364,50.098,47.11583333333333
1999-07-23,52.81,53.75,52.69,53.31,8192000.0,53.414,50.647999999999996,47.269999999999996
1999-07-26,52.88,53.0,50.88,50.94,12555200.0,52.714,51.0855,47.40233333333333
1999-07-27,52.63,53.94,52.5,53.69,14150800.0,52.876,51.641999999999996,47.530499999999996
1999-07-28,53.88,55.38,53.0,54.38,11762000.0,52.94,52.092,47.61083333333333
1999-07-29,53.38,55.25,53.13,53.88,9860000.0,53.239999999999995,52.4705,47.73383333333334
1999-07-30,54.5,56.13,54.5,55.69,13685600.0,53.715999999999994,52.9895,47.87866666666666
1999-08-02,55.63,58.0,55.5,55.75,12958000.0,54.678,53.4615,48.06616666666666
1999-08-03,56.75,57.44,53.63,55.25,13176800.0,54.989999999999995,53.855000000000004,48.22233333333333
1999-08-04,55.19,55.88,53.25,53.81,13279200.0,54.876,54.0515,48.365
1999-08-05,53.5,54.88,52.13,54.75,11541200.0,55.05,54.064,48.531666666666666
1999-08-06,54.06,55.31,53.5,54.13,15575600.0,54.738,53.989,48.65883333333333
1999-08-09,54.34,55.19,54.25,54.44,8338000.0,54.476,53.986000000000004,48.79633333333333
1999-08-10,54.0,56.0,53.63,55.38,14879200.0,54.501999999999995,54.0705,48.97966666666667
1999-08-11,56.0,59.75,55.94,59.69,30374400.0,55.678,54.257999999999996,49.234833333333334
1999-08-12,59.06,61.38,58.63,60.0,23806400.0,56.727999999999994,54.595499999999994,49.48066666666667
1999-08-13,60.63,62.0,59.88,60.06,10668800.0,57.914,54.9455,49.728500000000004
1999-08-16,59.81,60.69,59.5,60.5,9896400.0,59.126,55.2485,50.0285
1999-08-17,60.31,60.38,58.94,60.31,11474400.0,60.112,55.620000000000005,50.30133333333333
1999-08-18,60.06,62.0,59.63,60.13,16743200.0,60.2,55.923500000000004,50.6045
1999-08-19,59.81,60.5,58.56,58.75,19645600.0,59.95,56.242,50.892
1999-08-20,59.25,59.38,58.19,59.19,11730800.0,59.775999999999996,56.536,51.14416666666667
1999-08-23,59.38,61.38,59.31,60.75,12709200.0,59.826,57.0265,51.431666666666665
1999-08-24,60.38,60.75,59.94,60.38,17948000.0,59.839999999999996,57.361000000000004,51.70366666666666
1999-08-25,60.69,61.5,60.13,61.38,10553600.0,60.09000000000001,57.711,51.97983333333333
1999-08-26,61.13,63.13,61.13,62.13,14449200.0,60.766000000000005,58.1235,52.239333333333335
1999-08-27,62.75,65.0,62.69,64.75,15980000.0,61.878,58.576499999999996,52.527833333333334
1999-08-30,65.0,65.0,62.0,62.06,12033200.0,62.14000000000001,58.891999999999996,52.76
1999-08-31,62.59,65.87,62.06,65.25,22675200.0,63.114,59.391999999999996,53.03183333333333
1999-09-01,67.0,68.81,66.0,68.62,28168000.0,64.562,60.13250000000001,53.38066666666666
1999-09-02,67.62,71.44,66.87,70.56,31975200.0,66.248,60.923,53.74933333333333
1999-09-03,71.94,75.25,70.5,73.5,58403600.0,67.998,61.89150000000001,54.17216666666666
1999-09-07,73.75,77.94,73.5,76.37,35177600.0,70.86,62.988,54.67100000000001
1999-09-08,76.19,77.69,74.5,74.5,27233600.0,72.71000000000001,63.943999999999996,55.15533333333334
1999-09-09,75.5,75.94,73.87,75.56,19093600.0,74.098,64.7375,55.647000000000006
1999-09-10,76.0,77.69,74.69,77.44,16398000.0,75.474,65.6095,56.13866666666667
1999-09-13,77.06,77.06,74.81,75.0,9000000.0,75.774,66.3565,56.61566666666667
1999-09-14,74.72,78.5,74.69,77.81,13883200.0,76.062,67.22200000000001,57.127
1999-09-15,78.87,79.12,75.25,75.37,12843200.0,76.236,67.975,57.60816666666666
1999-09-16,76.06,78.06,73.87,76.81,15793600.0,76.486,68.809,58.132
1999-09-17,77.31,77.75,76.25,76.94,9915600.0,76.386,69.7185,58.686166666666665
1999-09-20,77.0,80.12,76.87,79.06,16326400.0,77.19800000000001,70.712,59.29866666666667
1999-09-21,73.19,73.25,69.0,69.25,119931200.0,75.486,71.137,59.74966666666667
1999-09-22,69.75,71.62,69.02,70.31,40132000.0,74.474,71.6335,60.21216666666667
1999-09-23,71.12,71.25,63.0,63.31,40853200.0,71.774,71.73,60.510999999999996
1999-09-24,63.38,67.02,63.0,64.94,42148800.0,69.374,71.87049999999999,60.8215
1999-09-27,66.37,66.75,61.19,61.31,33877600.0,65.824,71.6985,61.088166666666666
1999-09-28,61.5,62.0,57.44,59.63,50542400.0,63.9,71.577,61.31016666666667
1999-09-29,60.25,61.25,58.0,59.06,23493600.0,61.65,71.26750000000001,61.50483333333333
1999-09-30,59.56,64.19,59.25,63.31,32449200.0,61.65,71.002,61.72866666666667
1999-10-01,62.13,62.44,59.5,61.72,21977600.0,61.00600000000001,70.56,61.849000000000004
1999-10-04,62.38,64.87,62.38,64.56,16408800.0,61.65599999999999,70.113,61.99783333333333
1999-10-05,65.62,68.12,64.75,67.94,29100800.0,63.318000000000005,69.6915,62.22183333333333
1999-10-06,69.37,69.62,67.0,67.19,28726400.0,64.944,69.326,62.44683333333333
1999-10-07,68.44,68.62,64.87,66.37,21660800.0,65.556,68.8665,62.62066666666667
1999-10-08,66.19,66.31,63.5,65.56,13689200.0,66.324,68.27250000000001,62.825833333333335
1999-10-11,66.0,68.25,66.0,66.69,9418000.0,66.75,67.857,63.053
1999-10-12,67.87,69.62,67.0,67.69,20142000.0,66.7,67.351,63.273833333333336
1999-10-13,66.62,69.5,63.75,64.03,22752000.0,66.06800000000001,66.784,63.459666666666664
1999-10-14,69.25,73.31,69.0,73.19,67822400.0,67.432,66.603,63.7785
1999-10-15,71.12,75.81,70.19,74.56,41910000.0,69.232,66.48400000000001,64.14816666666667
1999-10-18,73.87,74.25,71.12,73.25,27733600.0,70.54400000000001,66.1935,64.48049999999999
1999-10-19,71.62,75.0,68.44,68.5,36521200.0,70.70599999999999,66.156,64.77316666666667
1999-10-20,70.0,75.25,70.0,75.12,38633600.0,72.924,66.39649999999999,65.13033333333334
1999-10-21,72.56,77.06,72.37,76.12,28347600.0,73.51,67.037,65.49266666666666
1999-10-22,77.12,77.25,73.37,73.94,14995200.0,73.386,67.48700000000001,65.827
1999-10-25,74.25,76.12,73.75,74.5,11677600.0,73.636,68.14649999999999,66.1405
1999-10-26,74.94,75.5,73.31,75.06,12924400.0,74.94800000000001,68.918,66.46233333333333
1999-10-27,74.37,76.62,73.44,76.37,15837600.0,75.19800000000001,69.78349999999999,66.81433333333334
1999-10-28,77.06,79.0,76.06,77.87,18005200.0,75.548,70.5115,67.21533333333333
1999-10-29,78.81,81.06,78.81,80.12,18680800.0,76.784,71.4315,67.63816666666666
1999-11-01,80.0,80.69,77.37,77.62,9965600.0,77.408,72.0845,68.02966666666667
1999-11-02,78.0,81.69,77.31,80.25,14268800.0,78.446,72.7,68.45983333333334
1999-11-03,81.62,83.25,81.0,81.5,11736800.0,79.47200000000001,73.41550000000001,68.89516666666667
1999-11-04,82.06,85.37,80.62,83.62,13549200.0,80.622,74.27799999999999,69.29400000000001
1999-11-05,84.62,88.37,84.0,88.31,14889200.0,82.26,75.4155,69.76583333333333
1999-11-08,87.75,97.73,86.75,96.37,33962400.0,86.01,76.8995,70.37100000000001
1999-11-09,94.37,94.5,88.0,89.62,28910000.0,87.884,77.99600000000001,70.85633333333334
1999-11-10,88.25,93.25,88.12,91.44,20661200.0,89.872,79.3665,71.37516666666667
1999-11-11,91.59,92.62,89.87,92.25,9660000.0,91.598,80.31949999999999,71.9105
1999-11-12,91.94,92.0,87.37,90.62,9970000.0,92.06,81.1225,72.44166666666666
1999-11-15,89.62,92.87,88.5,89.44,9283600.0,90.674,81.93199999999999,72.94583333333334
1999-11-16,90.0,91.75,88.5,91.19,8370000.0,90.988,83.06649999999999,73.45316666666668
1999-11-17,90.69,94.75,90.0,90.25,13032000.0,90.75,83.82300000000001,73.95100000000001
1999-11-18,91.06,91.12,88.44,89.62,13043600.0,90.224,84.498,74.42166666666667
1999-11-19,89.5,92.87,88.06,92.44,11162000.0,90.588,85.423,74.92683333333333
1999-11-22,91.75,91.75,89.25,90.62,7242400.0,90.824,86.229,75.358
1999-11-23,91.75,95.25,88.5,92.81,19406400.0,91.148,87.1165,75.87049999999999
1999-11-24,93.0,95.0,91.69,94.69,7683600.0,92.036,88.0325,76.36116666666666
1999-11-26,94.75,95.5,94.12,95.06,4737600.0,93.124,88.892,76.80183333333333
1999-11-29,94.25,99.75,93.25,94.56,16586800.0,93.548,89.614,77.20183333333334
1999-11-30,98.12,103.75,97.37,97.87,30132400.0,94.998,90.6265,77.608
1999-12-01,101.0,104.5,100.06,103.06,22098000.0,97.048,91.767,78.05283333333334
1999-12-02,103.12,110.62,101.75,110.19,20275600.0,100.148,93.2015,78.64766666666668
1999-12-03,112.19,115.56,111.87,115.0,23151200.0,104.13600000000001,94.7705,79.305
1999-12-06,114.56,117.31,111.44,116.0,16688000.0,108.424,96.155,79.94766666666668
1999-12-07,116.56,118.0,114.0,117.81,15901200.0,112.41199999999999,97.227,80.66116666666667
1999-12-08,116.25,117.87,109.5,110.06,14730800.0,113.81199999999998,98.249,81.19866666666667
1999-12-09,111.0,111.0,100.87,105.25,30555600.0,112.824,98.9395,81.69666666666667
1999-12-10,105.31,109.25,99.0,103.0,22786800.0,110.424,99.477,82.13316666666667
1999-12-13,102.39,102.5,98.94,99.0,18931200.0,107.024,99.896,82.50083333333333
1999-12-14,98.37,99.75,94.75,94.87,15570800.0,102.436,100.16749999999999,82.76433333333333
1999-12-15,93.25,97.25,91.06,97.0,22254400.0,99.824,100.458,83.22683333333333
1999-12-16,98.0,98.37,94.0,98.31,16568000.0,98.436,100.861,83.69350000000001
1999-12-17,100.87,102.0,98.5,100.0,17700800.0,97.836,101.38,84.305
1999-12-20,99.56,99.62,96.62,98.0,10155200.0,97.636,101.65799999999999,84.85600000000001
1999-12-21,98.19,103.06,97.94,102.5,11000000.0,99.162,102.252,85.5425
1999-12-22,102.87,104.56,98.75,99.94,11682000.0,99.75,102.6085,86.21433333333333
1999-12-23,101.81,104.25,101.06,103.5,8218800.0,100.788,103.049,86.955
1999-12-27,104.37,104.44,99.25,99.31,6022000.0,100.65,103.2615,87.555
1999-12-28,99.12,99.62,95.0,98.19,8843200.0,100.688,103.44300000000001,88.16283333333334
1999-12-29,96.81,102.19,95.5,100.69,10161200.0,100.326,103.58399999999999,88.765
1999-12-30,102.19,104.12,99.62,100.31,7419200.0,100.4,103.44650000000001,89.3045
1999-12-31,100.94,102.87,99.5,102.81,5856400.0,100.262,103.07750000000001,89.89816666666667
2000-01-03,104.87,112.5,101.69,111.94,19144400.0,102.78800000000001,102.9245,90.65766666666667
2000-01-04,108.25,110.62,101.19,102.5,18310000.0,103.65,102.2495,91.27333333333333
2000-01-05,103.75,110.56,103.0,104.0,27818000.0,104.31199999999998,101.559,91.89516666666667
2000-01-06,106.12,107.0,95.0,95.0,27443200.0,103.25,100.806,92.35033333333334
2000-01-07,96.5,101.0,95.5,99.5,16463200.0,102.58800000000001,100.51849999999999,92.94149999999999
2000-01-10,102.0,102.25,94.75,97.75,18059200.0,99.75,100.256,93.35083333333334
2000-01-11,95.94,99.37,90.5,92.75,15775200.0,97.8,99.9435,93.654
2000-01-12,95.0,95.5,86.5,87.19,34870800.0,94.438,99.5595,93.88633333333334
2000-01-13,94.48,98.75,92.5,96.75,36882400.0,94.788,99.547,94.35716666666667
2000-01-14,100.0,102.25,99.37,100.44,13954400.0,94.976,99.65350000000001,94.77916666666667
2000-01-18,101.0,106.0,100.44,103.94,16421200.0,96.214,99.8505,95.24283333333332
2000-01-19,105.62,108.75,103.37,106.56,21358000.0,98.976,100.27850000000001,95.7865
2000-01-20,115.5,121.5,113.5,113.5,65418800.0,104.23800000000001,100.8285,96.43650000000001
2000-01-21,114.25,114.25,110.19,111.31,17729200.0,107.15,101.397,97.04066666666668
2000-01-24,108.44,112.75,105.12,106.25,15760000.0,108.31199999999998,101.53450000000001,97.53866666666666
2000-01-25,105.0,113.12,102.37,112.25,17775200.0,109.974,102.1815,98.11166666666668
2000-01-26,110.0,114.19,109.75,110.19,13131200.0,110.7,102.78150000000001,98.61283333333334
2000-01-27,108.81,113.0,107.0,110.0,12163600.0,110.0,103.247,99.15249999999999
2000-01-28,108.19,110.87,100.62,101.62,15142000.0,108.06199999999998,103.3125,99.50866666666666
2000-01-31,101.0,103.87,94.5,103.75,25071200.0,107.56199999999998,103.3595,99.87950000000001
2000-02-01,104.0,105.0,100.0,100.25,11380000.0,105.16199999999999,102.775,100.15666666666667
2000-02-02,100.75,102.12,97.0,98.81,16588800.0,102.88600000000001,102.59049999999999,100.33166666666668
2000-02-03,100.31,104.25,100.25,103.31,16977600.0,101.548,102.556,100.44733333333333
2000-02-04,103.94,110.0,103.62,108.0,15206800.0,102.824,103.20599999999999,100.75366666666667
2000-02-07,108.0,114.25,105.94,114.06,15770800.0,104.88600000000001,103.934,101.13066666666667
2000-02-08,114.0,116.12,111.25,114.87,14613600.0,107.80999999999999,104.79,101.50766666666667
2000-02-09,114.12,117.12,112.44,112.62,10698000.0,110.572,105.7835,101.87433333333334
2000-02-10,112.87,113.87,110.0,113.5,10832400.0,112.60999999999999,107.099,102.27533333333334
2000-02-11,113.62,114.12,108.25,108.75,7592000.0,112.75999999999999,107.699,102.568
2000-02-14,109.31,115.87,108.62,115.81,13130000.0,113.10999999999999,108.4675,102.994
2000-02-15,115.25,119.94,115.19,119.0,17363600.0,113.936,109.22049999999999,103.48366666666668
2000-02-16,117.75,118.12,112.12,114.12,13525200.0,114.23600000000002,109.59849999999999,103.84500000000001
2000-02-17,115.19,115.5,113.12,114.87,10350000.0,114.50999999999999,109.667,104.24916666666667
2000-02-18,114.62,115.37,110.87,111.25,8346800.0,115.00999999999999,109.66399999999999,104.5565
2000-02-22,110.12,116.94,106.69,113.81,15083200.0,114.60999999999999,110.042,104.87516666666666
2000-02-23,113.23,119.0,111.0,116.25,16905600.0,114.05999999999999,110.242,105.22833333333332
2000-02-24,117.31,119.12,111.75,115.2,13446400.0,114.276,110.49249999999999,105.57233333333333
2000-02-25,114.81,117.0,110.12,110.37,8908000.0,113.376,110.511,105.78066666666668
2000-02-28,110.12,115.0,108.37,113.25,11729200.0,113.776,111.0925,105.9505
2000-02-29,113.56,117.25,112.56,114.62,13186800.0,113.93800000000002,111.63600000000001,106.02433333333333
2000-03-01,118.56,132.06,118.5,130.31,38478000.0,116.75,113.13900000000001,106.2795
2000-03-02,127.0,127.94,120.69,122.0,11136800.0,118.10999999999999,114.29850000000002,106.3795
2000-03-03,124.87,128.23,120.0,128.0,11565200.0,121.63600000000001,115.53300000000002,106.54933333333334
2000-03-06,126.0,129.13,125.0,125.69,7520000.0,124.124,116.41750000000002,106.80983333333333
2000-03-07,126.44,127.44,121.12,122.87,9767600.0,125.774,116.85800000000002,107.1035
2000-03-08,122.87,123.94,118.56,122.0,9690800.0,124.112,117.2145,107.42016666666667
2000-03-09,120.87,125.0,118.25,122.25,9884400.0,124.16199999999999,117.696,107.80766666666666
2000-03-10,121.69,127.94,121.0,125.75,8900800.0,123.71199999999999,118.30850000000001,108.32233333333333
2000-03-13,122.12,126.5,119.5,121.31,10864400.0,122.83600000000001,118.9365,108.72749999999999
2000-03-14,121.22,124.25,114.0,114.25,15321200.0,121.112,118.8585,108.99316666666667
2000-03-15,115.62,120.25,114.12,116.25,15845200.0,119.96199999999999,118.721,109.264
2000-03-16,117.31,122.0,114.5,121.56,13516800.0,119.824,119.093,109.65666666666667
2000-03-17,120.12,125.0,119.62,125.0,10902400.0,119.674,119.59949999999999,110.03166666666667
2000-03-20,123.5,126.25,122.37,123.0,7316400.0,120.01199999999999,120.18699999999998,110.416
2000-03-21,122.56,136.75,121.62,134.94,18729200.0,124.15,121.2435,110.94
2000-03-22,132.78,144.38,131.56,144.19,20288800.0,129.738,122.6405,111.688
2000-03-23,142.0,150.38,140.0,141.31,20098000.0,133.68800000000002,123.946,112.40666666666667
2000-03-24,142.44,143.94,135.5,138.69,15962000.0,136.42600000000002,125.36200000000001,113.03999999999999
2000-03-27,137.63,144.75,136.88,139.56,9976800.0,139.738,126.67750000000001,113.69416666666666
2000-03-28,137.25,142.0,137.13,139.13,7253600.0,140.576,127.90299999999999,114.2995
2000-03-29,139.38,139.44,133.83,135.94,8568800.0,138.92600000000002,128.18449999999999,114.6995
2000-03-30,133.56,137.69,125.44,125.75,14800000.0,135.814,128.37199999999999,115.087
2000-03-31,127.44,137.25,126.0,135.81,14457600.0,135.238,128.7625,115.61716666666666
2000-04-03,135.5,139.5,129.44,133.31,11742400.0,133.988,129.14350000000002,116.25566666666667
2000-04-04,132.63,133.0,116.75,127.31,23596400.0,131.624,129.3655,116.71916666666667
2000-04-05,126.47,132.88,124.0,130.38,16359200.0,130.512,129.7845,117.26299999999999
2000-04-06,130.63,134.5,123.25,125.19,9290800.0,130.4,129.9315,117.80366666666667
2000-04-07,127.25,131.88,125.5,131.75,8668800.0,129.58800000000002,130.2315,118.54633333333335
2000-04-10,131.69,132.75,124.75,125.0,7592400.0,127.92600000000002,130.416,119.01716666666668
2000-04-11,123.5,124.87,118.06,119.44,19368000.0,126.352,130.6755,119.33383333333333
2000-04-12,119.0,119.0,104.87,109.25,33618800.0,122.126,130.32549999999998,119.42233333333334
2000-04-13,111.5,120.0,108.5,113.81,18923600.0,119.85,129.93800000000002,119.54316666666666
2000-04-14,109.31,118.0,109.0,111.87,23845600.0,115.874,129.2815,119.516
2000-04-17,109.5,123.94,109.06,123.87,14642400.0,115.648,129.325,119.72533333333332
2000-04-18,123.5,126.87,119.37,126.87,13962400.0,117.13400000000001,128.92149999999998,120.069
2000-04-19,126.19,130.25,119.75,121.12,18586400.0,119.508,127.76799999999999,120.21683333333333
2000-04-20,123.69,124.75,117.06,118.87,25806800.0,120.52000000000001,126.646,120.36149999999999
2000-04-24,115.0,120.5,114.75,120.5,15845600.0,122.24600000000001,125.7365,120.53649999999999
2000-04-25,122.12,128.75,122.06,128.31,14002400.0,123.13400000000001,125.174,120.98133333333334
2000-04-26,126.62,128.0,120.0,121.31,13117600.0,122.022,124.28299999999999,121.27400000000002
2000-04-27,117.19,127.0,116.58,126.75,11678000.0,123.148,123.82350000000001,121.71566666666668
2000-04-28,127.12,127.5,121.31,124.06,8932400.0,124.186,123.739,122.1365
2000-05-01,124.87,125.12,121.87,124.31,8100000.0,124.94800000000001,123.16399999999999,122.4865
2000-05-02,123.25,126.25,117.5,117.87,8446400.0,122.85999999999999,122.39200000000001,122.65100000000001
2000-05-03,118.94,121.25,111.62,115.06,17500000.0,121.60999999999999,121.77950000000001,122.66766666666666
2000-05-04,115.12,115.25,110.56,110.69,14284400.0,118.398,120.79499999999999,122.598
2000-05-05,110.81,114.75,110.72,113.12,10160000.0,116.21,120.19150000000002,122.60633333333334
2000-05-08,112.09,113.69,110.0,110.12,6605600.0,113.372,119.10999999999999,122.55
2000-05-09,110.31,111.25,104.87,105.44,11685600.0,110.88600000000001,118.13199999999999,122.49483333333335
2000-05-10,104.06,105.0,98.75,99.31,19127600.0,107.73600000000002,117.12550000000002,122.21983333333333
2000-05-11,101.37,104.25,99.0,102.81,17852400.0,106.16,116.80350000000001,121.95
2000-05-12,106.0,110.5,104.77,107.62,10962000.0,105.05999999999999,116.494,121.84166666666667
2000-05-15,108.06,108.06,100.12,101.0,24252000.0,103.23600000000002,115.95049999999999,121.6105
2000-05-16,104.52,109.06,102.75,105.69,15736400.0,103.28600000000002,115.0415,121.51783333333333
2000-05-17,103.62,103.69,100.37,101.37,14227600.0,103.69800000000001,113.7665,121.3105
2000-05-18,103.0,104.94,100.62,100.75,13365600.0,103.28600000000002,112.748,121.05216666666666
2000-05-19,99.25,99.25,93.37,94.0,26459200.0,100.562,111.50450000000001,120.69883333333333
2000-05-22,93.75,93.75,86.0,89.94,26995200.0,98.35,109.97649999999999,120.35833333333333
2000-05-23,90.5,93.37,85.62,85.81,18488000.0,94.374,107.85149999999999,119.901
2000-05-24,86.19,89.75,83.0,87.69,24248000.0,91.638,106.17049999999999,119.45216666666667
2000-05-25,88.5,92.66,86.0,87.27,14530800.0,88.942,104.19649999999999,118.73483333333334
2000-05-26,88.0,89.87,85.25,86.37,6486400.0,87.416,102.312,118.141
2000-05-30,87.62,88.12,81.75,87.56,25481200.0,86.94,100.4745,117.46700000000001
2000-05-31,86.87,91.25,83.81,84.0,15483600.0,86.578,98.781,116.77216666666666
2000-06-01,81.75,89.56,80.37,89.12,32280000.0,86.864,97.48400000000001,116.20966666666666
2000-06-02,93.75,99.75,89.0,92.56,28336400.0,87.922,96.5775,115.71900000000001
2000-06-05,93.31,95.25,89.69,91.31,11582000.0,88.91,95.487,115.20333333333333
2000-06-06,91.97,96.75,90.31,92.87,18771200.0,89.97200000000001,94.6245,114.65533333333333
2000-06-07,93.62,97.0,91.62,96.56,12056800.0,92.48400000000001,94.1805,114.24283333333334
2000-06-08,97.62,98.5,93.12,94.81,8540800.0,93.622,93.9555,113.91883333333332
2000-06-09,96.75,97.94,94.37,95.75,9020000.0,94.26,93.6025,113.57716666666666
2000-06-12,96.37,96.44,90.87,91.19,10374400.0,94.236,92.78099999999999,113.071
2000-06-13,91.19,94.69,88.19,94.5,12570000.0,94.562,92.45599999999999,112.56266666666667
2000-06-14,94.69,96.25,90.12,90.44,9925200.0,93.338,91.6935,112.02
2000-06-15,91.25,93.37,89.0,92.37,8898800.0,92.85,91.24350000000001,111.3105
2000-06-16,93.5,93.75,89.06,91.19,10842400.0,91.938,90.7655,110.42716666666666
2000-06-19,90.56,97.87,89.81,96.62,14089200.0,93.024,90.8965,109.68233333333333
2000-06-20,98.5,103.94,98.37,101.25,17922000.0,94.374,91.462,109.05833333333334
2000-06-21,50.5,56.94,50.31,55.63,17500000.0,87.412,89.953,107.65950000000001
2000-06-22,55.75,57.63,53.56,53.75,16706200.0,79.688,88.256,106.2365
2000-06-23,53.78,54.63,50.81,51.69,7320400.0,71.788,86.477,104.83233333333332
2000-06-26,52.5,54.75,52.13,54.13,6631000.0,63.290000000000006,84.86500000000001,103.63866666666667
2000-06-27,53.78,55.5,51.63,51.75,7270600.0,53.39000000000001,83.0745,102.23766666666667
2000-06-28,53.31,55.38,51.5,54.44,10235000.0,53.152,81.59649999999999,100.92316666666667
2000-06-29,53.06,53.94,51.06,51.25,7281200.0,52.652,79.703,99.6555
2000-06-30,52.81,54.94,51.69,52.38,11550000.0,52.79,77.694,98.35550000000002
2000-07-03,52.13,54.31,52.13,53.31,2535000.0,52.626,75.794,97.1575
2000-07-05,53.25,55.19,50.75,51.63,9478800.0,52.602,73.732,95.82216666666666
2000-07-06,52.5,52.94,49.63,51.81,11063800.0,52.076,71.4945,94.60233333333333
2000-07-07,52.59,54.81,52.13,54.44,9422600.0,52.714,69.476,93.519
2000-07-10,54.09,58.25,53.75,57.13,14211000.0,53.664,67.54499999999999,92.65033333333334
2000-07-11,57.0,59.25,55.44,56.94,12783200.0,54.39,65.83250000000001,91.7025
2000-07-12,58.13,58.94,56.38,58.88,8057600.0,55.84000000000001,64.0515,90.81933333333333
2000-07-13,58.5,60.63,54.75,56.5,15925600.0,56.778,62.35450000000001,89.6965
2000-07-14,57.13,59.0,56.88,57.69,6804400.0,57.428,60.62049999999999,88.54350000000001
2000-07-17,58.25,58.81,57.13,58.31,9289000.0,57.664,58.97650000000001,87.49666666666667
2000-07-18,58.5,58.88,56.88,57.25,11378200.0,57.726,57.007999999999996,86.46966666666667
2000-07-19,55.19,56.81,51.75,52.69,16359600.0,56.488,54.58,85.33950000000002
2000-07-20,55.0,57.06,54.13,55.13,16631800.0,56.214,54.55500000000001,84.11983333333335
2000-07-21,54.36,55.63,52.94,53.56,7013200.0,55.388,54.545500000000004,82.99066666666666
2000-07-24,52.56,52.88,47.5,48.69,14720600.0,53.464,54.395500000000006,81.68966666666667
2000-07-25,50.31,50.63,49.06,50.06,7567200.0,52.025999999999996,54.19199999999999,80.45633333333333
2000-07-26,49.84,51.25,49.25,50.06,7526200.0,51.5,54.107499999999995,79.21883333333334
2000-07-27,50.0,53.25,49.88,52.0,10543800.0,50.874,53.9855,78.12100000000001
2000-07-28,52.28,52.5,46.88,48.31,8505400.0,49.824,53.83850000000001,77.0085
2000-07-31,49.16,51.63,48.75,50.81,5550000.0,50.248000000000005,53.760000000000005,76.01050000000001
2000-08-01,50.31,51.16,49.25,49.31,4904600.0,50.098,53.56,74.94699999999999
2000-08-02,49.0,49.94,47.19,47.25,5808800.0,49.536,53.34100000000001,73.89916666666666
2000-08-03,45.56,48.06,44.25,48.0,12150000.0,48.736000000000004,53.1505,72.94183333333334
2000-08-04,49.47,51.25,46.31,47.38,9406800.0,48.55,52.7975,72.07633333333334
2000-08-07,47.88,49.06,47.19,47.94,6697200.0,47.976,52.338,71.16183333333333
2000-08-08,47.94,48.0,46.31,46.75,6315400.0,47.464,51.8285,70.14733333333334
2000-08-09,48.13,48.44,47.25,47.5,13569000.0,47.513999999999996,51.2595,69.25566666666667
2000-08-10,48.0,48.44,47.38,47.56,8995400.0,47.426,50.8125,68.28683333333333
2000-08-11,46.84,48.0,45.56,47.69,8503200.0,47.488,50.3125,67.39216666666667
2000-08-14,47.59,47.69,46.31,47.06,5603400.0,47.312,49.75,66.49733333333333
2000-08-15,47.25,47.94,46.5,46.69,4089000.0,47.3,49.222,65.70883333333333
2000-08-16,46.88,49.0,46.81,48.5,5137600.0,47.5,49.0125,65.01816666666667
2000-08-17,48.38,52.44,48.31,51.44,9683400.0,48.275999999999996,48.827999999999996,64.44533333333332
2000-08-18,51.38,51.81,49.88,50.0,6798800.0,48.738,48.65,63.817166666666665
2000-08-21,50.25,51.56,49.63,50.5,4803800.0,49.426,48.7405,63.20433333333333
2000-08-22,50.63,52.81,50.38,51.69,9889000.0,50.426,48.822,62.626333333333335
2000-08-23,51.47,54.75,51.06,54.31,8470400.0,51.588,49.034499999999994,62.07216666666667
2000-08-24,54.67,56.63,53.38,56.11,11109400.0,52.522000000000006,49.239999999999995,61.60733333333334
2000-08-25,56.5,57.5,56.38,56.81,11947800.0,53.884,49.665,61.06883333333334
2000-08-28,57.25,59.0,57.06,58.06,12822600.0,55.396,50.027499999999996,60.493833333333335
2000-08-29,57.88,59.44,57.69,59.19,9546200.0,56.896,50.5215,59.9585
2000-08-30,59.0,60.0,58.7,59.5,10199600.0,57.934000000000005,51.134,59.40233333333333
2000-08-31,58.97,61.5,58.94,60.94,14988800.0,58.9,51.78099999999999,58.80866666666667
2000-09-01,61.31,63.63,61.13,63.44,9181800.0,60.226,52.584,58.285833333333336
2000-09-05,62.66,64.12,62.25,62.44,10669000.0,61.102,53.30899999999999,57.73066666666667
2000-09-06,61.38,62.38,57.75,58.44,12700400.0,60.952,53.893499999999996,57.18483333333334
2000-09-07,59.13,62.56,58.25,62.0,7770400.0,61.452,54.6185,56.643166666666666
2000-09-08,61.63,61.63,58.5,58.88,6984400.0,61.04,55.1845,56.11716666666666
2000-09-11,58.69,60.38,58.13,58.44,6699000.0,60.04,55.722,55.55166666666666
2000-09-12,57.34,60.06,57.0,57.75,6722200.0,59.102,56.2565,54.99433333333333
2000-09-13,56.75,59.5,56.75,58.0,10932600.0,59.013999999999996,56.822,54.35066666666667
2000-09-14,58.56,59.63,56.81,56.86,15241800.0,57.986000000000004,57.239999999999995,53.61083333333333
2000-09-15,57.75,58.19,54.25,55.23,14095400.0,57.25599999999999,57.4295,53.604166666666664
2000-09-18,55.25,60.75,55.06,60.66,15163200.0,57.7,57.9625,53.71933333333333
2000-09-19,59.75,60.5,58.56,59.94,9706200.0,58.138,58.43449999999999,53.856833333333334
2000-09-20,59.41,61.44,58.56,61.05,8121600.0,58.748000000000005,58.902499999999996,53.97216666666667
2000-09-21,58.5,59.63,55.25,56.69,18238400.0,58.714,59.02149999999999,54.0545
2000-09-22,50.31,52.44,50.0,52.19,25961200.0,58.105999999999995,58.8255,54.017
2000-09-25,52.75,55.5,52.06,53.5,15564000.0,56.674,58.660000000000004,54.0545
2000-09-26,53.31,54.75,51.38,51.44,10396600.0,54.974000000000004,58.32899999999999,54.03883333333333
2000-09-27,51.75,52.75,48.25,48.94,14370000.0,52.552,57.8165,53.966
2000-09-28,49.31,53.81,48.13,53.5,34988200.0,51.914,57.51649999999999,53.997166666666665
2000-09-29,28.19,29.0,25.37,25.75,265068992.0,46.626,55.75699999999999,53.56283333333333
2000-10-02,26.69,26.75,23.5,24.25,86610600.0,40.775999999999996,53.79749999999999,53.059666666666665
2000-10-03,24.94,25.0,22.19,22.31,72795600.0,34.949999999999996,51.791,52.47933333333333
2000-10-04,22.37,23.75,21.87,23.62,52368200.0,29.886000000000003,50.05,51.92399999999999
2000-10-05,23.5,24.5,22.0,22.06,31189400.0,23.598,48.053000000000004,51.31033333333334
2000-10-06,22.69,22.94,21.0,22.19,21881000.0,22.886000000000003,46.21849999999999,50.7385
2000-10-09,22.62,22.87,21.12,21.75,21342600.0,22.386000000000003,44.384,50.1395
2000-10-10,21.62,22.44,20.5,20.87,24683400.0,22.098,42.54,49.5155
2000-10-11,20.12,21.0,19.12,19.62,42801200.0,21.298000000000002,40.620999999999995,48.888333333333335
2000-10-12,20.31,20.81,19.5,20.0,42548200.0,20.886000000000003,38.778,48.3435
2000-10-13,20.25,22.12,20.0,22.06,44564000.0,20.860000000000003,37.1195,47.79233333333333
2000-10-16,22.31,23.25,21.37,21.5,29298800.0,20.810000000000002,35.161500000000004,47.258
2000-10-17,21.69,21.94,19.69,20.12,21495600.0,20.660000000000004,33.1705,46.78183333333333
2000-10-18,19.44,21.06,18.75,20.12,29803800.0,20.759999999999998,31.124000000000002,46.282833333333336
2000-10-19,19.16,19.81,18.31,18.94,53818200.0,20.548000000000002,29.2365,45.76416666666667
2000-10-20,19.06,20.37,18.94,19.5,28270400.0,20.036,27.601999999999997,45.2225
2000-10-23,20.27,20.56,19.44,20.37,19694000.0,19.81,25.9455,44.75683333333334
2000-10-24,20.69,20.87,18.81,18.87,28736200.0,19.560000000000002,24.317,44.2245
2000-10-25,19.06,19.19,18.44,18.5,23720600.0,19.236,22.794999999999998,43.711
2000-10-26,18.81,18.87,17.5,18.5,25780600.0,19.148000000000003,21.044999999999998,43.231833333333334
2000-10-27,18.87,19.19,17.87,18.56,26594600.0,18.96,20.685499999999998,42.741166666666665
2000-10-30,19.12,19.94,18.75,19.31,22832800.0,18.748,20.438499999999998,42.27333333333333
2000-10-31,19.75,20.25,19.25,19.56,31649000.0,18.886,20.301,41.800333333333334
2000-11-01,19.44,20.87,19.44,20.5,20553800.0,19.285999999999998,20.145,41.362833333333334
2000-11-02,21.12,22.44,21.06,22.31,21105400.0,20.048,20.1575,40.943
2000-11-03,23.0,23.0,21.94,22.25,18423400.0,20.785999999999998,20.1605,40.521166666666666
2000-11-06,22.44,22.62,20.87,21.44,14060000.0,21.212,20.145,40.083666666666666
2000-11-07,21.5,21.81,20.81,21.31,10786800.0,21.562,20.166999999999998,39.6545
2000-11-08,21.37,21.44,19.81,20.06,15082800.0,21.474,20.189,39.21066666666666
2000-11-09,19.87,20.5,19.06,20.19,17035400.0,21.05,20.1985,38.73883333333333
2000-11-10,19.36,19.87,19.06,19.06,15080600.0,20.412,20.0485,38.19916666666666
2000-11-13,18.75,20.0,18.25,19.37,15423200.0,19.998,19.942,37.68866666666667
2000-11-14,19.94,20.5,19.56,20.25,14611200.0,19.786,19.948500000000003,37.1845
2000-11-15,20.03,20.19,19.25,19.87,10086600.0,19.747999999999998,19.936,36.65416666666667
2000-11-16,19.5,19.81,18.87,19.0,8554000.0,19.509999999999998,19.939,36.065666666666665
2000-11-17,19.19,19.25,18.25,18.5,15943400.0,19.398,19.889000000000003,35.438833333333335
2000-11-20,18.59,19.5,18.25,18.94,14581600.0,19.312,19.817500000000003,34.80766666666667
2000-11-21,19.19,19.5,18.75,18.81,10786200.0,19.024,19.814500000000002,34.1535
2000-11-22,18.81,19.12,18.37,18.5,10029600.0,18.75,19.814500000000002,33.47533333333333
2000-11-24,18.86,19.5,18.81,19.31,5751800.0,18.812,19.855,32.8055
2000-11-27,19.87,19.94,18.5,18.69,9244000.0,18.85,19.8615,32.10133333333333
2000-11-28,18.69,19.0,17.94,18.03,9618200.0,18.668,19.7975,31.344499999999996
2000-11-29,18.09,18.31,17.25,17.56,17586200.0,18.418,19.697499999999998,30.5965
2000-11-30,16.69,17.0,16.12,16.5,28922200.0,18.018,19.4975,29.897499999999997
2000-12-01,17.0,17.5,16.81,17.06,13783800.0,17.568,19.235,29.148500000000002
2000-12-04,17.19,17.19,16.44,16.69,13273400.0,17.168,18.957,28.44533333333333
2000-12-05,16.94,17.44,16.37,17.0,21932200.0,16.962,18.735,27.754666666666665
2000-12-06,14.63,15.0,14.0,14.31,49092400.0,16.312,18.384999999999998,27.03066666666667
2000-12-07,14.44,14.88,14.0,14.31,14606600.0,15.874,18.0975,26.302500000000002
2000-12-08,14.81,15.31,14.44,15.06,15568200.0,15.474,17.841,25.605833333333333
2000-12-11,15.19,15.38,14.88,15.19,11884000.0,15.174000000000001,17.6475,24.938499999999998
2000-12-12,15.25,16.0,15.0,15.38,13803400.0,14.85,17.448,24.183833333333332
2000-12-13,15.56,15.56,14.88,15.0,12327200.0,14.988,17.185499999999998,23.434833333333334
2000-12-14,15.03,15.25,14.44,14.44,9406600.0,15.014,16.913999999999998,22.658
2000-12-15,14.56,14.69,14.0,14.06,18363800.0,14.814000000000002,16.666999999999998,21.947499999999998
2000-12-18,14.56,14.63,13.94,14.25,11645000.0,14.626000000000001,16.4545,21.315166666666663
2000-12-19,14.38,15.25,14.0,14.0,13367200.0,14.35,16.2075,20.65683333333333
2000-12-20,13.78,14.63,13.63,14.38,20196200.0,14.225999999999999,15.985999999999999,20.03916666666667
2000-12-21,14.25,15.0,13.88,14.06,13102600.0,14.15,15.764,19.457833333333333
2000-12-22,14.13,15.0,14.13,15.0,11369600.0,14.338,15.548499999999999,18.816166666666668
2000-12-26,14.88,15.0,14.25,14.69,7745400.0,14.425999999999998,15.348499999999998,18.631833333333336
2000-12-27,14.34,14.81,14.19,14.81,11626000.0,14.588,15.1875,18.4745
2000-12-28,14.38,14.94,14.31,14.81,10910000.0,14.674000000000001,15.05,18.3495
2000-12-29,14.69,15.0,14.5,14.88,22518800.0,14.838,14.969,18.203833333333332
2001-01-02,7.44,7.62,7.28,7.44,16161800.0,13.325999999999999,14.488,17.96016666666667
2001-01-03,7.22,8.34,7.22,8.19,29181800.0,12.026,14.062999999999999,17.72683333333333
2001-01-04,9.09,9.25,8.41,8.53,26411000.0,10.77,13.639500000000002,17.5065
2001-01-05,8.47,8.69,8.03,8.19,14731000.0,9.446000000000002,13.3335,17.295166666666667
2001-01-08,8.46,8.49,7.97,8.28,13350000.0,8.126000000000001,13.032,17.106166666666663
2001-01-09,8.41,8.82,8.28,8.59,21040600.0,8.355999999999998,12.7085,16.916
2001-01-10,8.34,8.5,8.03,8.28,20743400.0,8.373999999999999,12.363000000000001,16.686333333333334
2001-01-11,8.12,9.25,8.12,9.0,28707600.0,8.468,12.044,16.478
2001-01-12,8.94,9.0,8.51,8.59,15121000.0,8.547999999999998,11.7235,16.285833333333333
2001-01-16,8.72,8.75,8.5,8.56,10940000.0,8.604,11.4295,16.09316666666667
2001-01-17,8.78,8.78,8.25,8.41,30037600.0,8.568000000000001,11.147,15.917666666666666
2001-01-18,8.91,9.53,8.81,9.34,43822800.0,8.78,10.9015,15.748333333333333
2001-01-19,9.72,9.78,9.34,9.75,27748200.0,8.93,10.689,15.571333333333333
2001-01-22,9.53,9.81,9.22,9.62,18551600.0,9.136000000000001,10.450999999999999,15.417166666666667
2001-01-23,9.66,10.47,9.53,10.25,31418400.0,9.474,10.260499999999999,15.279666666666666
2001-01-24,10.34,10.38,9.78,10.25,25616200.0,9.841999999999999,10.023,15.142166666666666
2001-01-25,10.28,10.28,9.88,9.97,17495000.0,9.968,9.786999999999999,14.999
2001-01-26,9.75,9.91,9.53,9.78,17245600.0,9.974,9.535499999999999,14.840166666666667
2001-01-29,9.78,10.94,9.78,10.84,30562800.0,10.218,9.337,14.694833333333333
2001-01-30,10.78,11.0,10.44,10.88,24734600.0,10.344000000000001,9.136999999999999,14.534500000000001
2001-01-31,10.75,11.25,10.72,10.81,26106000.0,10.456,9.305499999999999,14.342833333333333
2001-02-01,10.34,10.75,10.25,10.56,13205400.0,10.574,9.424,14.148
2001-02-02,10.56,10.97,10.25,10.31,15263400.0,10.680000000000001,9.513,13.9625
2001-02-05,10.25,10.28,9.88,10.09,10228800.0,10.530000000000001,9.608,13.775500000000001
2001-02-06,10.08,10.72,10.0,10.56,16528400.0,10.466,9.722,13.617166666666666
2001-02-07,10.33,10.44,9.91,10.38,14071600.0,10.379999999999999,9.811499999999999,13.453666666666665
2001-02-08,10.28,10.53,10.09,10.38,21585000.0,10.344000000000001,9.9165,13.309
2001-02-09,10.25,10.41,9.34,9.56,21082600.0,10.193999999999999,9.9445,13.1455
2001-02-12,9.53,10.0,9.41,9.84,9795600.0,10.144,10.007,12.972000000000001
2001-02-13,9.97,10.22,9.5,9.56,8470600.0,9.944,10.056999999999999,12.800166666666666
2001-02-14,9.59,9.84,9.25,9.75,11040000.0,9.818000000000001,10.123999999999999,12.645999999999999
2001-02-15,9.84,10.28,9.78,10.03,11123200.0,9.748,10.1585,12.504833333333332
2001-02-16,9.5,9.75,9.38,9.5,9428400.0,9.735999999999999,10.145999999999999,12.3475
2001-02-20,9.59,9.72,9.09,9.16,11249600.0,9.6,10.123000000000001,12.186666666666667
2001-02-21,9.12,9.97,9.12,9.44,13947800.0,9.575999999999999,10.0825,12.035666666666666
2001-02-22,9.53,9.69,9.0,9.41,15431200.0,9.508,10.0405,11.870666666666667
2001-02-23,9.31,9.44,9.12,9.41,10503800.0,9.384,10.012500000000001,11.716000000000001
2001-02-26,9.53,9.84,9.28,9.75,7380000.0,9.434000000000001,10.011000000000001,11.578000000000001
2001-02-27,9.64,9.72,9.34,9.69,12451000.0,9.540000000000001,9.953500000000002,11.446833333333332
2001-02-28,9.69,9.72,9.06,9.12,18157600.0,9.476,9.8655,11.323833333333333
2001-03-01,8.91,9.41,8.59,9.38,11803400.0,9.469999999999999,9.794,11.195833333333333
2001-03-02,9.16,10.22,9.12,9.62,14511200.0,9.512,9.747,11.078
2001-03-05,9.69,10.25,9.56,10.19,11587600.0,9.6,9.741,10.9645
2001-03-06,10.36,11.03,10.34,10.75,26144600.0,9.812000000000001,9.774000000000001,10.905166666666668
2001-03-07,10.66,10.81,10.38,10.62,14985600.0,10.111999999999998,9.777,10.843666666666667
2001-03-08,10.34,10.56,10.22,10.41,7325600.0,10.318,9.7785,10.766166666666667
2001-03-09,10.31,10.34,10.0,10.12,10685400.0,10.418,9.7655,10.681666666666667
2001-03-12,9.84,9.94,9.06,9.31,13967800.0,10.242,9.753,10.580499999999999
2001-03-13,9.44,9.78,9.09,9.78,15840600.0,10.047999999999998,9.75,10.493500000000001
2001-03-14,9.25,10.25,9.22,10.22,17065400.0,9.968,9.783,10.423166666666667
2001-03-15,10.44,10.69,9.59,9.84,18906600.0,9.854,9.7875,10.352833333333333
2001-03-16,9.44,10.16,9.44,9.81,16806600.0,9.792,9.7765,10.278833333333333
2001-03-19,9.88,10.5,9.75,10.28,12722800.0,9.986,9.8155,10.216833333333334
2001-03-20,10.38,10.47,9.84,9.84,17833800.0,9.998000000000001,9.8495,10.141166666666665
2001-03-21,9.89,10.44,9.69,10.06,13265400.0,9.966,9.880500000000001,10.0745
2001-03-22,10.19,10.88,10.09,10.81,25839000.0,10.16,9.950500000000002,10.004666666666667
2001-03-23,11.0,11.78,11.0,11.5,33749400.0,10.498000000000001,10.055,9.9515
2001-03-26,11.57,11.88,10.57,10.89,26230400.0,10.620000000000001,10.111999999999998,9.886166666666668
2001-03-27,10.97,11.53,10.95,11.43,19422200.0,10.938,10.199,9.829833333333333
2001-03-28,11.04,11.25,10.75,11.08,20880800.0,11.142,10.297,9.7665
2001-03-29,10.88,11.72,10.75,11.26,21895200.0,11.232,10.391,9.830166666666667
2001-03-30,11.28,11.36,10.67,11.04,14298200.0,11.139999999999999,10.462,9.877666666666666
2001-04-02,11.04,11.33,10.58,10.8,12175400.0,11.122,10.492500000000001,9.9155
2001-04-03,10.68,10.7,10.07,10.12,13167400.0,10.86,10.461000000000002,9.947666666666667
2001-04-04,9.88,10.12,9.38,9.75,24481600.0,10.594,10.4175,9.972166666666665
2001-04-05,10.3,10.82,10.0,10.43,15955800.0,10.428,10.4185,10.002833333333335
2001-04-06,10.4,10.52,9.95,10.3,11603200.0,10.280000000000001,10.4275,10.036499999999998
2001-04-09,10.34,10.67,10.03,10.27,9520800.0,10.174,10.4755,10.057666666666666
2001-04-10,10.45,11.35,10.39,11.02,16334800.0,10.354,10.5375,10.098166666666668
2001-04-11,11.49,11.5,10.64,10.9,11932000.0,10.584,10.5715,10.137166666666667
2001-04-12,10.71,11.51,10.58,11.21,10676200.0,10.74,10.64,10.183833333333332
2001-04-16,11.04,11.2,10.43,10.72,10186600.0,10.824000000000002,10.685500000000001,10.206833333333332
2001-04-17,10.6,10.61,9.8,10.2,24471400.0,10.809999999999999,10.6815,10.214333333333334
2001-04-18,10.78,12.04,10.54,11.39,39315800.0,10.884,10.759,10.243833333333333
2001-04-19,12.74,12.88,11.8,12.86,66916800.0,11.276,10.899,10.287333333333333
2001-04-20,12.47,12.82,12.3,12.52,24764400.0,11.538,10.9845,10.325166666666666
2001-04-23,12.15,12.5,12.0,12.12,19340200.0,11.818,11.0155,10.360999999999999
2001-04-24,12.16,12.38,11.76,12.01,13469200.0,12.180000000000001,11.0715,10.398166666666667
2001-04-25,12.11,12.43,11.78,12.36,11813600.0,12.374,11.117999999999999,10.423499999999999
2001-04-26,12.58,13.05,12.25,12.34,28560600.0,12.27,11.181,10.447833333333334
2001-04-27,12.6,13.15,12.38,13.1,16179000.0,12.386,11.273,10.485999999999999
2001-04-30,13.33,13.56,12.43,12.74,17670600.0,12.51,11.358,10.522333333333332
2001-05-01,12.7,13.25,12.6,12.96,15259000.0,12.7,11.466,10.5665
2001-05-02,13.17,13.35,12.88,13.3,13161600.0,12.888,11.625,10.62
2001-05-03,13.12,13.12,12.36,12.48,10769400.0,12.916,11.7615,10.652
2001-05-04,12.12,12.92,11.98,12.88,10037600.0,12.872,11.884,10.693666666666667
2001-05-07,12.81,12.88,12.42,12.48,9876800.0,12.820000000000002,11.992999999999999,10.728666666666667
2001-05-08,12.68,12.72,11.97,12.28,11265600.0,12.684000000000001,12.093499999999999,10.774
2001-05-09,12.07,12.28,11.84,11.99,11603200.0,12.422,12.142,10.809833333333332
2001-05-10,12.11,12.25,11.42,11.5,10320600.0,12.225999999999999,12.172,10.842166666666666
2001-05-11,11.5,11.74,11.38,11.42,7251600.0,11.934000000000001,12.1825,10.870000000000001
2001-05-14,11.45,11.84,11.38,11.64,11043600.0,11.766,12.2285,10.896833333333335
2001-05-15,11.68,12.15,11.52,11.59,8465200.0,11.628,12.298,10.931666666666667
2001-05-16,11.62,12.25,11.42,12.05,11511800.0,11.64,12.331,10.979833333333334
2001-05-17,12.12,12.16,11.62,11.78,11861400.0,11.696000000000002,12.277,11.018833333333333
2001-05-18,11.68,11.82,11.56,11.76,5680400.0,11.764,12.239,11.058
2001-05-21,11.82,11.96,11.53,11.78,16464200.0,11.792,12.222,11.097499999999998
2001-05-22,12.0,12.07,11.7,11.75,14747000.0,11.824000000000002,12.209,11.130833333333332
2001-05-23,11.88,11.88,11.43,11.62,10037200.0,11.738,12.172,11.163
2001-05-24,11.64,11.65,11.31,11.6,9705600.0,11.702,12.135000000000002,11.204333333333333
2001-05-25,11.6,11.64,11.25,11.38,5669400.0,11.626,12.049000000000001,11.237666666666666
2001-05-29,11.16,11.25,10.24,10.74,18428200.0,11.418,11.949000000000002,11.256333333333334
2001-05-30,10.37,10.38,9.65,9.89,27752800.0,11.046,11.7955,11.251333333333331
2001-05-31,9.9,10.12,9.74,9.97,15817600.0,10.716,11.629000000000001,11.238333333333333
2001-06-01,10.07,10.54,9.99,10.45,16288400.0,10.486,11.5275,11.2355
2001-06-04,10.55,10.55,10.23,10.33,10068600.0,10.276,11.4,11.234166666666665
2001-06-05,10.4,10.55,10.18,10.47,16849800.0,10.222,11.2995,11.24
2001-06-06,10.46,10.46,10.16,10.36,7970600.0,10.315999999999999,11.203500000000002,11.2575
2001-06-07,10.36,10.92,10.22,10.83,11613600.0,10.488000000000001,11.1455,11.275
2001-06-08,10.82,10.82,10.36,10.66,12236600.0,10.53,11.1035,11.282333333333334
2001-06-11,10.53,10.54,9.97,10.02,10500000.0,10.468,11.0335,11.285333333333334
2001-06-12,9.88,10.34,9.88,10.16,10849800.0,10.406,10.9595,11.291166666666665
2001-06-13,10.71,10.86,10.03,10.24,18267400.0,10.382000000000001,10.892,11.2905
2001-06-14,10.02,10.22,9.88,9.94,10619600.0,10.203999999999999,10.7865,11.292166666666668
2001-06-15,10.05,10.38,9.68,10.22,16236600.0,10.116,10.7085,11.294833333333333
2001-06-18,10.2,10.42,10.0,10.16,12354000.0,10.144,10.628499999999999,11.284
2001-06-19,10.42,10.7,10.0,10.09,11467400.0,10.13,10.544,11.2605
2001-06-20,10.0,10.92,9.99,10.84,15415000.0,10.25,10.4985,11.259666666666666
2001-06-21,10.78,11.5,10.55,11.24,12190400.0,10.510000000000002,10.4795,11.256499999999999
2001-06-22,11.24,11.5,10.76,11.13,10215200.0,10.691999999999998,10.456,11.257333333333332
2001-06-25,11.25,12.0,11.22,12.0,15698200.0,11.059999999999999,10.487,11.269666666666666
2001-06-26,11.67,11.89,11.5,11.88,9742200.0,11.418,10.544,11.283666666666667
2001-06-27,11.92,12.0,11.25,11.67,13361800.0,11.584,10.633,11.298166666666669
2001-06-28,11.54,11.96,11.47,11.77,12443200.0,11.690000000000001,10.723,11.325666666666669
2001-06-29,11.83,12.55,11.6,11.62,18406800.0,11.788,10.7815,11.356833333333334
2001-07-02,11.82,12.12,11.57,11.95,8216000.0,11.777999999999999,10.8625,11.382166666666667
2001-07-03,11.82,12.09,11.75,11.92,4019400.0,11.786,10.934999999999999,11.409166666666668
2001-07-05,11.8,11.88,11.5,11.59,5439000.0,11.77,10.9965,11.431166666666666
2001-07-06,11.38,11.48,10.86,11.01,10818600.0,11.618,11.005500000000001,11.431
2001-07-09,11.04,11.5,10.84,11.35,12052400.0,11.563999999999998,11.040000000000001,11.4385
2001-07-10,11.47,11.54,10.42,10.57,14116800.0,11.288,11.067499999999999,11.427833333333334
2001-07-11,10.51,11.3,10.5,11.27,16803800.0,11.158,11.123000000000001,11.437000000000001
2001-07-12,11.65,12.41,11.65,12.18,21957200.0,11.276,11.219999999999999,11.469999999999999
2001-07-13,12.07,12.5,11.92,12.42,16240800.0,11.558,11.344,11.487166666666667
2001-07-16,12.44,12.55,11.95,11.98,9952400.0,11.684,11.431999999999999,11.4725
2001-07-17,11.99,12.61,11.5,12.55,23136800.0,12.08,11.5515,11.473
2001-07-18,10.92,11.0,10.21,10.39,40607600.0,11.904,11.5665,11.444166666666666
2001-07-19,10.62,10.71,9.88,9.98,30755000.0,11.464,11.5235,11.410333333333334
2001-07-20,9.85,10.03,9.74,9.99,15878000.0,10.978,11.461000000000002,11.370833333333334
2001-07-23,10.04,10.25,9.72,9.77,8620000.0,10.536000000000001,11.392999999999999,11.328
2001-07-24,9.7,9.96,9.36,9.54,12442000.0,9.934000000000001,11.27,11.268666666666666
2001-07-25,9.56,9.65,8.99,9.24,15852800.0,9.703999999999999,11.138,11.210333333333333
2001-07-26,9.24,9.4,8.93,9.3,13183600.0,9.568000000000001,11.0195,11.149333333333335
2001-07-27,9.38,9.62,9.25,9.48,11933400.0,9.466,10.905,11.085666666666668
2001-07-30,9.56,9.68,9.26,9.46,8691400.0,9.404,10.797,11.035333333333334
2001-07-31,9.64,9.71,9.26,9.39,8393800.0,9.374,10.669,10.977166666666667
2001-08-01,9.5,9.89,9.47,9.53,10862000.0,9.432,10.549499999999998,10.928
2001-08-02,9.82,10.0,9.63,9.91,9003200.0,9.553999999999998,10.4655,10.8885
2001-08-03,9.95,9.95,9.5,9.75,6644800.0,9.608,10.4025,10.851166666666668
2001-08-06,9.52,9.83,9.5,9.57,3559000.0,9.63,10.313500000000001,10.818999999999999
2001-08-07,9.66,9.84,9.49,9.62,6019600.0,9.676,10.266,10.788999999999998
2001-08-08,9.63,9.85,9.27,9.45,9863200.0,9.66,10.175,10.7525
2001-08-09,9.48,9.59,9.36,9.53,7166600.0,9.584,10.0425,10.718166666666667
2001-08-10,9.52,9.66,9.3,9.51,6677200.0,9.536,9.897,10.675833333333333
2001-08-13,9.55,9.66,9.38,9.54,5285600.0,9.53,9.775,10.6385
2001-08-14,9.6,9.68,9.34,9.36,8176800.0,9.477999999999998,9.6155,10.5985
2001-08-15,9.38,9.47,9.1,9.22,10331400.0,9.431999999999999,9.557,10.555833333333334
2001-08-16,9.14,9.38,8.99,9.32,10289000.0,9.39,9.524,10.515333333333334
2001-08-17,9.0,9.22,9.0,9.04,7443800.0,9.296000000000001,9.4765,10.472333333333333
2001-08-20,9.07,9.12,8.91,9.06,9010800.0,9.2,9.440999999999999,10.430000000000001
2001-08-21,9.07,9.07,8.85,8.96,6632200.0,9.120000000000001,9.412,10.389666666666667
2001-08-22,8.97,9.12,8.8,9.11,6213400.0,9.097999999999999,9.4055,10.3625
2001-08-23,9.1,9.17,8.79,8.9,7752800.0,9.014000000000001,9.385499999999999,10.346
2001-08-24,9.0,9.31,8.82,9.28,10369000.0,9.062,9.375499999999999,10.3345
2001-08-27,9.3,9.65,9.08,9.46,6273000.0,9.142,9.375499999999999,10.318
2001-08-28,9.45,9.57,9.2,9.2,6133400.0,9.190000000000001,9.366,10.299166666666668
2001-08-29,9.22,9.42,8.92,8.92,8570400.0,9.152000000000001,9.3355,10.273333333333333
2001-08-30,8.87,9.09,8.64,8.92,13167600.0,9.155999999999999,9.286,10.249333333333334
2001-08-31,8.86,9.3,8.82,9.28,7746600.0,9.156,9.2625,10.2235
2001-09-04,9.25,9.54,9.09,9.12,12436200.0,9.088,9.239999999999998,10.197833333333334
2001-09-05,9.12,9.48,9.06,9.28,12859200.0,9.104,9.223,10.1855
2001-09-06,9.2,9.46,8.82,8.86,10084600.0,9.091999999999999,9.1935,10.163833333333335
2001-09-07,8.75,9.05,8.6,8.64,8636800.0,9.036,9.149,10.137166666666667
2001-09-10,8.5,8.78,8.46,8.68,11030200.0,8.916,9.1075,10.116166666666665
2001-09-17,8.0,8.54,7.86,8.5,16357400.0,8.792,9.0555,10.0875
2001-09-18,8.45,8.86,8.08,8.14,11682200.0,8.564,8.994499999999999,10.053833333333333
2001-09-19,8.25,8.55,7.8,8.51,13332800.0,8.494,8.959,10.027500000000002
2001-09-20,8.14,8.47,7.75,7.84,14684800.0,8.334,8.885,9.9775
2001-09-21,7.5,8.12,7.34,7.86,20375600.0,8.17,8.826,9.921166666666666
2001-09-24,8.05,8.42,7.97,8.22,10519200.0,8.114,8.784,9.872666666666667
2001-09-25,8.07,8.11,7.68,7.77,13371600.0,8.040000000000001,8.7245,9.802166666666666
2001-09-26,7.91,7.95,7.46,7.58,17635600.0,7.854000000000001,8.648,9.730500000000001
2001-09-27,7.62,7.88,7.6,7.76,11508600.0,7.837999999999999,8.591,9.665333333333333
2001-09-28,7.86,7.96,7.7,7.76,13039600.0,7.818,8.515,9.5985
2001-10-01,7.74,8.0,7.59,7.77,7436000.0,7.728,8.430499999999999,9.534333333333333
2001-10-02,7.72,7.92,7.44,7.53,8424400.0,7.68,8.347,9.460666666666667
2001-10-03,7.47,7.68,7.42,7.49,24394400.0,7.662000000000001,8.2755,9.386833333333332
2001-10-04,7.68,8.12,7.5,7.94,14325800.0,7.698,8.2265,9.326
2001-10-05,7.7,8.08,7.5,8.07,12238800.0,7.760000000000001,8.166,9.277
2001-10-08,7.79,8.18,7.75,8.1,7428000.0,7.825999999999999,8.115,9.222833333333334
2001-10-09,8.02,8.1,7.82,8.0,6215200.0,7.92,8.051,9.18
2001-10-10,8.05,8.42,7.98,8.41,10991400.0,8.104,8.028500000000001,9.132333333333332
2001-10-11,8.46,8.87,8.42,8.87,11934400.0,8.290000000000001,8.040000000000001,9.077166666666667
2001-10-12,8.66,9.04,8.43,9.0,10279000.0,8.476,8.056000000000001,9.020166666666665
2001-10-15,8.98,9.19,8.78,9.0,11384000.0,8.656,8.081,8.970499999999998
2001-10-16,9.04,9.1,8.88,9.0,7248200.0,8.856,8.124,8.911333333333333
2001-10-17,9.17,9.2,8.32,8.5,10197800.0,8.874,8.1235,8.879833333333332
2001-10-18,8.64,9.12,8.64,9.0,21877600.0,8.9,8.181500000000002,8.863499999999998
2001-10-19,8.97,9.2,8.94,9.15,5956800.0,8.93,8.245999999999999,8.8495
2001-10-22,9.1,9.54,9.04,9.51,13997800.0,9.032,8.310500000000001,8.845166666666668
2001-10-23,9.56,9.71,8.94,9.07,24463600.0,9.046,8.375499999999999,8.837333333333333
2001-10-24,9.03,9.54,8.88,9.48,13372400.0,9.242,8.4705,8.841333333333333
2001-10-25,9.22,9.62,9.08,9.6,9105400.0,9.362,8.5625,8.846333333333332
2001-10-26,9.43,9.62,9.31,9.34,9963000.0,9.4,8.641499999999999,8.844
2001-10-29,9.28,9.34,8.77,8.82,8542200.0,9.262,8.694,8.833333333333334
2001-10-30,8.69,9.0,8.53,8.8,9884400.0,9.208000000000002,8.7575,8.823500000000001
2001-10-31,8.86,9.2,8.72,8.78,9776800.0,9.068,8.822,8.811
2001-11-01,8.82,9.39,8.62,9.3,11178400.0,9.008,8.89,8.800833333333333
2001-11-02,9.26,9.43,9.08,9.28,7043000.0,8.996,8.950500000000002,8.793
2001-11-05,9.42,9.62,9.3,9.54,8421200.0,9.14,9.022499999999999,8.7925
2001-11-06,9.48,9.81,9.26,9.78,11286400.0,9.336,9.1115,8.795166666666667
2001-11-07,9.73,10.06,9.67,9.8,13678200.0,9.540000000000001,9.181000000000001,8.800999999999998
2001-11-08,9.82,9.95,9.28,9.36,12219400.0,9.552,9.205499999999999,8.798166666666667
2001-11-09,9.3,9.62,9.28,9.36,4796200.0,9.568000000000001,9.2235,8.795666666666667
2001-11-12,9.33,9.58,8.98,9.38,7196400.0,9.535999999999998,9.2425,8.793
2001-11-13,9.54,9.7,9.36,9.68,8024000.0,9.516,9.276499999999999,8.798333333333336
2001-11-14,9.8,9.95,9.58,9.8,7898200.0,9.516,9.3415,8.808
2001-11-15,9.72,9.95,9.62,9.72,7608200.0,9.588,9.3775,8.814666666666666
2001-11-16,9.64,9.64,9.2,9.48,8238000.0,9.612,9.394000000000002,8.822000000000001
2001-11-19,9.5,10.04,9.48,10.0,11878200.0,9.736,9.4185,8.837666666666667
2001-11-20,9.91,10.1,9.75,9.76,9878000.0,9.751999999999999,9.453,8.851
2001-11-21,9.8,9.9,9.63,9.84,7199400.0,9.76,9.471,8.863166666666666
2001-11-23,9.86,9.98,9.78,9.92,2143000.0,9.8,9.486999999999998,8.880166666666668
2001-11-26,9.97,10.78,9.94,10.68,16453200.0,10.04,9.554,8.9035
2001-11-27,10.6,10.76,10.26,10.5,9591200.0,10.139999999999999,9.638,8.920833333333333
2001-11-28,10.42,10.6,10.2,10.26,8950400.0,10.24,9.711,8.9385
2001-11-29,10.3,10.35,10.1,10.21,7241600.0,10.313999999999998,9.7825,8.96
2001-11-30,10.24,10.72,10.12,10.65,10854000.0,10.46,9.85,8.988833333333332
2001-12-03,10.53,10.64,10.3,10.52,6470200.0,10.428,9.911999999999999,9.0095
2001-12-04,10.52,11.28,10.36,11.2,13586400.0,10.568000000000001,9.995000000000001,9.044166666666666
2001-12-05,11.18,12.02,11.08,11.88,20306400.0,10.892,10.1,9.0875
2001-12-06,11.74,11.75,11.07,11.39,12104800.0,11.128,10.179499999999999,9.129666666666667
2001-12-07,11.23,11.36,11.0,11.27,7268400.0,11.251999999999999,10.275,9.173499999999999
2001-12-10,11.14,11.5,11.12,11.27,6071800.0,11.402000000000001,10.3705,9.216666666666667
2001-12-11,11.34,11.42,10.82,10.89,7338400.0,11.34,10.446,9.2565
2001-12-12,10.94,10.96,10.62,10.74,6873600.0,11.112,10.499,9.299833333333332
2001-12-13,10.74,10.78,10.25,10.5,7065800.0,10.934000000000001,10.534,9.332999999999998
2001-12-14,10.36,10.42,10.04,10.2,6781600.0,10.72,10.558,9.372333333333334
2001-12-17,10.2,10.5,10.1,10.31,6204000.0,10.528,10.599499999999999,9.413166666666667
2001-12-18,10.44,10.66,10.11,10.5,8401400.0,10.45,10.6245,9.451166666666667
2001-12-19,10.29,10.84,10.24,10.81,10355600.0,10.464,10.677,9.501833333333334
2001-12-20,10.7,10.74,10.31,10.34,7888000.0,10.432,10.702,9.547833333333333
2001-12-21,10.5,10.77,10.4,10.5,9154800.0,10.492,10.731,9.5935
2001-12-24,10.45,10.88,10.45,10.68,1808200.0,10.566,10.731,9.642166666666666
2001-12-26,10.68,11.15,10.57,10.74,5228600.0,10.613999999999999,10.743,9.691666666666666
2001-12-27,10.79,11.12,10.79,11.04,6839600.0,10.66,10.782,9.750166666666667
2001-12-28,10.98,11.5,10.98,11.22,10683000.0,10.836,10.8325,9.812333333333333
2001-12-31,11.26,11.33,10.92,10.95,4920800.0,10.925999999999998,10.8475,9.8625
2002-01-02,11.02,11.65,10.98,11.65,18910600.0,11.12,10.904,9.922166666666667
2002-01-03,11.5,11.88,11.38,11.79,21857400.0,11.330000000000002,10.933499999999999,9.983666666666666
2002-01-04,11.67,11.98,11.5,11.84,14642000.0,11.489999999999998,10.9315,10.047666666666666
2002-01-07,11.86,12.0,11.38,11.45,15878000.0,11.535999999999998,10.9345,10.098333333333334
2002-01-08,11.38,11.52,11.23,11.3,16072800.0,11.606,10.936,10.138833333333334
2002-01-09,11.4,11.46,10.64,10.82,11708400.0,11.44,10.913499999999999,10.169166666666667
2002-01-10,10.61,10.73,10.13,10.62,16169200.0,11.206,10.9,10.196166666666668
2002-01-11,10.7,10.92,10.3,10.52,12457200.0,10.942,10.889,10.2215
2002-01-14,10.5,10.7,10.45,10.58,14857000.0,10.768,10.892999999999999,10.256166666666667
2002-01-15,10.66,10.88,10.6,10.85,10368600.0,10.678,10.925500000000001,10.287
2002-01-16,10.7,10.7,10.25,10.39,20246200.0,10.592,10.9295,10.307666666666666
2002-01-17,10.98,11.37,10.94,11.24,23592000.0,10.716,10.9665,10.3365
2002-01-18,11.0,11.3,10.98,11.08,12100400.0,10.828,10.98,10.370000000000001
2002-01-22,11.14,11.18,10.91,10.91,11689800.0,10.894,11.0085,10.393833333333333
2002-01-23,10.9,11.52,10.8,11.51,15831400.0,11.026,11.059000000000001,10.425666666666666
2002-01-24,11.46,11.76,11.45,11.6,12285800.0,11.267999999999999,11.105,10.463333333333333
2002-01-25,11.44,11.71,11.33,11.62,6639800.0,11.344,11.149000000000001,10.51
2002-01-28,11.7,11.78,11.36,11.64,6658800.0,11.456,11.178999999999998,10.557333333333332
2002-01-29,11.61,11.77,11.42,11.54,8583000.0,11.581999999999999,11.194999999999999,10.603333333333332
2002-01-30,11.54,12.07,11.47,12.04,16842000.0,11.687999999999999,11.249500000000001,10.649000000000001
2002-01-31,12.08,12.38,12.06,12.36,16730200.0,11.84,11.285,10.700333333333335
2002-02-01,12.17,12.48,12.17,12.2,14225200.0,11.956,11.3055,10.744666666666665
2002-02-04,12.16,12.9,12.1,12.68,18656200.0,12.164,11.3475,10.793000000000001
2002-02-05,12.54,12.99,12.54,12.72,16317400.0,12.4,11.411,10.841666666666667
2002-02-06,12.8,12.99,12.08,12.34,21342000.0,12.459999999999999,11.463,10.891333333333334
2002-02-07,12.32,12.64,12.14,12.15,12422600.0,12.418,11.5295,10.937833333333334
2002-02-08,12.2,12.32,11.68,12.02,12690400.0,12.382,11.5995,10.981833333333332
2002-02-11,11.96,12.5,11.87,12.49,14235800.0,12.344,11.697999999999999,11.028666666666664
2002-02-12,12.33,12.52,12.22,12.36,8010000.0,12.272,11.787,11.071333333333333
2002-02-13,12.36,12.62,12.32,12.5,11174000.0,12.303999999999998,11.869499999999999,11.117666666666667
2002-02-14,12.52,12.62,12.19,12.3,9291800.0,12.334,11.965,11.164666666666667
2002-02-15,12.26,12.49,11.92,11.95,9292400.0,12.32,12.000499999999999,11.197166666666666
2002-02-19,11.88,11.95,11.24,11.31,13937800.0,12.084,12.012,11.223
2002-02-20,11.38,11.6,11.18,11.56,10194400.0,11.924000000000001,12.044500000000001,11.251666666666667
2002-02-21,11.46,11.75,10.72,10.75,15955400.0,11.574000000000002,12.006499999999999,11.2655
2002-02-22,10.83,11.48,10.75,11.37,14517000.0,11.388,11.995000000000001,11.277
2002-02-25,11.42,12.36,11.18,11.9,15244600.0,11.378,12.008999999999999,11.300333333333333
2002-02-26,11.96,12.18,11.62,11.84,9290400.0,11.484,12.019,11.326666666666666
2002-02-27,11.97,12.12,10.47,10.98,36791400.0,11.367999999999999,11.991,11.3395
2002-02-28,11.08,11.3,10.68,10.85,16319200.0,11.388,11.9315,11.342833333333335
2002-03-01,10.96,11.75,10.91,11.72,12464000.0,11.458,11.8995,11.362833333333333
2002-03-04,11.63,12.29,11.38,12.14,12437800.0,11.506,11.8965,11.3785
2002-03-05,12.08,12.22,11.7,11.76,9810800.0,11.49,11.8505,11.3765
2002-03-06,11.74,12.17,11.46,12.04,8078800.0,11.702000000000002,11.816500000000001,11.387333333333334
2002-03-07,12.03,12.26,11.8,12.19,9223200.0,11.97,11.809000000000001,11.402666666666669
2002-03-08,12.37,12.54,12.15,12.33,9634800.0,12.092,11.818000000000001,11.420333333333334
2002-03-11,12.3,12.57,12.05,12.53,9385200.0,12.17,11.8435,11.447666666666665
2002-03-12,12.26,12.37,12.05,12.36,9073400.0,12.290000000000001,11.837,11.474666666666668
2002-03-13,12.18,12.43,12.08,12.24,7170200.0,12.329999999999998,11.831,11.503666666666668
2002-03-14,12.15,12.3,11.94,12.22,7760600.0,12.336,11.817,11.537333333333333
2002-03-15,12.23,12.5,12.12,12.48,8603600.0,12.366,11.825999999999999,11.5735
2002-03-18,12.48,12.52,12.16,12.37,10877000.0,12.334,11.847,11.604666666666667
2002-03-19,12.34,12.65,12.15,12.42,8655200.0,12.346,11.9025,11.631499999999999
2002-03-20,12.33,12.57,12.25,12.46,10511400.0,12.389999999999999,11.9475,11.666833333333333
2002-03-21,11.93,12.15,11.63,12.14,22012600.0,12.373999999999999,12.017,11.694166666666666
2002-03-22,12.11,12.28,11.94,12.04,7221200.0,12.286,12.0505,11.716833333333334
2002-03-25,12.04,12.04,11.62,11.68,9386800.0,12.148,12.0395,11.7325
2002-03-26,11.6,11.82,11.5,11.73,9208600.0,12.010000000000002,12.034,11.744000000000002
2002-03-27,11.68,11.86,11.63,11.74,4560800.0,11.866,12.072,11.752666666666666
2002-03-28,11.85,11.94,11.73,11.84,3873400.0,11.806000000000001,12.121500000000001,11.7675
2002-04-01,11.69,12.35,11.64,12.23,7108800.0,11.844,12.147,11.777166666666666
2002-04-02,12.0,12.15,11.94,12.04,7278400.0,11.916,12.142,11.781333333333333
2002-04-03,12.02,12.24,11.74,11.88,7661800.0,11.946,12.148,11.782
2002-04-04,11.84,12.52,11.84,12.45,12089200.0,12.088,12.1685,11.798666666666666
2002-04-05,12.48,12.6,12.05,12.37,9941000.0,12.193999999999999,12.1775,11.8165
2002-04-08,12.08,12.34,11.89,12.28,9339800.0,12.203999999999999,12.175,11.840833333333332
2002-04-09,12.3,12.5,12.0,12.05,6840400.0,12.206,12.151,11.864666666666666
2002-04-10,12.1,12.48,12.0,12.33,8035000.0,12.296000000000001,12.1495,11.894833333333333
2002-04-11,12.52,12.6,12.38,12.43,14544800.0,12.291999999999998,12.159,11.925666666666668
2002-04-12,12.5,12.58,12.28,12.53,11437200.0,12.324,12.174499999999998,11.953666666666667
2002-04-15,12.53,12.58,12.4,12.5,10691800.0,12.367999999999999,12.1755,11.988833333333334
2002-04-16,12.58,13.0,12.56,12.87,21949200.0,12.532,12.2005,12.016
2002-04-17,12.96,13.08,12.69,13.06,14151800.0,12.678,12.2325,12.049
2002-04-18,12.75,12.8,12.38,12.7,14346800.0,12.732,12.2445,12.078833333333334
2002-04-19,12.74,12.74,12.46,12.49,13407400.0,12.724,12.261999999999999,12.095166666666668
2002-04-22,12.42,12.46,12.12,12.26,9622400.0,12.676,12.273,12.106166666666667
2002-04-23,12.27,12.39,12.04,12.12,8338200.0,12.526,12.294999999999998,12.1145
2002-04-24,12.15,12.25,11.84,11.88,5016000.0,12.290000000000001,12.3025,12.118500000000001
2002-04-25,11.78,12.17,11.78,12.06,6935800.0,12.162,12.3185,12.127166666666666
2002-04-26,12.14,12.18,11.5,11.5,10892200.0,11.964000000000002,12.301499999999999,12.118166666666665
2002-04-29,11.58,12.2,11.54,11.98,9724600.0,11.908,12.289,12.111833333333331
2002-04-30,11.94,12.19,11.88,12.14,10034400.0,11.912,12.294,12.110833333333334
2002-05-01,12.14,12.14,11.68,11.99,7668000.0,11.934000000000001,12.2995,12.099333333333332
2002-05-02,11.9,12.17,11.8,11.84,8548000.0,11.889999999999999,12.269,12.084666666666667
2002-05-03,11.78,12.01,11.72,11.76,8242200.0,11.942000000000002,12.238499999999998,12.075
2002-05-06,11.68,11.75,11.23,11.32,8916600.0,11.809999999999999,12.1905,12.061166666666669
2002-05-07,11.47,11.48,11.07,11.24,8669600.0,11.629999999999999,12.15,12.048166666666669
2002-05-08,11.6,12.26,11.52,12.18,15595800.0,11.668,12.1425,12.043000000000001
2002-05-09,12.12,12.18,11.9,12.1,8022000.0,11.72,12.126000000000001,12.038666666666668
2002-05-10,12.14,12.14,11.49,11.66,8407000.0,11.7,12.0825,12.024666666666667
2002-05-13,11.76,12.04,11.47,11.97,9486000.0,11.83,12.056000000000001,12.019166666666667
2002-05-14,12.22,12.84,12.11,12.8,18803800.0,12.142,12.0525,12.033333333333333
2002-05-15,12.68,12.99,12.42,12.64,11993800.0,12.234,12.0315,12.055499999999999
2002-05-16,12.53,12.72,12.38,12.6,8109000.0,12.334,12.0265,12.072833333333334
2002-05-17,12.74,12.89,12.3,12.5,8446200.0,12.502,12.027000000000001,12.102
2002-05-20,12.28,12.46,12.26,12.37,9639800.0,12.581999999999999,12.032499999999999,12.118666666666666
2002-05-21,12.42,12.5,11.7,11.73,10035400.0,12.368,12.013000000000002,12.115833333333335
2002-05-22,11.68,12.22,11.66,12.16,10388400.0,12.272,12.027,12.121166666666666
2002-05-23,12.22,12.62,12.04,12.59,13192800.0,12.27,12.053500000000001,12.148
2002-05-24,12.5,12.5,11.98,12.08,5934800.0,12.186,12.0825,12.1685
2002-05-28,11.85,12.1,11.72,11.99,5347000.0,12.110000000000001,12.083,12.173000000000002
2002-05-29,11.96,12.22,11.72,11.99,7921200.0,12.162,12.075500000000002,12.170499999999999
2002-05-30,11.88,12.19,11.76,12.1,7013400.0,12.15,12.081,12.176166666666665
2002-05-31,12.04,12.12,11.62,11.65,13053400.0,11.962,12.0715,12.169666666666666
2002-06-03,11.7,11.72,11.29,11.46,8396800.0,11.838,12.0565,12.157499999999999
2002-06-04,11.44,11.52,11.09,11.39,12422200.0,11.718,12.06,12.141833333333333
2002-06-05,11.42,11.44,11.18,11.36,9895800.0,11.592000000000002,12.065999999999999,12.122333333333334
2002-06-06,11.48,11.62,10.75,11.08,9285600.0,11.388000000000002,12.011,12.101
2002-06-07,10.88,10.97,10.46,10.7,21870600.0,11.198,11.940999999999999,12.075333333333333
2002-06-10,10.74,10.92,10.67,10.74,9913400.0,11.054,11.895,12.050666666666666
2002-06-11,10.82,10.85,10.2,10.23,12482000.0,10.822,11.808000000000002,12.013166666666667
2002-06-12,10.2,10.38,9.97,10.04,18882800.0,10.557999999999998,11.67,11.974333333333332
2002-06-13,10.01,10.02,9.69,9.77,12574400.0,10.296,11.5265,11.930166666666668
2002-06-14,9.62,10.18,9.06,10.05,15175000.0,10.166,11.399,11.889999999999999
2002-06-17,10.12,10.32,9.92,10.27,11593200.0,10.072,11.2875,11.858833333333333
2002-06-18,10.21,10.47,8.62,10.08,12620000.0,10.041999999999998,11.173,11.826166666666667
2002-06-19,8.68,8.8,8.44,8.56,61052400.0,9.746,11.0145,11.774166666666666
2002-06-20,8.58,8.8,8.42,8.56,14165600.0,9.504000000000001,10.8345,11.721333333333332
2002-06-21,8.48,8.74,8.4,8.42,15899200.0,9.178,10.626,11.666
2002-06-24,8.38,8.86,8.35,8.64,15426200.0,8.852,10.454,11.612666666666666
2002-06-25,8.7,8.84,8.43,8.57,10757200.0,8.55,10.283,11.551666666666668
2002-06-26,8.4,8.64,7.99,8.28,19962600.0,8.494,10.0975,11.489
2002-06-27,8.4,8.64,8.21,8.53,8987800.0,8.488,9.919,11.433166666666667
2002-06-28,8.55,8.91,8.5,8.86,9637800.0,8.575999999999999,9.7795,11.373333333333333
2002-07-01,8.86,8.94,8.52,8.53,7953200.0,8.553999999999998,9.633,11.309333333333333
2002-07-02,8.52,8.58,8.42,8.47,10899600.0,8.534,9.487,11.245833333333334
2002-07-03,8.4,8.84,8.38,8.78,7108200.0,8.634,9.358,11.191333333333331
2002-07-05,8.86,9.4,8.86,9.37,5773200.0,8.802,9.272499999999999,11.142
2002-07-08,9.26,9.3,8.84,9.0,7543000.0,8.83,9.1875,11.084833333333332
2002-07-09,9.04,9.14,8.73,8.76,8098200.0,8.876,9.0885,11.021999999999998
2002-07-10,8.86,9.08,8.62,8.66,7388600.0,8.914,9.010000000000002,10.958
2002-07-11,8.63,9.18,8.48,9.15,13345600.0,8.988,8.9655,10.895999999999999
2002-07-12,9.28,9.4,8.63,8.73,15839000.0,8.86,8.9135,10.823833333333335
2002-07-15,8.72,9.16,8.4,9.12,10571200.0,8.884,8.867,10.764166666666666
2002-07-16,9.08,9.28,8.8,8.93,15956000.0,8.918000000000001,8.8,10.704833333333333
2002-07-17,8.06,8.1,7.6,7.82,43410200.0,8.75,8.687000000000001,10.630833333333333
2002-07-18,7.75,7.78,7.38,7.5,19980800.0,8.42,8.634,10.553833333333333
2002-07-19,7.35,7.58,7.26,7.48,13757400.0,8.17,8.58,10.480500000000001
2002-07-22,7.38,7.6,7.3,7.46,15389200.0,7.837999999999999,8.532,10.403833333333333
2002-07-23,7.45,7.56,7.2,7.24,14281800.0,7.5,8.462,10.332833333333333
2002-07-24,7.15,7.61,7.12,7.6,14521200.0,7.456,8.4135,10.259833333333335
2002-07-25,7.46,7.48,7.0,7.18,17119800.0,7.392,8.358500000000001,10.177166666666666
2002-07-26,7.23,7.26,6.9,7.17,7418000.0,7.33,8.2905,10.096833333333334
2002-07-29,7.24,7.96,7.18,7.51,9820000.0,7.340000000000001,8.222999999999999,10.024666666666667
2002-07-30,7.42,7.76,7.28,7.72,12672800.0,7.436,8.1825,9.957333333333334
2002-07-31,7.7,7.71,7.45,7.63,11096400.0,7.442,8.1405,9.895833333333334
2002-08-01,7.56,7.71,7.36,7.4,8177000.0,7.486,8.071499999999999,9.831833333333332
2002-08-02,7.37,7.5,7.12,7.22,6395000.0,7.4959999999999996,7.964,9.749166666666667
2002-08-05,7.26,7.35,6.98,7.0,7286600.0,7.394,7.864,9.664166666666667
2002-08-06,7.1,7.62,7.04,7.37,9716200.0,7.324000000000001,7.794499999999999,9.592666666666668
2002-08-07,7.54,7.68,7.18,7.52,11909800.0,7.302,7.7375,9.5185
2002-08-08,7.4,7.69,7.38,7.65,8119600.0,7.351999999999999,7.6625,9.432666666666668
2002-08-09,7.62,7.62,7.38,7.5,7347000.0,7.4079999999999995,7.601000000000001,9.347000000000001
2002-08-12,7.45,7.51,7.34,7.5,6420200.0,7.508,7.5200000000000005,9.262
2002-08-13,7.45,7.6,7.28,7.3,9638200.0,7.494,7.4384999999999994,9.175333333333333
2002-08-14,7.34,7.68,7.27,7.58,14253000.0,7.506,7.4265,9.0955
2002-08-15,7.62,7.88,7.5,7.8,11502800.0,7.536,7.4415,9.03
2002-08-16,7.72,8.05,7.64,7.9,8758000.0,7.616,7.4625,8.959000000000001
2002-08-19,7.89,8.12,7.86,7.99,7734200.0,7.714,7.489,8.882333333333332
2002-08-20,7.98,8.04,7.76,7.96,6665200.0,7.846000000000001,7.525,8.813666666666666
2002-08-21,8.0,8.12,7.72,8.06,7229600.0,7.942,7.547999999999999,8.748166666666666
2002-08-22,8.1,8.12,7.83,7.98,9225400.0,7.978,7.587999999999999,8.681333333333333
2002-08-23,7.95,7.96,7.72,7.86,5830200.0,7.970000000000001,7.6225,8.610666666666667
2002-08-26,7.98,7.98,7.58,7.76,6784600.0,7.9239999999999995,7.635000000000001,8.545833333333333
2002-08-27,7.86,7.87,7.36,7.42,9365400.0,7.816,7.62,8.4785
2002-08-28,7.4,7.56,7.32,7.35,8856200.0,7.6739999999999995,7.606,8.411166666666666
2002-08-29,7.32,7.54,7.25,7.35,5863200.0,7.548,7.603500000000001,8.344333333333333
2002-08-30,7.36,7.57,7.29,7.38,6911400.0,7.452,7.611500000000001,8.282666666666666
2002-09-03,7.24,7.28,7.02,7.02,9890600.0,7.303999999999999,7.6125,8.221333333333332
2002-09-04,7.1,7.39,7.08,7.24,15023600.0,7.268000000000001,7.606,8.163
2002-09-05,7.11,7.18,7.02,7.09,8077800.0,7.215999999999999,7.5845,8.110666666666667
2002-09-06,7.26,7.32,7.12,7.19,6485400.0,7.184,7.5615,8.063166666666666
2002-09-09,7.14,7.26,7.08,7.18,5651600.0,7.144,7.5455,8.02
2002-09-10,7.2,7.25,7.06,7.16,8909600.0,7.172,7.528499999999999,7.9718333333333335
2002-09-11,7.17,7.3,7.08,7.14,7229000.0,7.151999999999999,7.5205,7.919666666666667
2002-09-12,7.1,7.26,7.04,7.07,9636800.0,7.148000000000001,7.495,7.8694999999999995
2002-09-13,7.06,7.17,7.02,7.08,10105400.0,7.1259999999999994,7.4590000000000005,7.844833333333333
2002-09-16,7.07,7.3,7.06,7.25,10237200.0,7.140000000000001,7.4265,7.8229999999999995
2002-09-17,7.28,7.52,7.28,7.4,15285600.0,7.188,7.397,7.806
2002-09-18,7.34,7.54,7.26,7.51,11737200.0,7.2620000000000005,7.374499999999999,7.787166666666667
2002-09-19,7.38,7.4,7.24,7.29,7355200.0,7.306,7.336000000000001,7.765833333333333
2002-09-20,7.31,7.47,7.26,7.44,12599600.0,7.378,7.309,7.751833333333334
2002-09-23,7.38,7.48,7.22,7.42,9418200.0,7.412000000000001,7.287000000000001,7.733333333333333
2002-09-24,7.2,7.41,7.2,7.32,8952200.0,7.396000000000001,7.264999999999999,7.707666666666667
2002-09-25,7.34,7.58,7.32,7.46,9095800.0,7.386,7.267,7.6898333333333335
2002-09-26,7.55,7.6,7.28,7.35,7451600.0,7.398000000000001,7.267,7.671166666666667
2002-09-27,7.24,7.42,7.24,7.36,7362600.0,7.382,7.2675,7.647499999999999
2002-09-30,7.2,7.28,7.07,7.25,8489200.0,7.347999999999999,7.261,7.612166666666666
2002-10-01,7.3,7.3,7.0,7.26,12229400.0,7.336,7.273000000000001,7.583166666666667
2002-10-02,7.16,7.32,7.02,7.08,8191000.0,7.26,7.265000000000001,7.555166666666667
2002-10-03,7.09,7.28,7.03,7.15,7782000.0,7.220000000000001,7.267999999999999,7.53
2002-10-04,7.18,7.2,7.0,7.02,6815200.0,7.151999999999999,7.2595,7.4945
2002-10-07,6.98,7.1,6.88,6.88,8739200.0,7.078,7.2444999999999995,7.463666666666668
2002-10-08,6.95,6.98,6.68,6.84,16201600.0,6.994,7.2284999999999995,7.425666666666667
2002-10-09,6.77,6.92,6.7,6.8,12738800.0,6.938,7.211500000000001,7.390166666666667
2002-10-10,6.82,7.11,6.79,7.06,11484800.0,6.92,7.211,7.3775
2002-10-11,7.12,7.39,7.05,7.26,10524200.0,6.967999999999999,7.220000000000001,7.373500000000001
2002-10-14,7.28,7.49,7.22,7.38,6943000.0,7.068,7.2265,7.371833333333333
2002-10-15,7.61,7.62,7.39,7.58,14482800.0,7.215999999999999,7.2355,7.373833333333334
2002-10-16,7.43,7.57,7.23,7.28,10986600.0,7.312,7.224000000000001,7.3745
2002-10-17,7.1,7.19,6.99,7.06,16760600.0,7.312,7.2125,7.3655
2002-10-18,7.0,7.18,6.96,7.17,10296400.0,7.294,7.199,7.365333333333333
2002-10-21,7.13,7.32,7.0,7.28,8518600.0,7.273999999999999,7.192,7.367166666666667
2002-10-22,7.24,7.44,7.13,7.35,7791000.0,7.228,7.1935,7.3645000000000005
2002-10-23,7.32,7.49,7.25,7.44,7465600.0,7.26,7.1925,7.3598333333333334
2002-10-24,7.51,7.6,7.28,7.34,6241000.0,7.316,7.192,7.355
2002-10-25,7.35,7.72,7.3,7.71,9966800.0,7.4239999999999995,7.2095,7.360166666666666
2002-10-28,7.78,7.98,7.62,7.8,12475000.0,7.5280000000000005,7.236999999999999,7.369833333333333
2002-10-29,7.78,7.94,7.48,7.72,9256400.0,7.601999999999999,7.26,7.381833333333334
2002-10-30,7.74,8.18,7.74,8.04,9667000.0,7.7219999999999995,7.308,7.393
2002-10-31,7.98,8.22,7.96,8.04,10565600.0,7.861999999999999,7.352500000000001,7.401666666666667
2002-11-01,7.97,8.25,7.94,8.18,6779600.0,7.956,7.410500000000001,7.4105
2002-11-04,8.25,8.69,8.18,8.44,13457800.0,8.084,7.4885,7.426166666666666
2002-11-05,8.38,8.48,8.18,8.45,7524800.0,8.23,7.569,7.441999999999999
2002-11-06,8.54,8.66,8.35,8.61,7728200.0,8.344,7.6594999999999995,7.463833333333333
2002-11-07,8.47,8.55,7.9,8.0,12006400.0,8.336,7.7065,7.470833333333333
2002-11-08,8.01,8.1,7.76,7.92,6788000.0,8.284,7.7395,7.472833333333333
2002-11-11,7.87,7.94,7.56,7.58,5463400.0,8.112,7.7495,7.4675
2002-11-12,7.66,8.02,7.64,7.82,7992600.0,7.986,7.7615,7.464666666666667
2002-11-13,7.75,8.04,7.64,7.8,8276400.0,7.824,7.787499999999999,7.462000000000001
2002-11-14,7.95,8.2,7.89,8.15,5061200.0,7.853999999999999,7.8420000000000005,7.4635
2002-11-15,8.12,8.12,7.88,7.98,5749800.0,7.866,7.8825,7.4635
2002-11-18,8.1,8.1,7.6,7.82,5877800.0,7.9140000000000015,7.9094999999999995,7.462833333333333
2002-11-19,7.78,7.88,7.5,7.64,7534000.0,7.878,7.9239999999999995,7.4608333333333325
2002-11-20,7.65,7.85,7.62,7.76,7455000.0,7.87,7.94,7.466499999999999
2002-11-21,7.95,8.22,7.88,8.18,14945800.0,7.8759999999999994,7.981999999999999,7.480333333333333
2002-11-22,8.04,8.15,7.95,8.0,8137800.0,7.88,7.996499999999999,7.4911666666666665
2002-11-25,8.02,8.07,7.86,7.98,7122400.0,7.912000000000001,8.005500000000001,7.501166666666666
2002-11-26,7.92,7.95,7.64,7.7,8580800.0,7.9239999999999995,8.0045,7.5125
2002-11-27,7.8,7.93,7.72,7.86,10242800.0,7.944,7.9955,7.522833333333334
2002-11-29,7.9,7.94,7.71,7.75,5122600.0,7.858,7.981,7.533833333333334
2002-12-02,7.95,8.05,7.5,7.59,14240800.0,7.776000000000001,7.9515,7.5405
2002-12-03,7.6,7.67,7.55,7.58,8138200.0,7.696000000000001,7.908499999999999,7.5471666666666675
2002-12-04,7.59,7.6,7.25,7.48,11634200.0,7.652000000000001,7.859999999999999,7.552499999999999
2002-12-05,7.52,7.54,7.26,7.32,8692800.0,7.544,7.7955,7.555499999999999
2002-12-06,7.32,7.6,7.26,7.48,8762800.0,7.49,7.769499999999999,7.562333333333333
2002-12-09,7.47,7.48,7.34,7.38,8431600.0,7.448,7.7425,7.567333333333333
2002-12-10,7.38,7.72,7.36,7.64,11021800.0,7.459999999999999,7.7455,7.573833333333332
2002-12-11,7.65,7.74,7.54,7.74,9053600.0,7.5120000000000005,7.741499999999999,7.5794999999999995
2002-12-12,7.76,7.78,7.5,7.6,5333600.0,7.5680000000000005,7.731500000000001,7.581
2002-12-13,7.57,7.58,7.32,7.4,5885000.0,7.552,7.694,7.582833333333332
2002-12-16,7.4,7.55,7.3,7.42,8986600.0,7.56,7.6659999999999995,7.5825
2002-12-17,7.42,7.6,7.33,7.54,7952200.0,7.540000000000001,7.651999999999999,7.5845
2002-12-18,7.4,7.43,7.25,7.28,5382200.0,7.447999999999999,7.634,7.583833333333333
2002-12-19,7.26,7.46,7.05,7.1,12411400.0,7.348000000000001,7.600999999999999,7.577833333333333
2002-12-20,7.15,7.28,6.89,7.07,11360600.0,7.282000000000001,7.545500000000001,7.573166666666666
2002-12-23,7.08,7.28,7.06,7.24,4493800.0,7.246,7.5075,7.5711666666666675
2002-12-24,7.22,7.24,7.15,7.18,1405000.0,7.174000000000001,7.467499999999999,7.570000000000001
2002-12-26,7.21,7.4,7.14,7.2,3050800.0,7.1579999999999995,7.4425,7.569
2002-12-27,7.16,7.19,7.0,7.03,2858400.0,7.144,7.400999999999999,7.5681666666666665
2002-12-30,7.04,7.08,6.92,7.02,5537200.0,7.134,7.3645,7.566000000000001
2002-12-31,7.0,7.18,6.98,7.16,7168800.0,7.118,7.342999999999999,7.5683333333333325
2003-01-02,7.18,7.46,7.18,7.4,6479600.0,7.162000000000001,7.3340000000000005,7.576999999999999
2003-01-03,7.4,7.46,7.3,7.45,5266200.0,7.212000000000001,7.332499999999999,7.587166666666667
2003-01-06,7.52,7.69,7.44,7.45,13947600.0,7.296000000000001,7.339,7.598
2003-01-07,7.4,7.5,7.24,7.42,12226600.0,7.376,7.336,7.604
2003-01-08,7.29,7.36,7.22,7.28,8201600.0,7.4,7.331,7.604333333333333
2003-01-09,7.3,7.46,7.25,7.34,7687600.0,7.388000000000001,7.316,7.603666666666667
2003-01-10,7.29,7.41,7.24,7.36,6253600.0,7.37,7.2970000000000015,7.6
2003-01-13,7.45,7.45,7.18,7.32,6390800.0,7.343999999999999,7.2829999999999995,7.600666666666666
2003-01-14,7.34,7.41,7.24,7.3,6673600.0,7.32,7.2780000000000005,7.604666666666666
2003-01-15,7.3,7.35,6.98,7.22,13254600.0,7.308,7.267999999999999,7.605500000000001
2003-01-16,7.1,7.38,7.1,7.31,19966800.0,7.302,7.2565,7.606
2003-01-17,7.28,7.28,7.04,7.05,9527200.0,7.24,7.245,7.600999999999999
2003-01-21,7.1,7.2,7.0,7.01,9052000.0,7.178,7.2405,7.593833333333333
2003-01-22,6.99,7.08,6.9,6.94,7683600.0,7.106,7.233999999999999,7.587166666666667
2003-01-23,7.02,7.18,6.98,7.08,8152000.0,7.078,7.226000000000001,7.576666666666667
2003-01-24,7.12,7.12,6.78,6.9,10909600.0,6.9959999999999996,7.212000000000001,7.5616666666666665
2003-01-27,6.84,7.25,6.82,7.06,13978800.0,6.998,7.205000000000001,7.550666666666666
2003-01-28,7.12,7.34,7.08,7.29,10223400.0,7.054,7.218000000000001,7.538166666666667
2003-01-29,7.26,7.55,7.15,7.46,13323000.0,7.1579999999999995,7.24,7.528499999999999
2003-01-30,7.49,7.54,7.14,7.16,14537800.0,7.174000000000001,7.24,7.5115
2003-01-31,7.1,7.28,7.02,7.18,12186600.0,7.2299999999999995,7.228999999999999,7.4905
2003-02-03,7.2,7.46,7.18,7.33,9456600.0,7.284000000000001,7.223000000000001,7.4718333333333335
2003-02-04,7.22,7.32,7.16,7.3,11336200.0,7.286,7.2155000000000005,7.45
2003-02-05,7.36,7.46,7.22,7.22,7914800.0,7.2379999999999995,7.205500000000001,7.436999999999999
2003-02-06,7.18,7.32,7.11,7.22,6398200.0,7.25,7.202500000000001,7.425333333333333
2003-02-07,7.28,7.3,7.04,7.08,9632200.0,7.2299999999999995,7.1895,7.417
2003-02-10,7.13,7.28,7.03,7.18,5996000.0,7.2,7.180499999999999,7.406333333333333
2003-02-11,7.25,7.32,7.1,7.18,5885000.0,7.176,7.1735,7.396
2003-02-12,7.14,7.3,7.14,7.2,8167400.0,7.172,7.1685,7.380166666666667
2003-02-13,7.2,7.32,7.12,7.27,7446200.0,7.1819999999999995,7.171000000000001,7.368333333333333
2003-02-14,7.3,7.36,7.18,7.34,8689200.0,7.234,7.172500000000001,7.360333333333333
2003-02-18,7.38,7.66,7.36,7.64,10389200.0,7.3260000000000005,7.202,7.360333333333333
2003-02-19,7.54,7.58,7.34,7.42,8584600.0,7.374,7.222500000000001,7.354666666666668
2003-02-20,7.42,7.48,7.36,7.38,8012600.0,7.409999999999999,7.2445,7.341333333333334
2003-02-21,7.41,7.53,7.32,7.5,5623000.0,7.456,7.2655,7.333
2003-02-24,7.43,7.52,6.9,7.37,6437600.0,7.461999999999999,7.289,7.3228333333333335
2003-02-25,7.34,7.54,7.29,7.51,6737200.0,7.436,7.3115,7.3196666666666665
2003-02-26,7.5,7.51,7.24,7.25,7753400.0,7.401999999999999,7.3095,7.3095
2003-02-27,7.28,7.5,7.26,7.43,5512200.0,7.412000000000001,7.308,7.304166666666666
2003-02-28,7.43,7.54,7.38,7.5,6967800.0,7.412000000000001,7.325,7.302666666666667
2003-03-03,7.5,7.58,7.28,7.32,7277200.0,7.401999999999999,7.331999999999999,7.298333333333333
2003-03-04,7.37,7.4,7.22,7.28,4514800.0,7.356,7.3295,7.295
2003-03-05,7.3,7.4,7.26,7.31,4524400.0,7.368,7.33,7.294833333333333
2003-03-06,7.29,7.3,7.2,7.28,3566400.0,7.337999999999999,7.333,7.2915
2003-03-07,7.24,7.36,7.16,7.26,7178000.0,7.290000000000001,7.334999999999999,7.2895
2003-03-10,7.26,7.34,7.15,7.18,4806200.0,7.2620000000000005,7.340000000000001,7.281833333333334
2003-03-11,7.18,7.24,7.06,7.12,5756800.0,7.2299999999999995,7.337000000000001,7.2715000000000005
2003-03-12,7.08,7.2,7.03,7.11,7948600.0,7.19,7.333499999999999,7.263333333333334
2003-03-13,7.24,7.4,7.08,7.36,11980200.0,7.206,7.341500000000001,7.262666666666666
2003-03-14,7.34,7.5,7.32,7.39,5467800.0,7.232000000000001,7.347499999999999,7.262166666666667
2003-03-17,7.46,7.54,7.36,7.5,14282600.0,7.296000000000001,7.355499999999999,7.2615
2003-03-18,7.5,7.54,7.41,7.5,8213600.0,7.372,7.3485,7.265166666666667
2003-03-19,7.54,7.58,7.4,7.48,5047000.0,7.446000000000001,7.3515,7.2715
2003-03-20,7.46,7.5,7.3,7.46,5827800.0,7.465999999999999,7.355499999999999,7.2780000000000005
2003-03-21,7.54,7.58,7.41,7.5,10641000.0,7.4879999999999995,7.355499999999999,7.282333333333333
2003-03-24,7.34,7.4,7.18,7.18,5753600.0,7.4239999999999995,7.345999999999999,7.282333333333333
2003-03-25,7.2,7.42,7.18,7.28,5989200.0,7.38,7.3345,7.283666666666666
2003-03-26,7.28,7.28,7.15,7.2,6369400.0,7.324000000000001,7.331999999999999,7.2865
2003-03-27,7.16,7.35,7.16,7.24,4371200.0,7.279999999999999,7.3225,7.290166666666666
2003-03-28,7.2,7.31,7.18,7.28,5189400.0,7.236,7.3115,7.292166666666668
2003-03-31,7.18,7.26,7.02,7.07,9166400.0,7.214,7.2989999999999995,7.286666666666667
2003-04-01,7.1,7.16,7.04,7.08,5512200.0,7.174000000000001,7.289,7.2805
2003-04-02,7.2,7.34,7.13,7.3,6120400.0,7.194,7.288499999999999,7.2780000000000005
2003-04-03,7.28,7.35,7.18,7.23,5204000.0,7.192,7.286,7.274833333333333
2003-04-04,7.26,7.34,7.2,7.2,5215000.0,7.175999999999999,7.2829999999999995,7.2735
2003-04-07,7.41,7.48,7.2,7.24,7030800.0,7.209999999999999,7.286,7.2718333333333325
2003-04-08,7.26,7.32,7.18,7.22,4604800.0,7.2379999999999995,7.2909999999999995,7.2695
2003-04-09,7.26,7.31,7.07,7.1,5240200.0,7.198,7.2905,7.265833333333334
2003-04-10,7.1,7.2,7.1,7.18,3825000.0,7.188,7.281499999999999,7.263833333333333
2003-04-11,7.02,7.22,6.46,6.6,49739600.0,7.068,7.242,7.2535
2003-04-14,6.86,6.88,6.75,6.79,17962800.0,6.978,7.2065,7.244833333333333
2003-04-15,6.8,6.8,6.65,6.7,10856000.0,6.874,7.166500000000001,7.239000000000001
2003-04-16,6.5,6.84,6.46,6.62,36292000.0,6.7780000000000005,7.1235,7.2325
2003-04-17,6.6,6.62,6.36,6.56,22009200.0,6.654000000000001,7.078500000000001,7.226166666666667
2003-04-21,6.56,6.6,6.49,6.57,5440000.0,6.648000000000001,7.032000000000001,7.217666666666667
2003-04-22,6.6,6.81,6.54,6.76,10734600.0,6.642,7.011,7.215333333333334
2003-04-23,6.76,6.82,6.68,6.79,7488600.0,6.659999999999999,6.9864999999999995,7.210833333333334
2003-04-24,6.76,6.8,6.5,6.72,11611000.0,6.68,6.9625,7.201333333333333
2003-04-25,6.73,6.79,6.62,6.68,7332800.0,6.704000000000001,6.9345,7.1883333333333335
2003-04-28,6.74,6.98,6.72,6.93,22742800.0,6.776000000000001,6.917,7.1845
2003-04-29,6.99,7.08,6.79,7.03,16365600.0,6.83,6.915000000000001,7.1819999999999995
2003-04-30,6.96,7.18,6.92,7.11,16363400.0,6.894,6.916499999999999,7.178333333333333
2003-05-01,7.12,7.2,7.0,7.18,12241400.0,6.986,6.910500000000001,7.176333333333333
2003-05-02,7.23,7.3,7.17,7.22,11470800.0,7.093999999999999,6.909999999999999,7.176333333333334
2003-05-05,7.38,8.44,7.38,8.04,55561000.0,7.316,6.952,7.1899999999999995
2003-05-06,8.06,8.95,8.05,8.75,54089000.0,7.659999999999999,7.027499999999999,7.217833333333333
2003-05-07,8.66,9.12,8.56,8.82,37656400.0,8.001999999999999,7.1075,7.245166666666666
2003-05-08,8.86,9.04,8.65,9.0,24562000.0,8.366,7.202500000000001,7.275499999999999
2003-05-09,9.16,9.2,8.94,9.15,21013800.0,8.752,7.300999999999999,7.308000000000001
2003-05-12,9.08,9.37,9.06,9.28,14977600.0,9.0,7.435,7.3415
2003-05-13,9.22,9.48,8.98,9.34,15957000.0,9.118,7.5625,7.374833333333333
2003-05-14,9.42,9.42,9.22,9.28,12696000.0,9.209999999999999,7.6915,7.402166666666667
2003-05-15,9.3,9.42,9.24,9.36,10178400.0,9.282,7.8285,7.4345
2003-05-16,9.32,9.5,9.14,9.4,12201000.0,9.331999999999999,7.9704999999999995,7.468166666666666
2003-05-19,9.28,9.32,9.03,9.05,15924600.0,9.286,8.0945,7.494
2003-05-20,9.05,9.08,8.8,8.9,14865000.0,9.197999999999999,8.2015,7.519499999999999
2003-05-21,8.9,9.04,8.84,8.92,10893200.0,9.126,8.308,7.543
2003-05-22,8.94,9.2,8.87,9.12,6373600.0,9.078,8.428,7.574166666666667
2003-05-23,9.09,9.23,8.98,9.16,7382800.0,9.03,8.552,7.603
2003-05-27,8.98,9.45,8.96,9.44,10361800.0,9.108,8.677499999999998,7.6353333333333335
2003-05-28,9.25,9.33,9.08,9.14,12131400.0,9.156,8.783,7.665666666666667
2003-05-29,9.14,9.25,8.95,9.05,11920200.0,9.182,8.88,7.695166666666667
2003-05-30,9.06,9.09,8.76,8.98,13669600.0,9.154,8.97,7.723
2003-06-02,9.08,9.14,8.64,8.72,14949600.0,9.065999999999999,9.045,7.747
2003-06-03,8.72,8.84,8.51,8.66,12887800.0,8.91,9.076,7.770333333333334
2003-06-04,8.65,8.9,8.57,8.8,9685800.0,8.842000000000002,9.078500000000002,7.797333333333333
2003-06-05,8.72,8.87,8.66,8.82,7339200.0,8.796000000000001,9.0785,7.825666666666666
2003-06-06,8.87,9.02,8.57,8.58,8621000.0,8.716000000000001,9.057500000000001,7.8501666666666665
2003-06-09,8.47,8.52,8.32,8.4,9284000.0,8.652,9.02,7.867500000000001
2003-06-10,8.44,8.64,8.38,8.59,6308800.0,8.638,8.9855,7.8875
2003-06-11,8.58,8.76,8.41,8.72,8039800.0,8.622000000000002,8.9545,7.907833333333333
2003-06-12,8.76,8.94,8.72,8.88,9021000.0,8.634,8.9345,7.930833333333333
2003-06-13,8.88,8.98,8.56,8.71,6830200.0,8.66,8.902,7.951333333333334
2003-06-16,8.8,9.14,8.72,9.14,8518800.0,8.808000000000002,8.889,7.979333333333333
2003-06-17,9.2,9.25,9.0,9.1,6338000.0,8.91,8.8915,8.005999999999998
2003-06-18,9.21,9.74,9.15,9.56,16249400.0,9.078,8.9245,8.045666666666666
2003-06-19,9.68,9.8,9.38,9.57,13626000.0,9.216000000000001,8.957,8.083833333333335
2003-06-20,9.76,9.79,9.45,9.6,12733800.0,9.394000000000002,8.981,8.123833333333334
2003-06-23,9.65,9.84,9.38,9.53,10977200.0,9.472,8.999500000000001,8.162
2003-06-24,9.76,9.84,9.36,9.39,18370800.0,9.530000000000001,8.997000000000002,8.197166666666666
2003-06-25,9.43,9.7,9.36,9.54,11779000.0,9.526,9.017,8.238333333333333
2003-06-26,9.35,9.66,9.35,9.64,5775200.0,9.540000000000001,9.0465,8.281
2003-06-27,9.65,9.66,9.24,9.36,13064000.0,9.491999999999999,9.0655,8.315333333333333
2003-06-30,9.32,9.6,9.3,9.53,7934000.0,9.491999999999999,9.106,8.353666666666667
2003-07-01,9.47,9.59,9.26,9.54,6464000.0,9.521999999999998,9.15,8.392666666666667
2003-07-02,9.52,9.7,9.51,9.64,11617800.0,9.541999999999998,9.192,8.432666666666668
2003-07-03,9.5,9.78,9.49,9.56,4920400.0,9.526,9.229000000000001,8.471666666666668
2003-07-07,9.64,10.09,9.56,9.94,10224000.0,9.642,9.297,8.519
2003-07-08,9.76,10.25,9.74,10.2,9169200.0,9.776,9.387,8.569333333333335
2003-07-09,10.1,10.22,9.94,9.94,7630200.0,9.856,9.4545,8.625
2003-07-10,9.94,9.97,9.68,9.79,6104800.0,9.886,9.508,8.675
2003-07-11,9.84,10.0,9.77,9.92,4887800.0,9.958,9.559999999999999,8.728666666666667
2003-07-14,10.03,10.2,9.94,9.95,6728800.0,9.959999999999999,9.622,8.784166666666668
2003-07-15,10.02,10.12,9.72,9.8,7380200.0,9.879999999999999,9.655,8.838166666666666
2003-07-16,9.98,10.0,9.69,9.94,8961800.0,9.879999999999999,9.697,8.894333333333334
2003-07-17,10.1,10.48,10.06,10.45,26829000.0,10.012,9.741499999999998,8.955833333333333
2003-07-18,10.44,10.59,10.2,10.43,10672800.0,10.113999999999999,9.7845,9.0165
2003-07-21,10.36,10.4,10.15,10.3,6564600.0,10.184000000000001,9.819500000000001,9.076166666666666
2003-07-22,10.44,10.48,10.25,10.4,7086600.0,10.303999999999998,9.863,9.138166666666667
2003-07-23,10.47,10.48,10.23,10.4,5108400.0,10.396,9.913499999999999,9.196000000000002
2003-07-24,10.52,10.75,10.19,10.26,8187000.0,10.358,9.9495,9.249833333333333
2003-07-25,10.2,10.78,10.2,10.77,7738800.0,10.425999999999998,10.006,9.310833333333333
2003-07-28,10.75,10.75,10.43,10.5,6084200.0,10.466,10.062999999999999,9.366166666666667
2003-07-29,10.5,10.54,10.26,10.36,7040000.0,10.458,10.1045,9.4185
2003-07-30,10.38,10.45,10.08,10.14,6199800.0,10.406,10.1345,9.4535
2003-07-31,10.36,10.68,10.28,10.54,10766600.0,10.462,10.179499999999999,9.483333333333333
2003-08-01,10.5,10.64,10.32,10.36,5343000.0,10.379999999999999,10.2195,9.508999999999999
2003-08-04,10.26,10.75,10.14,10.6,8218400.0,10.4,10.2525,9.535666666666666
2003-08-05,10.69,10.7,10.05,10.19,8908600.0,10.366,10.251999999999999,9.552999999999999
2003-08-06,10.03,10.08,9.75,9.82,8766600.0,10.302,10.245999999999999,9.562000000000001
2003-08-07,9.9,10.04,9.71,9.96,6227800.0,10.186,10.2545,9.572333333333335
2003-08-08,10.05,10.06,9.8,9.82,4916400.0,10.078,10.2495,9.581333333333333
2003-08-11,9.9,9.96,9.76,9.83,4901000.0,9.924000000000001,10.243500000000001,9.589166666666667
2003-08-12,9.9,9.9,9.73,9.85,5872800.0,9.856,10.245999999999999,9.596666666666668
2003-08-13,9.92,10.17,9.79,10.09,10146400.0,9.91,10.253499999999999,9.613999999999999
2003-08-14,10.08,10.16,9.97,9.98,6885000.0,9.914,10.23,9.632
2003-08-15,10.01,10.04,9.83,9.86,4495200.0,9.922,10.2015,9.647666666666668
2003-08-18,9.92,10.2,9.86,10.17,6884800.0,9.99,10.194999999999999,9.665166666666666
2003-08-19,10.18,10.22,10.0,10.16,4774600.0,10.052000000000001,10.183000000000002,9.681833333333335
2003-08-20,10.1,10.64,10.07,10.5,9757600.0,10.134,10.187999999999999,9.6995
2003-08-21,10.52,10.85,10.48,10.84,9118800.0,10.306000000000001,10.216999999999999,9.727833333333333
2003-08-22,11.0,11.0,10.32,10.44,8938000.0,10.422,10.2005,9.751000000000001
2003-08-25,10.39,10.46,10.24,10.43,4920800.0,10.474,10.197,9.775166666666667
2003-08-26,10.38,10.54,10.18,10.52,5891400.0,10.546,10.205,9.805166666666667
2003-08-27,10.46,10.74,10.33,10.74,8060800.0,10.594,10.235,9.839833333333333
2003-08-28,10.8,11.11,10.66,11.1,11415200.0,10.645999999999999,10.263000000000002,9.878166666666665
2003-08-29,11.1,11.42,11.02,11.3,9398400.0,10.818000000000001,10.309999999999999,9.919500000000001
2003-09-02,11.34,11.45,11.2,11.42,8647600.0,11.016,10.351,9.966833333333334
2003-09-03,11.4,11.66,11.38,11.48,9601000.0,11.208,10.4155,10.018166666666668
2003-09-04,11.58,11.62,11.38,11.42,7135000.0,11.344,10.495500000000002,10.065333333333333
2003-09-05,11.35,11.58,11.2,11.25,8576200.0,11.374,10.56,10.107499999999998
2003-09-08,11.25,11.4,11.24,11.37,5973000.0,11.388,10.6375,10.149
2003-09-09,11.28,11.34,11.06,11.18,6441800.0,11.34,10.705,10.190166666666668
2003-09-10,11.12,11.3,11.06,11.09,8031800.0,11.262,10.767,10.222666666666667
2003-09-11,11.12,11.4,11.05,11.28,7631600.0,11.233999999999998,10.8265,10.258999999999999
2003-09-12,11.24,11.57,11.16,11.55,6428200.0,11.294,10.905000000000001,10.292166666666667
2003-09-15,11.4,11.45,11.06,11.1,8101600.0,11.24,10.967,10.317666666666668
2003-09-16,11.1,11.35,11.1,11.18,9607400.0,11.24,11.017500000000002,10.344
2003-09-17,11.18,11.19,10.93,11.06,10335600.0,11.233999999999998,11.062499999999998,10.3695
2003-09-18,11.02,11.5,10.98,11.44,9032400.0,11.266,11.1095,10.403666666666668
2003-09-19,11.44,11.52,11.22,11.29,7355600.0,11.213999999999999,11.132000000000001,10.432833333333331
2003-09-22,11.09,11.25,10.96,11.04,6422200.0,11.202000000000002,11.162,10.456166666666666
2003-09-23,11.02,11.23,10.94,11.22,4730400.0,11.209999999999999,11.2015,10.487166666666667
2003-09-24,11.12,11.16,10.54,10.66,10760200.0,11.129999999999999,11.208499999999999,10.506
2003-09-25,10.67,10.68,10.12,10.22,20513600.0,10.886,11.182500000000001,10.517333333333335
2003-09-26,10.14,10.71,10.07,10.34,12401800.0,10.696000000000002,11.144499999999999,10.529
2003-09-29,10.82,10.84,10.32,10.65,13060800.0,10.617999999999999,11.112,10.547166666666666
2003-09-30,10.54,10.61,10.22,10.36,10193800.0,10.446,11.059,10.554166666666667
2003-10-01,10.38,10.55,10.1,10.4,8432600.0,10.394,11.004999999999999,10.557500000000001
2003-10-02,10.4,10.4,10.14,10.28,7287800.0,10.406,10.947999999999999,10.563166666666666
2003-10-03,10.5,10.93,10.44,10.84,10700000.0,10.506,10.927499999999998,10.580666666666668
2003-10-06,10.84,11.16,10.79,11.14,9583200.0,10.604000000000001,10.916,10.601
2003-10-07,11.02,11.7,10.96,11.61,14934800.0,10.854000000000001,10.9375,10.628666666666668
2003-10-08,11.62,11.77,11.36,11.53,15309600.0,11.080000000000002,10.9595,10.6575
2003-10-09,11.65,11.84,11.4,11.72,12419600.0,11.368,10.9815,10.687166666666666
2003-10-10,11.75,11.9,11.68,11.84,6244200.0,11.568,10.995999999999999,10.710333333333333
2003-10-13,11.9,12.2,11.86,12.18,9995200.0,11.776,11.05,10.7395
2003-10-14,12.16,12.37,12.09,12.28,9836400.0,11.91,11.105,10.7725
2003-10-15,12.44,12.51,12.29,12.41,21789400.0,12.085999999999999,11.172500000000001,10.806000000000001
2003-10-16,11.9,11.92,11.2,11.62,34845800.0,12.065999999999999,11.1815,10.826333333333332
2003-10-17,11.74,11.74,11.22,11.38,12850400.0,11.974,11.186,10.844999999999999
2003-10-20,11.3,11.67,11.19,11.61,9969000.0,11.86,11.2145,10.859
2003-10-21,11.66,11.7,11.38,11.59,6302200.0,11.722,11.233,10.877166666666666
2003-10-22,11.46,11.6,11.34,11.38,5771400.0,11.516000000000002,11.269,10.894166666666667
2003-10-23,11.36,11.58,11.3,11.5,5900400.0,11.492,11.333,10.916833333333333
2003-10-24,11.28,11.42,11.12,11.3,7852000.0,11.475999999999999,11.381,10.929499999999999
2003-10-27,11.38,11.44,11.24,11.3,5786200.0,11.414,11.4135,10.945166666666667
2003-10-28,11.27,11.88,11.2,11.86,8989800.0,11.468,11.4885,10.966166666666668
2003-10-29,11.76,11.95,11.67,11.84,9538600.0,11.559999999999999,11.560500000000001,10.993666666666666
2003-10-30,12.0,12.0,11.44,11.54,9305600.0,11.568,11.6235,11.022333333333334
2003-10-31,11.64,11.68,11.39,11.44,7791200.0,11.596,11.6535,11.046999999999999
2003-11-03,11.42,11.65,11.39,11.58,10815800.0,11.652,11.6755,11.076333333333334
2003-11-04,11.54,11.55,11.3,11.46,8901200.0,11.572,11.668000000000001,11.103499999999999
2003-11-05,11.41,11.56,11.24,11.52,11516800.0,11.508,11.6675,11.131333333333334
2003-11-06,11.46,11.58,11.32,11.56,14181200.0,11.512,11.6595,11.155833333333334
2003-11-07,11.6,11.62,11.22,11.25,7505200.0,11.474,11.629999999999999,11.177
2003-11-10,11.22,11.32,10.92,10.95,8367000.0,11.347999999999999,11.5685,11.195166666666667
2003-11-11,10.92,11.01,10.74,10.77,7681200.0,11.209999999999999,11.492999999999999,11.205166666666667
2003-11-12,10.74,11.36,10.74,11.16,10714400.0,11.138,11.430499999999999,11.221833333333333
2003-11-13,11.04,11.28,10.96,11.21,7599000.0,11.068000000000001,11.41,11.233666666666666
2003-11-14,11.24,11.3,10.64,10.73,8466000.0,10.964,11.3775,11.231833333333334
2003-11-17,10.68,10.68,10.48,10.56,8152000.0,10.886000000000001,11.325,11.233833333333333
2003-11-18,10.6,10.67,10.18,10.2,9542600.0,10.772,11.255500000000001,11.23
2003-11-19,10.28,10.32,10.13,10.21,12306600.0,10.582,11.197,11.224833333333333
2003-11-20,10.23,10.54,10.05,10.19,8556800.0,10.378,11.131499999999999,11.215666666666667
2003-11-21,10.17,10.29,9.92,10.14,8637000.0,10.26,11.0735,11.199666666666667
2003-11-24,10.24,10.64,10.22,10.58,13636600.0,10.264,11.0375,11.187666666666667
2003-11-25,10.62,10.62,10.31,10.34,9594800.0,10.292,10.9615,11.169666666666666
2003-11-26,10.44,10.58,10.12,10.36,8754600.0,10.322,10.8875,11.151
2003-11-28,10.38,10.54,10.26,10.46,2717800.0,10.376000000000001,10.8335,11.135
2003-12-01,10.52,10.92,10.5,10.86,12912000.0,10.52,10.8045,11.1285
2003-12-02,10.81,10.95,10.7,10.77,7332000.0,10.558,10.764,11.118500000000001
2003-12-03,10.8,10.92,10.48,10.52,6832000.0,10.594,10.716999999999999,11.107499999999998
2003-12-04,10.47,10.58,10.38,10.58,6355000.0,10.638,10.67,11.099
2003-12-05,10.45,10.58,10.36,10.42,6649200.0,10.629999999999999,10.613,11.084666666666667
2003-12-08,10.39,10.54,10.2,10.52,5294200.0,10.562000000000001,10.5765,11.067499999999999
2003-12-09,10.58,10.62,10.2,10.22,4826600.0,10.452,10.54,11.052833333333332
2003-12-10,10.26,10.3,9.98,10.19,9690600.0,10.386,10.511,11.036333333333335
2003-12-11,10.12,10.67,10.1,10.6,6540600.0,10.389999999999999,10.483,11.028666666666664
2003-12-12,10.58,10.66,10.35,10.44,6881200.0,10.394,10.4445,11.012
2003-12-15,10.7,10.74,10.04,10.08,13889600.0,10.306000000000001,10.412,10.991833333333334
2003-12-16,10.05,10.24,10.0,10.06,13355600.0,10.274,10.387,10.9755
2003-12-17,10.0,10.06,9.9,9.94,9795000.0,10.224,10.373999999999999,10.954166666666667
2003-12-18,9.95,10.09,9.95,10.02,11818400.0,10.108,10.364500000000001,10.9435
2003-12-19,10.1,10.21,9.81,9.85,16198600.0,9.99,10.3475,10.937333333333331
2003-12-22,9.82,9.94,9.62,9.92,13466600.0,9.958000000000002,10.3365,10.930333333333333
2003-12-23,9.96,9.98,9.8,9.9,11017800.0,9.926,10.302499999999998,10.917833333333334
2003-12-24,9.86,10.3,9.82,10.2,6338400.0,9.977999999999998,10.2955,10.915166666666668
2003-12-26,10.18,10.46,10.17,10.39,3703400.0,10.052,10.297,10.915
2003-12-29,10.46,10.58,10.43,10.58,8337800.0,10.197999999999999,10.303,10.919999999999998
2003-12-30,10.59,10.75,10.58,10.64,7316200.0,10.341999999999999,10.292,10.916666666666666
2003-12-31,10.68,10.76,10.59,10.68,6230400.0,10.498,10.2875,10.908999999999999
2004-01-02,10.78,10.88,10.59,10.64,5165800.0,10.586000000000002,10.2935,10.892833333333332
2004-01-05,10.71,11.2,10.71,11.08,14107800.0,10.724,10.3185,10.885333333333334
2004-01-06,11.12,11.21,10.86,11.04,18191000.0,10.816,10.3495,10.873999999999999
2004-01-07,11.05,11.42,10.96,11.3,20959800.0,10.947999999999999,10.3885,10.865
2004-01-08,11.41,11.86,11.32,11.68,16439400.0,11.148,10.4615,10.856666666666666
2004-01-09,11.62,12.06,11.4,11.5,15266400.0,11.319999999999999,10.527,10.843666666666667
2004-01-12,11.63,12.0,11.55,11.86,17412400.0,11.475999999999999,10.59,10.8345
2004-01-13,12.35,12.42,11.93,12.06,24250600.0,11.68,10.671000000000001,10.841833333333334
2004-01-14,12.2,12.27,11.89,12.1,22144400.0,11.84,10.772,10.853833333333334
2004-01-15,11.42,11.7,11.25,11.42,36364600.0,11.788,10.84,10.850666666666665
2004-01-16,11.5,11.52,11.3,11.36,13315000.0,11.76,10.911,10.846833333333333
2004-01-20,11.34,11.4,11.12,11.36,11283800.0,11.66,10.978,10.846499999999999
2004-01-21,11.35,11.48,11.22,11.3,8095000.0,11.508,11.0505,10.843166666666667
2004-01-22,11.32,11.42,11.09,11.09,7321600.0,11.306000000000001,11.109,10.839666666666666
2004-01-23,11.12,11.37,11.12,11.28,8113200.0,11.277999999999999,11.178,10.839333333333332
2004-01-26,11.26,11.53,11.22,11.5,9688200.0,11.306000000000001,11.243,10.833333333333332
2004-01-27,11.52,11.62,11.4,11.54,10966800.0,11.342,11.3005,10.828333333333335
2004-01-28,11.42,11.69,11.2,11.26,9835800.0,11.334,11.3345,10.823666666666666
2004-01-29,11.31,11.4,11.1,11.34,7596400.0,11.383999999999999,11.369499999999999,10.822000000000001
2004-01-30,11.32,11.44,11.21,11.28,6617800.0,11.384,11.3995,10.817
2004-02-02,11.23,11.4,11.04,11.16,10265400.0,11.315999999999999,11.4255,10.812000000000001
2004-02-03,11.15,11.2,11.0,11.13,6457600.0,11.234,11.428,10.805499999999999
2004-02-04,11.0,11.04,10.85,10.9,10912600.0,11.161999999999999,11.421,10.7945
2004-02-05,10.91,11.46,10.9,11.21,12601600.0,11.136,11.4165,10.793833333333334
2004-02-06,11.22,11.44,11.2,11.36,6905000.0,11.152,11.400500000000001,10.800666666666666
2004-02-09,11.28,11.43,11.25,11.33,6723600.0,11.186000000000002,11.392,10.81
2004-02-10,11.31,11.56,11.22,11.49,9119400.0,11.258,11.3735,10.815499999999998
2004-02-11,11.56,11.94,11.52,11.9,12448000.0,11.458000000000002,11.3655,10.827
2004-02-12,11.82,12.0,11.8,11.86,6571000.0,11.588,11.3535,10.845833333333333
2004-02-13,11.92,12.05,11.42,11.5,11285000.0,11.616,11.357499999999998,10.861500000000001
2004-02-17,11.55,11.74,11.55,11.58,6105600.0,11.666,11.368500000000001,10.8845
2004-02-18,11.58,11.72,11.52,11.63,5058400.0,11.693999999999999,11.382,10.908166666666666
2004-02-19,11.66,11.82,11.2,11.24,11538600.0,11.562,11.379000000000001,10.925666666666666
2004-02-20,11.24,11.26,11.1,11.2,9914400.0,11.430000000000001,11.3845,10.943333333333333
2004-02-23,11.19,11.23,10.94,11.1,6931400.0,11.35,11.375499999999999,10.952
2004-02-24,11.06,11.37,11.0,11.18,9252000.0,11.27,11.3595,10.966000000000001
2004-02-25,11.11,11.45,11.1,11.4,9867000.0,11.224,11.352500000000001,10.983333333333333
2004-02-26,11.42,11.59,11.4,11.52,7086000.0,11.28,11.3655,11.001
2004-02-27,11.48,12.01,11.48,11.96,16744200.0,11.431999999999999,11.3965,11.019333333333332
2004-03-01,12.04,12.15,11.94,12.01,11488600.0,11.614,11.433000000000002,11.04
2004-03-02,12.0,12.05,11.88,11.9,9167400.0,11.758,11.47,11.062999999999999
2004-03-03,11.8,12.1,11.8,11.96,8040400.0,11.870000000000001,11.5115,11.086
2004-03-04,11.98,12.61,11.96,12.58,23579400.0,12.082,11.595500000000001,11.122000000000002
2004-03-05,12.48,13.74,12.45,13.37,55021400.0,12.364,11.7035,11.169500000000001
2004-03-08,13.4,13.4,12.9,13.0,18674000.0,12.562000000000001,11.785499999999999,11.215833333333334
2004-03-09,12.95,13.62,12.88,13.55,22084400.0,12.892,11.8965,11.271833333333332
2004-03-10,13.52,14.07,13.47,13.84,35963000.0,13.268,12.014,11.325833333333334
2004-03-11,13.63,14.02,13.54,13.58,21280400.0,13.468,12.097999999999999,11.378166666666665
2004-03-12,13.66,13.89,13.58,13.78,11758000.0,13.55,12.193999999999999,11.439833333333333
2004-03-15,13.5,13.68,13.13,13.22,17204200.0,13.594,12.280000000000001,11.4925
2004-03-16,13.29,13.3,12.7,12.91,21622600.0,13.466,12.3465,11.542
2004-03-17,13.04,13.19,12.89,13.1,14694000.0,13.318000000000001,12.42,11.593333333333332
2004-03-18,12.96,13.03,12.8,12.84,11467200.0,13.170000000000002,12.5,11.643166666666668
2004-03-19,12.86,13.47,12.77,12.93,14592000.0,13.0,12.5865,11.693333333333333
2004-03-22,12.65,13.08,12.62,12.93,14965400.0,12.942000000000002,12.678,11.743833333333333
2004-03-23,12.96,13.0,12.61,12.64,13768400.0,12.888,12.751000000000001,11.7845
2004-03-24,12.65,12.88,12.64,12.75,15293400.0,12.818000000000001,12.8185,11.823833333333333
2004-03-25,13.05,13.46,12.94,13.44,20230200.0,12.937999999999999,12.9145,11.871500000000001
2004-03-26,13.52,13.68,13.46,13.52,14996200.0,13.056000000000001,12.992500000000001,11.919500000000001
2004-03-29,13.7,14.0,13.6,13.96,12526000.0,13.262,13.09,11.974166666666667
2004-03-30,13.93,13.98,13.67,13.96,12845600.0,13.526,13.193000000000001,12.0295
2004-03-31,13.95,13.99,13.48,13.52,13956200.0,13.680000000000001,13.271,12.070166666666665
2004-04-01,13.45,13.64,13.31,13.56,11369000.0,13.704000000000002,13.319999999999999,12.112166666666667
2004-04-02,13.87,13.96,13.62,13.75,9802800.0,13.75,13.339000000000002,12.153
2004-04-05,13.74,14.18,13.72,14.16,13774000.0,13.790000000000001,13.397,12.194333333333333
2004-04-06,13.84,14.08,13.72,13.92,9214000.0,13.782,13.4155,12.234666666666666
2004-04-07,13.81,13.85,13.46,13.66,9111400.0,13.810000000000002,13.4065,12.264666666666667
2004-04-08,13.95,14.0,13.6,13.76,8604200.0,13.85,13.4155,12.293000000000001
2004-04-12,13.75,14.05,13.74,14.02,8233600.0,13.904,13.4275,12.325
2004-04-13,14.02,14.02,13.42,13.46,15585600.0,13.764,13.439499999999999,12.359000000000002
2004-04-14,13.39,13.54,13.16,13.32,22847600.0,13.644,13.459999999999999,12.391666666666667
2004-04-15,14.41,14.79,14.08,14.65,62908800.0,13.842000000000002,13.5375,12.446499999999999
2004-04-16,14.54,14.66,14.25,14.59,14390400.0,14.008000000000001,13.625,12.501333333333331
2004-04-19,14.06,14.38,13.92,14.18,25441200.0,14.040000000000001,13.6875,12.552833333333334
2004-04-20,14.13,14.2,13.78,13.86,12661400.0,14.12,13.733999999999998,12.595833333333333
2004-04-21,13.8,14.06,13.68,13.86,11638400.0,14.228,13.794999999999998,12.635166666666667
2004-04-22,13.79,14.09,13.56,13.89,12306600.0,14.075999999999999,13.851999999999999,12.674333333333333
2004-04-23,13.87,14.0,13.52,13.85,11279600.0,13.928,13.872499999999999,12.7175
2004-04-26,13.78,13.82,13.5,13.56,8254600.0,13.804000000000002,13.874500000000001,12.7545
2004-04-27,13.67,13.72,13.34,13.47,10138000.0,13.726000000000003,13.85,12.791
2004-04-28,13.42,13.5,13.17,13.22,8256000.0,13.598000000000003,13.812999999999999,12.825333333333333
2004-04-29,13.16,13.5,12.99,13.38,16456800.0,13.496,13.806000000000001,12.862833333333333
2004-04-30,13.36,13.48,12.74,12.89,16660800.0,13.304000000000002,13.772499999999999,12.895999999999999
2004-05-03,13.0,13.16,12.87,13.04,10629800.0,13.2,13.737,12.9265
2004-05-04,13.03,13.28,12.75,13.07,9999400.0,13.120000000000001,13.6825,12.955
2004-05-05,13.1,13.38,12.98,13.32,8503800.0,13.14,13.6525,12.988166666666666
2004-05-06,13.2,13.38,12.95,13.29,9412800.0,13.122,13.634,13.018166666666668
2004-05-07,13.28,13.78,13.28,13.34,14965600.0,13.212,13.613,13.042166666666667
2004-05-10,13.14,13.3,12.97,13.14,8927800.0,13.232,13.568999999999999,13.0635
2004-05-11,13.2,13.6,13.2,13.57,10899000.0,13.331999999999999,13.5745,13.098
2004-05-12,13.4,13.67,13.12,13.65,8765000.0,13.398000000000001,13.591,13.1325
2004-05-13,13.56,13.86,13.45,13.6,8209000.0,13.459999999999999,13.538500000000003,13.165333333333335
2004-05-14,13.56,13.66,13.22,13.53,9207200.0,13.498,13.485499999999998,13.2035
2004-05-17,13.35,13.53,13.18,13.32,10730200.0,13.534,13.442499999999999,13.238833333333332
2004-05-18,13.48,13.64,13.4,13.53,7359400.0,13.526,13.425999999999998,13.279333333333334
2004-05-19,13.7,13.75,13.21,13.24,13414000.0,13.443999999999999,13.395,13.313666666666668
2004-05-20,13.32,13.5,13.24,13.36,7010600.0,13.395999999999997,13.368500000000001,13.346333333333332
2004-05-21,13.48,13.6,13.36,13.56,6424800.0,13.401999999999997,13.354,13.380333333333335
2004-05-24,13.62,13.95,13.56,13.67,8414400.0,13.472,13.3595,13.408833333333332
2004-05-25,13.75,14.26,13.64,14.2,11427800.0,13.606,13.396,13.445333333333334
2004-05-26,14.16,14.39,14.0,14.26,11506000.0,13.809999999999999,13.447999999999999,13.484666666666667
2004-05-27,14.24,14.3,13.91,14.08,8427600.0,13.953999999999999,13.483,13.520000000000001
2004-05-28,14.04,14.14,13.9,14.03,5204200.0,14.047999999999998,13.540000000000001,13.544166666666666
2004-06-01,13.9,14.1,13.8,14.03,6504800.0,14.12,13.589500000000001,13.555166666666667
2004-06-02,14.02,14.58,13.9,14.46,11382600.0,14.172,13.659,13.5795
2004-06-03,14.36,14.5,14.14,14.2,8961800.0,14.16,13.703,13.590333333333332
2004-06-04,14.28,14.62,14.26,14.39,14254000.0,14.222,13.758,13.5995
2004-06-07,14.5,14.99,14.4,14.9,10567000.0,14.396,13.836000000000002,13.621500000000001
2004-06-08,14.96,15.22,14.92,15.18,14843600.0,14.626,13.937999999999999,13.644833333333333
2004-06-09,15.04,15.36,15.0,15.1,12471600.0,14.754,14.014499999999998,13.676166666666667
2004-06-10,15.1,15.48,15.1,15.37,9199200.0,14.988,14.1005,13.717166666666666
2004-06-14,15.32,15.34,14.75,15.06,8713800.0,15.122,14.173499999999999,13.749833333333333
2004-06-15,15.13,15.57,15.13,15.34,15879800.0,15.209999999999999,14.264000000000001,13.791500000000001
2004-06-16,15.31,16.66,15.26,16.37,32487200.0,15.447999999999999,14.416500000000003,13.848833333333333
2004-06-17,16.37,16.56,16.1,16.4,19690000.0,15.708000000000002,14.559999999999999,13.906666666666666
2004-06-18,16.27,16.7,16.22,16.46,14509000.0,15.925999999999998,14.720999999999998,13.970333333333334
2004-06-21,16.56,16.75,16.06,16.16,13936200.0,16.145999999999997,14.861,14.027166666666666
2004-06-22,16.16,16.54,16.14,16.5,12875400.0,16.377999999999997,15.008000000000001,14.078166666666666
2004-06-23,16.5,16.92,16.44,16.85,13959600.0,16.474,15.167000000000002,14.133666666666667
2004-06-24,16.84,16.85,16.49,16.59,9018400.0,16.512,15.2865,14.1775
2004-06-25,16.5,16.85,16.5,16.85,11551000.0,16.59,15.416000000000002,14.225666666666667
2004-06-28,17.04,17.1,16.1,16.24,18610600.0,16.606,15.523999999999997,14.270999999999999
2004-06-29,16.05,16.5,15.7,16.25,21091200.0,16.556,15.635,14.315833333333332
2004-06-30,16.25,16.48,15.94,16.27,13323000.0,16.44,15.747,14.357833333333334
2004-07-01,16.04,16.24,15.95,16.15,12212200.0,16.351999999999997,15.8315,14.391
2004-07-02,15.22,15.59,14.86,15.54,32524400.0,16.09,15.898500000000002,14.418
2004-07-06,15.55,15.71,15.4,15.48,12463600.0,15.937999999999999,15.953,14.448333333333332
2004-07-07,15.4,15.68,15.06,15.2,14214000.0,15.728,15.968,14.472333333333333
2004-07-08,15.06,15.34,14.98,15.07,8335000.0,15.488,15.9625,14.489833333333333
2004-07-09,15.14,15.25,15.02,15.02,7459400.0,15.262,15.9585,14.515833333333331
2004-07-12,15.0,15.02,14.46,14.57,18272200.0,15.068000000000001,15.9185,14.536666666666667
2004-07-13,14.62,14.8,14.51,14.61,11292000.0,14.894,15.896,14.536000000000001
2004-07-14,14.59,14.98,14.37,14.79,29850000.0,14.812000000000001,15.868500000000001,14.539333333333333
2004-07-15,16.33,16.82,16.06,16.46,63133000.0,15.09,15.873,14.577333333333334
2004-07-16,16.46,16.46,16.06,16.1,17442200.0,15.306000000000001,15.858,14.614666666666666
2004-07-19,16.02,16.11,15.83,15.98,19041800.0,15.588,15.834,14.65
2004-07-20,15.96,16.18,15.78,16.1,11562400.0,15.886000000000001,15.831,14.686833333333333
2004-07-21,16.15,16.36,15.67,15.81,10759200.0,16.090000000000003,15.7965,14.719500000000002
2004-07-22,15.67,15.86,15.53,15.84,11932800.0,15.966,15.745999999999999,14.757499999999999
2004-07-23,15.86,15.88,15.24,15.35,9770400.0,15.815999999999999,15.684000000000001,14.788833333333333
2004-07-26,15.42,15.72,15.39,15.63,14069000.0,15.746,15.623,14.829
2004-07-27,15.88,16.38,15.78,16.22,15178800.0,15.77,15.622000000000003,14.876333333333333
2004-07-28,16.16,16.2,15.58,16.14,10180400.0,15.836000000000002,15.616500000000002,14.9305
2004-07-29,16.25,16.41,16.06,16.32,7934200.0,15.931999999999999,15.619,14.985166666666666
2004-07-30,16.34,16.5,16.0,16.17,8679400.0,16.096,15.620000000000001,15.036833333333334
2004-08-02,15.62,16.1,15.56,15.79,13039000.0,16.127999999999997,15.632499999999999,15.078
2004-08-03,15.75,15.86,15.58,15.64,7558200.0,16.012,15.640500000000003,15.117166666666666
2004-08-04,15.6,16.06,15.58,15.9,9874600.0,15.964000000000002,15.6755,15.159833333333333
2004-08-05,15.88,16.15,15.62,15.7,8732200.0,15.84,15.706999999999999,15.202499999999999
2004-08-06,15.45,15.55,14.85,14.89,17581800.0,15.584,15.7005,15.224499999999999
2004-08-09,14.92,15.22,14.9,15.15,10387400.0,15.456,15.729500000000002,15.249500000000001
2004-08-10,15.2,15.77,15.18,15.76,12537000.0,15.48,15.787,15.2855
2004-08-11,15.55,15.56,15.13,15.5,11514000.0,15.4,15.8225,15.318333333333333
2004-08-12,15.28,15.42,15.14,15.18,8078600.0,15.296000000000001,15.758500000000002,15.349333333333334
2004-08-13,15.33,15.64,15.2,15.42,11716000.0,15.401999999999997,15.7245,15.380833333333332
2004-08-16,15.44,15.86,15.32,15.39,15559800.0,15.45,15.695000000000002,15.416666666666666
2004-08-17,15.3,15.56,15.18,15.44,11536400.0,15.386000000000001,15.662,15.451333333333334
2004-08-18,15.26,15.92,15.24,15.87,13023400.0,15.459999999999999,15.665000000000001,15.489833333333333
2004-08-19,15.76,15.93,15.18,15.36,13890000.0,15.496,15.641,15.518
2004-08-20,15.36,15.5,15.24,15.4,11313600.0,15.491999999999999,15.6435,15.538
2004-08-23,15.43,15.64,15.3,15.54,9095000.0,15.522,15.639,15.559333333333333
2004-08-24,15.63,15.98,15.6,15.98,13362000.0,15.63,15.626999999999999,15.591
2004-08-25,15.96,16.58,15.86,16.52,18057800.0,15.76,15.645999999999997,15.6325
2004-08-26,16.58,17.59,16.37,17.33,34137800.0,16.154,15.6965,15.6875
2004-08-27,17.3,17.38,17.0,17.18,13886200.0,16.51,15.747,15.732833333333334
2004-08-30,17.01,17.36,16.98,17.06,7790800.0,16.814,15.810500000000001,15.7805
2004-08-31,17.04,17.48,17.0,17.24,13448600.0,17.065999999999995,15.8905,15.828000000000001
2004-09-01,17.15,18.0,17.1,17.93,18418800.0,17.348,15.991999999999999,15.878499999999999
2004-09-02,17.75,17.9,17.42,17.83,14511600.0,17.448,16.0985,15.922666666666666
2004-09-03,17.52,17.96,17.5,17.62,10481000.0,17.536,16.235,15.964666666666666
2004-09-07,17.7,18.1,17.62,17.88,10784200.0,17.7,16.371499999999997,16.0065
2004-09-08,17.85,18.28,17.84,18.18,12268800.0,17.887999999999998,16.4925,16.0585
2004-09-09,18.05,18.15,17.64,17.85,16476400.0,17.872,16.61,16.10033333333333
2004-09-10,17.83,18.12,17.73,17.94,11714800.0,17.894,16.747999999999998,16.1265
2004-09-13,17.93,18.04,17.66,17.8,10070600.0,17.93,16.866999999999997,16.149833333333333
2004-09-14,17.65,17.78,17.39,17.74,9100800.0,17.902,16.9845,16.171166666666668
2004-09-15,17.6,17.74,17.4,17.6,8309600.0,17.786,17.092499999999998,16.19516666666667
2004-09-16,17.6,18.38,17.54,18.18,17925600.0,17.852,17.208,16.223166666666668
2004-09-17,18.28,18.69,18.2,18.57,17939600.0,17.978,17.3685,16.251833333333334
2004-09-20,18.45,18.99,18.44,18.86,8750000.0,18.19,17.5415,16.289666666666665
2004-09-21,18.85,19.44,18.73,19.0,13809000.0,18.442,17.7145,16.325499999999998
2004-09-22,19.05,19.07,18.4,18.46,14346000.0,18.614,17.8385,16.3625
2004-09-23,18.52,18.75,18.46,18.64,14193000.0,18.706,17.9445,16.402333333333335
2004-09-24,18.7,19.0,18.58,18.64,13196000.0,18.720000000000002,18.009999999999998,16.44183333333333
2004-09-27,18.48,18.99,18.42,18.76,14197000.0,18.7,18.089,16.485333333333333
2004-09-28,18.73,19.14,18.72,19.02,12613800.0,18.704,18.186999999999998,16.543333333333333
2004-09-29,18.96,19.43,18.91,19.34,9768200.0,18.880000000000003,18.292,16.607666666666667
2004-09-30,19.5,19.64,19.22,19.38,15179000.0,19.028,18.3645,16.677333333333333
2004-10-01,19.56,19.6,19.29,19.34,16621600.0,19.168,18.44,16.7485
2004-10-04,19.59,19.59,19.38,19.4,20503000.0,19.296,18.529000000000003,16.8215
2004-10-05,19.28,19.84,19.2,19.68,14505800.0,19.427999999999997,18.619000000000003,16.906666666666666
2004-10-06,19.74,20.38,19.74,20.32,15939400.0,19.624,18.726000000000003,17.001833333333334
2004-10-07,20.27,20.46,19.73,19.81,15219600.0,19.71,18.824,17.085500000000003
2004-10-08,19.78,19.88,19.42,19.53,12829600.0,19.748,18.9035,17.136666666666667
2004-10-11,19.4,19.53,19.1,19.3,11566800.0,19.728,18.9785,17.189999999999998
2004-10-12,19.25,19.29,18.82,19.14,16435400.0,19.62,19.048499999999997,17.242666666666665
2004-10-13,19.41,19.88,19.37,19.88,41536000.0,19.532,19.1625,17.305666666666664
2004-10-14,21.52,22.88,21.28,22.49,98872400.0,20.068,19.378,17.416999999999998
2004-10-15,22.44,22.8,22.1,22.75,36826000.0,20.712,19.587,17.53216666666667
2004-10-18,22.4,23.88,22.35,23.88,42884000.0,21.628,19.838,17.67433333333333
2004-10-19,24.05,24.18,23.66,23.71,28642600.0,22.541999999999998,20.073500000000003,17.809
2004-10-20,23.55,23.8,23.32,23.74,21611000.0,23.314,20.3375,17.93433333333333
2004-10-21,23.82,24.06,23.68,23.97,25875200.0,23.609999999999996,20.604,18.064833333333333
2004-10-22,23.7,23.84,23.51,23.7,17252400.0,23.799999999999997,20.857,18.187833333333334
2004-10-25,23.6,23.92,23.54,23.78,14023000.0,23.779999999999998,21.108,18.314666666666664
2004-10-26,23.72,24.02,23.48,23.98,21227200.0,23.834,21.356,18.451166666666666
2004-10-27,24.33,25.31,24.08,25.15,42624800.0,24.116000000000003,21.6465,18.60966666666667
2004-10-28,24.95,26.11,24.75,26.1,30866600.0,24.542,21.982499999999998,18.779666666666667
2004-10-29,25.98,26.6,25.9,26.2,28936400.0,25.042,22.325499999999998,18.954666666666665
2004-11-01,26.25,26.63,26.02,26.22,21501800.0,25.53,22.6665,19.143500000000003
2004-11-02,26.22,27.04,26.2,26.75,26071000.0,26.083999999999996,23.02,19.336833333333335
2004-11-03,27.22,28.06,27.0,27.66,43006200.0,26.586000000000002,23.387,19.535166666666665
2004-11-04,27.54,27.78,27.18,27.22,33165200.0,26.810000000000002,23.7575,19.7305
2004-11-05,27.4,27.5,26.02,27.36,43037400.0,27.041999999999994,24.149,19.9335
2004-11-08,27.14,27.72,26.93,27.19,18818600.0,27.236,24.5435,20.129666666666665
2004-11-09,27.1,27.28,26.69,27.02,16991600.0,27.29,24.9375,20.3235
2004-11-10,26.98,27.7,26.96,27.38,18167000.0,27.233999999999998,25.3125,20.522499999999997
2004-11-11,27.5,27.72,27.12,27.65,14546400.0,27.32,25.570500000000003,20.718833333333336
2004-11-12,27.5,27.84,27.42,27.75,14132200.0,27.398000000000003,25.8205,20.925333333333338
2004-11-15,27.54,27.73,27.17,27.62,13430200.0,27.484,26.0075,21.129
2004-11-16,27.58,27.6,27.24,27.47,10539400.0,27.574,26.1955,21.327833333333334
2004-11-17,27.6,27.72,27.11,27.45,14205400.0,27.588,26.381,21.519000000000002
2004-11-18,27.15,27.72,27.14,27.7,16398200.0,27.598000000000003,26.567500000000003,21.705333333333332
2004-11-19,27.74,28.46,27.25,27.58,27331400.0,27.564,26.7615,21.876166666666666
2004-11-22,29.01,32.0,28.95,30.68,91721800.0,28.176,27.1065,22.101166666666668
2004-11-23,31.14,31.22,30.52,30.64,32551800.0,28.810000000000002,27.4395,22.327499999999997
2004-11-24,30.84,32.6,30.78,32.02,49671000.0,29.724,27.782999999999998,22.573833333333333
2004-11-26,32.68,32.88,32.17,32.28,19648000.0,30.640000000000004,28.091999999999995,22.813
2004-11-29,34.5,34.78,33.7,34.22,61175600.0,31.968,28.493000000000002,23.086166666666664
2004-11-30,34.4,34.4,33.52,33.52,36732800.0,32.536,28.857999999999997,23.351166666666664
2004-12-01,33.9,33.98,33.14,33.9,28591200.0,33.188,29.2155,23.61816666666667
2004-12-02,33.06,33.45,32.33,32.6,35265800.0,33.303999999999995,29.4625,23.8585
2004-12-03,32.28,32.5,30.88,31.34,44244600.0,33.116,29.6685,24.083333333333332
2004-12-06,32.12,33.12,31.48,32.89,44568600.0,32.85,29.945,24.3325
2004-12-07,32.96,33.36,31.28,31.44,37746400.0,32.434000000000005,30.157500000000006,24.559833333333334
2004-12-08,31.54,32.22,31.02,31.64,24710800.0,31.982000000000006,30.3885,24.7915
2004-12-09,31.38,32.2,31.04,32.0,26482200.0,31.862000000000002,30.6195,25.0315
2004-12-10,32.52,33.02,32.35,32.58,27706200.0,32.11,30.865999999999996,25.2715
2004-12-13,32.89,32.95,32.3,32.46,14108600.0,32.024,31.101499999999998,25.503
2004-12-14,32.67,32.94,32.51,32.64,14847200.0,32.263999999999996,31.3525,25.732666666666667
2004-12-15,32.62,32.73,32.33,32.63,14227200.0,32.462,31.610499999999995,25.959833333333336
2004-12-16,33.12,33.75,33.02,33.3,40218400.0,32.721999999999994,31.903000000000002,26.20716666666667
2004-12-17,33.42,33.52,32.45,32.5,27982000.0,32.706,32.143,26.438166666666667
2004-12-20,32.74,33.0,30.88,31.36,41718800.0,32.486000000000004,32.33200000000001,26.650166666666667
2004-12-21,31.78,31.88,30.8,31.84,38014800.0,32.326,32.39,26.86816666666667
2004-12-22,31.83,32.18,31.7,31.88,20208200.0,32.176,32.452,27.0825
2004-12-23,31.88,32.12,31.8,32.0,8783200.0,31.915999999999997,32.451,27.293499999999998
2004-12-27,32.4,32.58,31.44,31.58,19981800.0,31.732,32.416000000000004,27.496833333333335
2004-12-28,31.65,32.12,31.02,32.09,21848400.0,31.877999999999997,32.3095,27.709333333333333
2004-12-29,31.9,32.49,31.78,32.22,16055800.0,31.953999999999997,32.2445,27.923000000000002
2004-12-30,32.4,32.52,32.11,32.4,12333600.0,32.058,32.169500000000006,28.134999999999998
2004-12-31,32.44,32.5,32.02,32.2,9949600.0,32.098,32.1495,28.333000000000002
2007-03-19,90.24,91.55,89.59,91.13,25471457.0,44.008,35.138999999999996,29.521666666666665
2007-03-20,91.35,91.84,91.06,91.48,17474064.0,55.886,38.0685,30.720833333333335
2007-03-21,91.99,94.0,91.65,93.87,24551703.0,68.21600000000001,41.19,31.963666666666665
2007-03-22,93.73,94.36,93.0,93.96,20188862.0,80.52799999999999,44.306,33.21066666666667
2007-03-23,93.35,94.07,93.3,93.52,16119797.0,92.792,47.382,34.438
2007-03-26,93.99,95.9,93.3,95.85,30916304.0,93.736,50.545500000000004,35.660666666666664
2007-03-27,95.71,96.83,95.0,95.46,33310415.0,94.532,53.6955,36.872499999999995
2007-03-28,94.88,95.4,93.15,93.24,33906998.0,94.40599999999999,56.7255,38.0285
2007-03-29,94.19,94.19,92.23,93.75,25928348.0,94.364,59.78150000000001,39.19583333333333
2007-03-30,94.28,94.68,92.75,92.91,21460993.0,94.24199999999999,62.762,40.34866666666667
2007-04-02,94.14,94.25,93.02,93.65,17936060.0,93.80199999999999,65.8195,41.51
2007-04-03,94.14,95.23,93.76,94.5,20870473.0,93.61,68.9765,42.690000000000005
2007-04-04,94.94,95.14,94.13,94.27,17039354.0,93.816,72.098,43.86483333333333
2007-04-05,94.12,94.68,93.52,94.68,12705136.0,94.002,75.238,45.04316666666667
2007-04-09,95.21,95.3,93.04,93.65,14772985.0,94.15,78.3205,46.18483333333334
2007-04-10,93.67,94.25,93.41,94.25,12598044.0,94.27000000000001,81.454,47.32066666666667
2007-04-11,93.9,93.95,92.33,92.59,19633372.0,93.888,84.47900000000001,48.42716666666667
2007-04-12,92.04,92.31,90.72,92.19,23711969.0,93.47200000000001,87.47749999999999,49.52666666666667
2007-04-13,90.9,91.4,90.06,90.24,25722969.0,92.584,90.36949999999999,50.584833333333336
2007-04-16,90.57,91.5,90.25,91.43,21764792.0,92.14,93.33099999999999,51.64766666666666
2007-04-17,92.0,92.3,89.7,90.35,26870049.0,91.36,93.292,52.69983333333334
2007-04-18,90.16,90.85,89.6,90.4,16585134.0,90.922,93.238,53.750499999999995
2007-04-19,90.19,91.25,89.83,90.27,15230508.0,90.538,93.05799999999999,54.80183333333333
2007-04-20,90.89,91.18,90.55,90.97,18770432.0,90.684,92.9085,55.867666666666665
2007-04-23,91.58,93.8,91.42,93.51,27903253.0,91.1,92.908,56.969833333333334
2007-04-24,93.96,96.39,91.3,93.24,37729878.0,91.678,92.7775,58.063
2007-04-25,94.23,95.4,93.8,95.34,43744704.0,92.666,92.77149999999999,59.189499999999995
2007-04-26,101.6,102.5,98.3,98.84,62153471.0,94.38,93.0515,60.3765
2007-04-27,98.18,99.95,97.69,99.92,25003311.0,96.16999999999999,93.35999999999999,61.583999999999996
2007-04-30,100.09,101.0,99.67,99.8,22051686.0,97.428,93.70450000000001,62.78983333333334
2007-05-01,99.59,100.35,98.55,99.47,19023775.0,98.674,93.99549999999999,63.986
2007-05-02,99.65,100.54,99.47,100.39,18125753.0,99.684,94.28999999999999,65.1995
2007-05-03,100.73,101.45,100.01,100.4,20599706.0,99.99600000000001,94.5965,66.3615
2007-05-04,100.8,101.6,100.5,100.81,13653785.0,100.174,94.90299999999999,67.53099999999999
2007-05-07,101.08,104.35,101.01,103.92,30796827.0,100.998,95.41650000000001,68.72933333333334
2007-05-08,103.47,105.15,103.42,105.06,28026515.0,102.116,95.95700000000001,69.94233333333334
2007-05-09,104.91,106.96,104.89,106.88,25662805.0,103.41399999999999,96.6715,71.15333333333334
2007-05-10,106.63,108.84,105.92,107.34,42777381.0,104.80199999999999,97.429,72.38366666666667
2007-05-11,107.74,109.13,106.78,108.74,23325550.0,106.388,98.35400000000001,73.631
2007-05-14,109.62,110.0,108.25,109.36,23298835.0,107.476,99.2505,74.91033333333333
2007-05-15,109.57,110.2,106.48,107.52,34116236.0,107.968,100.10900000000001,76.18
2007-05-16,108.53,108.83,103.42,107.34,40275055.0,108.05999999999999,100.956,77.42083333333333
2007-05-17,107.15,109.87,107.15,109.44,26358332.0,108.47999999999999,101.9145,78.72083333333333
2007-05-18,110.23,110.64,109.77,110.02,22197222.0,108.73600000000002,102.867,80.02716666666667
2007-05-21,110.31,112.45,110.05,111.98,22896870.0,109.25999999999999,103.7905,81.36016666666666
2007-05-22,112.49,113.75,112.01,113.54,20457942.0,110.46400000000001,104.80550000000001,82.70949999999999
2007-05-23,114.02,115.0,112.59,112.89,32699553.0,111.574,105.68300000000002,84.05
2007-05-24,112.81,114.46,110.37,110.69,31740524.0,111.824,106.2755,85.35083333333333
2007-05-25,112.0,113.78,111.5,113.62,22607957.0,112.54400000000001,106.9605,86.70066666666666
2007-05-29,114.45,114.86,112.69,114.35,23074604.0,113.018,107.68799999999999,88.0515
2007-05-30,114.3,118.88,113.53,118.77,52962727.0,114.06400000000001,108.65299999999999,89.48933333333335
2007-05-31,120.07,122.17,119.54,121.19,46464443.0,115.724,109.69299999999998,90.98649999999999
2007-06-01,121.1,121.19,118.29,118.4,31642848.0,117.26599999999999,110.593,92.42916666666666
2007-06-04,118.63,121.73,117.9,121.33,31714050.0,118.80799999999999,111.619,93.92000000000002
2007-06-05,121.41,122.69,120.5,122.67,32923607.0,120.47200000000001,112.5565,95.43116666666667
2007-06-06,122.3,124.05,121.95,123.64,39784327.0,121.446,113.4855,96.9655
2007-06-07,124.99,127.61,123.19,124.07,68502341.0,122.022,114.345,98.49849999999999
2007-06-08,125.82,125.83,122.29,124.49,44441019.0,123.24000000000001,115.20249999999999,100.03633333333333
2007-06-11,126.0,126.15,119.54,120.19,67169301.0,123.01199999999999,115.775,101.4995
2007-06-12,119.35,121.71,118.31,120.38,50996330.0,122.554,116.326,102.96916666666667
2007-06-13,121.15,121.19,115.4,117.5,61533464.0,121.326,116.825,103.40866666666668
2007-06-14,117.2,119.45,116.42,118.75,34787691.0,120.26199999999999,117.3955,103.86316666666667
2007-06-15,120.62,120.67,119.86,120.5,29000628.0,119.46399999999998,117.9485,104.307
2007-06-18,123.28,125.18,122.54,125.09,32567397.0,120.444,118.702,104.82583333333334
2007-06-19,124.69,125.01,122.91,123.66,33739070.0,121.1,119.28599999999999,105.32816666666666
2007-06-20,123.87,124.66,121.5,121.55,32081485.0,121.91,119.6865,105.7565
2007-06-21,121.7,124.29,120.72,123.9,30988733.0,122.94000000000001,120.237,106.23049999999999
2007-06-22,123.85,124.45,122.38,123.0,22707862.0,123.44000000000001,120.85249999999999,106.7265
2007-06-25,124.19,125.09,121.06,122.34,34502566.0,122.88999999999999,121.2885,107.203
2007-06-26,123.98,124.0,118.72,119.65,48035816.0,122.08800000000001,121.55350000000001,107.64866666666667
2007-06-27,120.61,122.04,119.26,121.89,34843108.0,122.15599999999999,121.7095,108.11933333333333
2007-06-28,122.36,122.49,120.0,120.56,30085840.0,121.48800000000001,121.678,108.55366666666667
2007-06-29,121.97,124.0,121.09,122.04,40637106.0,121.296,121.85999999999999,109.01650000000001
2007-07-02,121.05,122.09,119.3,121.26,35578565.0,121.08,121.85650000000001,109.45949999999999
2007-07-03,122.0,127.4,121.5,127.17,41517190.0,122.58400000000002,122.0815,110.01816666666667
2007-07-05,128.8,132.97,128.69,132.75,51894676.0,124.756,122.537,110.65983333333334
2007-07-06,133.13,133.34,130.4,132.3,31239020.0,127.104,122.94850000000001,111.32166666666667
2007-07-09,132.38,132.9,129.18,130.33,35565002.0,128.762,123.24050000000003,111.95733333333332
2007-07-10,128.88,134.5,128.81,132.35,44821783.0,130.98000000000002,123.84850000000002,112.65916666666666
2007-07-11,132.07,133.7,131.31,132.39,29348984.0,132.02399999999997,124.449,113.34183333333333
2007-07-12,133.85,134.24,132.39,134.07,25164507.0,132.28799999999998,125.2775,114.07050000000001
2007-07-13,135.03,137.85,134.52,137.73,32414435.0,133.374,126.22650000000002,114.85933333333332
2007-07-16,138.39,139.98,137.5,138.1,33432591.0,134.92799999999997,127.10650000000001,115.65650000000001
2007-07-17,138.3,139.6,137.5,138.91,25355612.0,136.24,127.79749999999999,116.4555
2007-07-18,138.19,138.44,136.04,138.12,27049910.0,137.386,128.5205,117.199
2007-07-19,140.3,140.81,139.65,140.0,26174616.0,138.572,129.44299999999998,117.97833333333332
2007-07-20,141.65,144.18,140.0,143.75,41706200.0,139.776,130.4355,118.78516666666665
2007-07-23,143.31,145.22,140.93,143.7,37017446.0,140.896,131.47050000000002,119.53283333333333
2007-07-24,138.88,141.0,134.15,134.89,64468105.0,140.09199999999998,132.098,120.11566666666666
2007-07-25,137.35,138.36,135.0,137.26,58254048.0,139.92,132.9785,120.74000000000001
2007-07-26,145.91,148.5,136.96,146.0,78198293.0,141.11999999999998,134.18400000000003,121.5155
2007-07-27,146.19,148.92,143.78,143.85,41468016.0,141.14,135.3485,122.23983333333332
2007-07-30,144.33,145.45,139.57,141.43,39590684.0,140.686,136.318,122.92366666666666
2007-07-31,142.97,143.48,131.52,131.76,63252957.0,140.06,136.84300000000002,123.4395
2007-08-01,133.64,135.38,127.77,135.0,62549932.0,139.608,137.2345,123.9575
2007-08-02,136.65,136.96,134.15,136.49,30492699.0,137.706,137.42149999999998,124.48133333333334
2007-08-03,135.26,135.95,131.5,131.85,24256611.0,135.30599999999998,137.399,124.89750000000001
2007-08-06,132.9,135.27,128.3,135.25,33068267.0,134.07,137.64499999999998,125.36266666666667
2007-08-07,134.94,137.24,132.63,135.03,33981278.0,134.724,137.779,125.80083333333333
2007-08-08,136.76,136.86,132.0,134.01,28883504.0,134.52599999999998,137.85999999999999,126.21166666666667
2007-08-09,131.11,133.0,125.09,126.39,40243225.0,132.506,137.476,126.52616666666667
2007-08-10,123.12,127.75,120.3,125.0,50384937.0,131.13600000000002,136.8395,126.8205
2007-08-13,128.32,129.35,126.5,127.79,26932558.0,129.644,136.324,127.12633333333333
2007-08-14,128.29,128.3,123.71,124.03,26398699.0,127.444,135.57999999999998,127.35983333333334
2007-08-15,122.74,124.86,119.65,119.9,35458951.0,124.622,134.669,127.49183333333333
2007-08-16,117.01,118.5,111.62,117.05,66667828.0,122.75399999999999,133.5215,127.55033333333334
2007-08-17,122.01,123.5,119.82,122.06,42680817.0,122.16600000000001,132.437,127.70316666666666
2007-08-20,123.96,124.5,120.5,122.22,28697254.0,121.05199999999999,131.363,127.89533333333334
2007-08-21,122.21,128.96,121.0,127.57,46537395.0,121.76000000000002,130.997,128.12783333333334
2007-08-22,131.22,132.75,130.33,132.51,37920229.0,124.282,130.75949999999997,128.4305
2007-08-23,133.09,133.34,129.76,131.07,30958438.0,127.08599999999998,130.01299999999998,128.63549999999998
2007-08-24,130.53,135.37,129.81,135.3,32565459.0,129.734,129.5855,128.87066666666666
2007-08-27,133.39,134.66,132.1,132.25,25265816.0,131.74,129.12650000000002,129.10150000000002
2007-08-28,130.99,132.41,126.63,126.82,42120365.0,131.58999999999997,128.87949999999998,129.193
2007-08-29,129.88,134.18,129.54,134.08,41674427.0,131.90400000000002,128.8335,129.38316666666668
2007-08-30,132.67,138.25,132.3,136.25,51272577.0,132.94,128.8215,129.59333333333333
2007-08-31,139.49,139.65,137.41,138.48,31317540.0,133.57600000000002,129.153,129.83350000000002
2007-09-04,139.94,145.73,139.84,144.16,47030096.0,135.95800000000003,129.5985,130.16133333333332
2007-09-05,144.97,145.84,136.1,136.76,83151957.0,137.946,129.685,130.4375
2007-09-06,135.56,137.57,132.71,135.01,67902198.0,138.132,129.735,130.68133333333333
2007-09-07,132.01,132.3,130.0,131.77,51091917.0,137.236,130.004,130.91916666666665
2007-09-10,136.99,138.04,133.95,136.71,53137352.0,136.882,130.5895,131.2185
2007-09-11,137.9,138.3,133.75,135.49,34710176.0,135.148,130.97449999999998,131.46833333333333
2007-09-12,135.99,139.4,135.75,136.85,36548046.0,135.166,131.6155,131.66433333333333
2007-09-13,138.83,139.0,136.65,137.2,23434314.0,135.60399999999998,132.4805,131.89
2007-09-14,136.57,138.98,136.2,138.81,21689990.0,137.012,133.5685,132.17766666666665
2007-09-17,138.99,140.59,137.6,138.41,28334614.0,137.352,134.386,132.4195
2007-09-18,139.06,142.85,137.83,140.92,38003145.0,138.438,135.321,132.71816666666666
2007-09-19,143.02,143.16,139.4,140.77,36674264.0,139.22199999999998,135.981,133.02533333333332
2007-09-20,140.15,141.79,139.32,140.31,24708539.0,139.844,136.371,133.36966666666666
2007-09-21,141.14,144.65,140.31,144.15,40674221.0,140.912,137.025,133.74066666666667
2007-09-24,146.73,149.85,146.65,148.28,37577154.0,142.886,137.674,134.20266666666666
2007-09-25,146.84,153.22,146.82,153.18,42591025.0,145.33800000000002,138.7205,134.72166666666666
2007-09-26,154.47,155.0,151.25,152.77,34830970.0,147.738,140.018,135.24683333333334
2007-09-27,153.77,154.52,152.32,154.5,23507014.0,150.576,141.03900000000002,135.70233333333334
2007-09-28,153.44,154.6,152.75,153.47,21967883.0,152.44,141.9,136.0476666666667
2007-10-01,154.63,157.41,152.93,156.34,29895206.0,154.052,142.793,136.44833333333332
2007-10-02,156.55,158.59,155.89,158.45,28288192.0,155.106,143.5075,136.917
2007-10-03,157.78,159.18,157.01,157.92,24732737.0,156.136,144.5655,137.34316666666666
2007-10-04,158.0,158.08,153.5,156.24,23462781.0,156.48399999999998,145.627,137.74066666666667
2007-10-05,158.37,161.58,157.7,161.45,33695315.0,158.07999999999998,147.111,138.197
2007-10-08,163.49,167.91,162.97,167.91,29854511.0,160.39399999999998,148.671,138.7
2007-10-09,170.2,171.11,166.68,167.86,39494476.0,162.276,150.2895,139.196
2007-10-10,167.55,167.88,165.6,166.79,23842437.0,164.05,151.7865,139.66066666666666
2007-10-11,169.49,171.88,153.21,162.23,58713949.0,165.248,153.03799999999998,140.0625
2007-10-12,163.01,167.28,161.8,167.25,35291917.0,166.408,154.45999999999998,140.51666666666668
2007-10-15,167.98,169.57,163.5,166.98,38497463.0,166.222,155.8885,140.90383333333332
2007-10-16,165.54,170.18,165.15,169.58,38136777.0,166.56599999999997,157.3215,141.33516666666668
2007-10-17,172.69,173.04,169.18,172.75,40271862.0,167.75799999999998,158.9205,141.96616666666668
2007-10-18,171.5,174.19,171.05,173.5,29440947.0,170.012,160.57999999999998,142.5701666666667
2007-10-19,174.24,174.63,170.0,170.42,46134986.0,170.64600000000002,161.8935,142.97716666666668
2007-10-22,170.35,174.9,169.96,174.36,58910605.0,172.122,163.1975,143.48566666666665
2007-10-23,188.56,188.6,182.76,186.16,64112989.0,175.438,164.8465,144.23116666666664
2007-10-24,185.81,187.21,179.24,185.93,46017132.0,178.074,166.5045,145.134
2007-10-25,184.87,185.9,181.66,182.78,34771995.0,179.93,167.9185,145.93033333333332
2007-10-26,185.29,185.37,182.88,184.7,25245570.0,182.786,169.48000000000002,146.73383333333334
2007-10-29,185.45,186.59,184.7,185.09,19305477.0,184.932,170.9175,147.62116666666668
2007-10-30,186.18,189.37,184.73,187.0,33550461.0,185.1,172.34499999999997,148.48366666666666
2007-10-31,187.63,190.12,184.95,189.95,29761088.0,185.904,173.94650000000001,149.399
2007-11-01,188.6,190.1,180.0,187.44,28751248.0,186.83599999999998,175.50650000000002,150.2895
2007-11-02,189.21,189.44,183.49,187.87,35789773.0,187.47,176.82750000000001,151.31416666666664
2007-11-05,185.29,188.96,184.24,186.18,28720523.0,187.68800000000002,177.741,152.3338333333333
2007-11-06,187.05,192.0,185.27,191.79,34097332.0,188.64600000000002,178.9375,153.40050000000002
2007-11-07,190.61,192.68,186.13,186.3,35511653.0,187.916,179.913,154.43833333333333
2007-11-08,186.67,186.9,167.77,175.46,67513466.0,185.52,180.5745,155.36433333333335
2007-11-09,171.15,175.12,165.21,165.37,54513504.0,181.02,180.4805,156.16966666666667
2007-11-12,165.28,167.7,150.63,153.76,63180824.0,174.536,179.8195,156.69799999999998
2007-11-13,160.87,170.98,153.76,169.96,62123079.0,170.17000000000002,179.8385,157.49366666666668
2007-11-14,177.23,177.57,163.74,166.11,51755984.0,166.132,179.50650000000002,158.136
2007-11-15,166.39,169.59,160.3,164.3,53121785.0,163.9,179.0465,158.66583333333335
2007-11-16,165.3,167.02,159.33,166.39,49410423.0,164.10399999999998,178.845,159.2545
2007-11-19,166.1,168.2,162.1,163.95,41229585.0,166.142,178.3245,159.732
2007-11-20,165.67,171.79,163.53,168.85,55130014.0,165.92,177.459,160.34199999999998
2007-11-21,165.84,172.35,164.67,168.46,43520912.0,166.39,176.5855,161.036
2007-11-23,172.0,172.05,169.75,171.54,16634143.0,167.83800000000002,176.0235,161.6603333333333
2007-11-26,173.59,177.27,172.35,172.54,46634062.0,169.068,175.4155,162.26516666666666
2007-11-27,175.22,175.79,170.01,174.81,47036711.0,171.23999999999998,174.9015,162.87066666666666
2007-11-28,176.82,180.6,175.35,180.22,41103967.0,173.51399999999998,174.5625,163.47166666666666
2007-11-29,179.43,185.17,179.15,184.29,37533058.0,176.68,174.27949999999998,164.26383333333334
2007-11-30,187.34,187.7,179.7,182.22,42421483.0,178.81599999999997,174.0185,165.05066666666664
2007-12-03,181.86,184.14,177.7,178.86,34338178.0,180.07999999999998,173.56799999999998,165.8355
2007-12-04,177.15,180.9,176.99,179.81,27635681.0,181.08,173.2495,166.55383333333333
2007-12-05,182.89,186.0,182.41,185.5,31871473.0,182.13600000000002,172.935,167.38733333333332
2007-12-06,186.19,190.1,186.12,189.95,32159573.0,183.268,173.1175,168.27233333333334
2007-12-07,190.54,194.99,188.04,194.3,38073707.0,185.68400000000003,174.0595,169.224
2007-12-10,193.59,195.66,192.69,194.21,25799130.0,188.754,175.50150000000002,170.14733333333334
2007-12-11,194.75,196.83,187.39,188.54,39675869.0,190.5,177.24050000000003,170.98283333333333
2007-12-12,193.44,194.48,185.76,190.86,43773562.0,191.57200000000003,178.2855,171.81516666666667
2007-12-13,190.19,192.12,187.82,191.83,30925621.0,191.948,179.57150000000001,172.66616666666667
2007-12-14,190.37,200.0,189.54,190.39,24092389.0,191.166,180.876,173.50083333333333
2007-12-17,190.72,192.65,182.98,184.4,36596134.0,189.204,181.7765,174.17166666666668
2007-12-18,186.52,187.33,178.6,182.98,43664353.0,188.092,182.728,174.75
2007-12-19,182.98,184.64,180.9,183.12,29552784.0,186.54399999999998,183.4415,175.24899999999997
2007-12-20,185.43,187.83,183.33,187.21,27644803.0,185.62,184.379,175.823
2007-12-21,190.12,193.91,189.89,193.91,35544882.0,186.324,185.4975,176.47983333333335
2007-12-24,195.03,199.33,194.79,198.8,17152410.0,189.204,186.8105,177.23533333333333
2007-12-26,199.01,200.96,196.82,198.95,25133289.0,192.398,188.01749999999998,177.94549999999998
2007-12-27,198.77,202.96,197.8,198.57,28411624.0,195.488,188.935,178.61416666666668
2007-12-28,200.59,201.56,196.88,199.83,24987398.0,198.012,189.71200000000002,179.31266666666667
2007-12-31,199.5,200.5,197.75,198.08,19261842.0,198.846,190.505,180.01000000000002
2008-01-02,199.27,200.26,192.55,194.84,38542020.0,198.054,191.304,180.5665
2008-01-03,195.41,197.39,192.69,194.93,30073780.0,197.25,192.06,181.01683333333332
2008-01-04,191.45,193.0,178.89,180.05,51993904.0,193.546,191.7875,181.21999999999997
2008-01-07,181.25,183.6,170.23,177.64,74006846.0,189.108,191.172,181.40083333333334
2008-01-08,180.14,182.46,170.8,171.25,54421984.0,183.74200000000002,190.0195,181.55116666666666
2008-01-09,171.3,179.5,168.3,179.4,64840673.0,180.654,189.279,181.75366666666665
2008-01-10,177.58,181.0,175.41,178.02,52963350.0,177.272,188.753,181.93766666666667
2008-01-11,176.0,177.85,170.0,172.69,44010111.0,175.8,187.8445,181.9895
2008-01-14,177.52,179.42,175.17,178.78,39301774.0,176.028,187.19199999999998,182.09
2008-01-15,177.72,179.22,164.66,169.04,83937922.0,175.586,186.12449999999998,182.01566666666668
2008-01-16,165.23,169.01,156.7,159.64,79191989.0,171.63400000000001,184.8865,181.83599999999998
2008-01-17,161.51,165.36,158.42,160.89,62853413.0,168.208,183.78199999999998,181.6115
2008-01-18,161.71,165.75,159.61,161.36,61583651.0,165.942,182.69400000000002,181.19816666666665
2008-01-22,148.02,159.98,146.0,155.64,86963480.0,161.314,181.1155,180.69333333333333
2008-01-23,136.21,140.0,126.14,139.07,120466292.0,155.32,178.3735,179.96483333333333
2008-01-24,139.99,140.7,132.01,135.6,71638013.0,150.512,175.2135,179.14649999999997
2008-01-25,138.99,139.09,129.61,130.01,55526314.0,144.336,171.7665,178.22850000000003
2008-01-28,128.16,133.2,126.45,130.01,52672974.0,138.06599999999997,168.3385,177.27866666666665
2008-01-29,131.15,132.79,129.05,131.54,39285086.0,133.246,164.924,176.30516666666665
2008-01-30,131.37,135.45,130.0,132.18,44394619.0,131.868,161.629,175.38416666666666
2008-01-31,129.45,136.65,129.4,135.36,48059713.0,131.82,158.655,174.50900000000001
2008-02-01,136.24,136.59,132.18,133.75,36097982.0,132.56799999999998,155.596,173.63516666666666
2008-02-04,134.21,135.9,131.42,131.65,32115481.0,132.89600000000002,153.176,172.6328333333333
2008-02-05,130.43,134.0,128.9,129.36,40751491.0,132.46,150.762,171.68383333333335
2008-02-06,130.83,131.92,121.77,122.0,56188205.0,130.42400000000004,148.2995,170.79283333333333
2008-02-07,119.97,124.78,117.27,121.24,74450275.0,127.6,145.3915,170.05733333333333
2008-02-08,122.08,125.7,121.6,125.48,48427520.0,125.946,142.7645,169.58599999999998
2008-02-11,128.01,129.98,127.2,129.45,42908217.0,125.506,140.6025,168.91083333333333
2008-02-12,130.7,131.0,123.62,124.86,43784943.0,124.606,137.9065,168.22333333333333
2008-02-13,126.68,129.78,125.63,129.4,34590469.0,126.08600000000001,135.92450000000002,167.64166666666668
2008-02-14,129.4,130.8,127.01,127.46,34080728.0,127.33,134.3155,166.99283333333332
2008-02-15,126.27,127.08,124.06,124.63,32189246.0,127.16,132.5025,166.3375
2008-02-19,125.99,126.75,121.44,122.18,35894478.0,125.70599999999999,130.5435,165.55966666666666
2008-02-20,122.2,124.6,121.68,123.82,34551356.0,125.498,128.9525,164.8156666666667
2008-02-21,126.05,126.47,120.86,121.54,33504078.0,123.926,128.07599999999996,163.98233333333334
2008-02-22,122.48,122.51,115.87,119.46,54638437.0,122.326,127.26899999999998,163.09766666666667
2008-02-25,118.59,120.17,116.66,119.74,44884740.0,121.348,126.75550000000001,162.17983333333333
2008-02-26,117.64,121.09,115.44,119.15,53745939.0,120.742,126.2125,161.16199999999998
2008-02-27,118.23,123.05,118.09,122.96,52683413.0,120.57000000000001,125.7835,160.1398333333333
2008-02-28,127.2,132.2,125.77,129.91,57794704.0,122.244,125.67,159.268
2008-02-29,129.29,130.21,124.8,125.02,44838544.0,123.356,125.15299999999999,158.37066666666666
2008-03-03,124.44,125.98,118.0,121.73,56920466.0,123.75399999999999,124.55199999999999,157.40266666666668
2008-03-04,121.99,124.88,120.4,124.62,63763682.0,124.848,124.20049999999999,156.388
2008-03-05,123.58,125.14,122.25,124.49,43636940.0,125.154,123.95700000000002,155.297
2008-03-06,124.61,127.5,120.81,120.93,52632054.0,123.35799999999999,123.90350000000001,154.07416666666668
2008-03-07,120.41,122.98,119.05,122.25,43953695.0,122.804,123.954,152.87483333333333
2008-03-10,121.98,123.46,119.37,119.69,35739047.0,122.396,123.6645,151.72733333333335
2008-03-11,124.1,127.48,122.0,127.35,41622202.0,122.94200000000001,123.5595,150.6688333333333
2008-03-12,127.04,128.68,125.17,126.03,37843856.0,123.25,123.61800000000001,149.57216666666667
2008-03-13,124.1,129.5,123.0,127.94,45151255.0,124.652,123.54499999999999,148.53133333333335
2008-03-14,129.88,130.3,124.2,126.61,41316269.0,125.524,123.50249999999998,147.56816666666663
2008-03-17,122.55,128.59,122.55,126.73,38307074.0,126.93199999999999,123.6075,146.63066666666666
2008-03-18,129.18,133.0,128.67,132.82,43039945.0,128.026,124.1395,145.79233333333335
2008-03-19,133.12,134.29,129.67,129.67,36090600.0,128.754,124.43200000000002,144.83333333333334
2008-03-20,131.12,133.29,129.18,133.27,32456650.0,129.82,125.01850000000002,143.82266666666666
2008-03-24,134.01,140.85,133.64,139.53,38119507.0,132.404,126.022,142.83483333333334
2008-03-25,139.96,143.1,137.33,140.98,37596140.0,135.254,127.08399999999999,141.86866666666666
2008-03-26,140.87,145.74,140.64,145.06,42217233.0,137.702,128.37949999999998,140.97683333333333
2008-03-27,144.95,145.31,139.99,140.25,35708131.0,139.818,129.24399999999997,139.98383333333334
2008-03-28,141.8,144.65,141.6,143.01,25547083.0,141.766,129.899,139.066
2008-03-31,143.27,145.71,142.52,143.5,27430839.0,142.56,130.823,138.21033333333335
2008-04-01,146.3,149.66,143.61,149.53,36877317.0,144.26999999999998,132.213,137.45366666666666
2008-04-02,148.78,151.2,145.85,147.49,37320214.0,144.756,133.3565,136.911
2008-04-03,147.06,153.63,147.0,151.61,37563004.0,147.028,134.7125,136.47716666666668
2008-04-04,152.19,154.71,150.75,153.08,30527914.0,149.042,136.32,136.17433333333332
2008-04-07,156.13,159.69,155.11,155.89,41395988.0,151.52,138.002,135.7825
2008-04-08,153.55,156.45,152.32,152.84,36258626.0,152.18200000000002,139.6595,135.36283333333333
2008-04-09,153.31,153.89,150.46,151.44,31211125.0,152.972,140.864,135.00866666666667
2008-04-10,151.13,155.42,150.6,154.55,34160321.0,153.56,142.29,134.60483333333335
2008-04-11,152.72,153.3,146.4,147.14,43216946.0,152.372,143.25,134.23983333333334
2008-04-14,146.77,149.25,144.54,147.78,30189396.0,150.75,144.3085,134.04216666666667
2008-04-15,149.4,149.72,145.72,148.38,24929883.0,149.858,145.39100000000002,133.8336666666667
2008-04-16,151.72,154.1,150.62,153.7,28420420.0,150.31,146.435,133.706
2008-04-17,154.17,156.0,153.35,154.49,25189279.0,150.298,147.676,133.68683333333334
2008-04-18,159.12,162.26,158.38,161.04,36670142.0,153.078,149.0645,134.053
2008-04-21,162.21,168.5,161.76,168.16,37112590.0,157.154,150.496,134.59566666666666
2008-04-22,167.4,168.0,158.09,160.2,51413219.0,159.51799999999997,151.457,135.09883333333335
2008-04-23,164.05,164.84,161.08,162.89,53721101.0,161.356,152.3485,135.64683333333332
2008-04-24,165.34,169.98,159.19,168.94,60616273.0,164.24599999999998,153.783,136.27016666666665
2008-04-25,170.7,171.1,166.42,169.73,35445425.0,165.98399999999998,155.11899999999997,136.89600000000002
2008-04-28,169.75,173.75,169.13,172.24,28114734.0,166.8,156.55599999999998,137.51066666666665
2008-04-29,171.11,175.66,170.25,175.05,32981265.0,169.76999999999998,157.83200000000002,138.199
2008-04-30,176.19,180.0,172.92,173.95,40697228.0,171.98200000000003,159.155,138.904
2008-05-01,174.96,180.0,174.86,180.0,32270581.0,174.19400000000002,160.5745,139.748
2008-05-02,180.19,181.92,178.55,180.94,35931418.0,176.43599999999998,161.9675,140.73033333333333
2008-05-05,181.92,185.31,181.05,184.73,30519889.0,178.934,163.4095,141.7885
2008-05-06,184.66,187.12,182.18,186.66,32816765.0,181.256,165.10049999999998,142.80816666666666
2008-05-07,186.05,188.2,180.54,182.59,41326175.0,182.98399999999998,166.658,143.69383333333332
2008-05-08,183.77,186.5,183.07,185.06,32110148.0,183.996,168.1835,144.69716666666667
2008-05-09,183.16,184.25,181.37,183.45,24038245.0,184.498,169.999,145.59799999999998
2008-05-12,185.21,188.87,182.85,188.16,29263070.0,185.184,172.018,146.60966666666667
2008-05-13,188.61,191.45,187.86,189.96,29401281.0,185.844,174.09699999999998,147.6985
2008-05-14,191.23,192.24,185.57,186.26,32743680.0,186.578,175.725,148.7665
2008-05-15,186.81,189.9,184.2,189.73,31185978.0,187.512,177.487,149.86499999999998
2008-05-16,190.11,190.3,187.0,187.62,27348837.0,188.346,178.81599999999997,150.96633333333332
2008-05-19,187.86,188.69,181.3,183.6,33796411.0,187.43400000000003,179.588,152.0353333333333
2008-05-20,181.82,186.16,180.12,185.9,34637473.0,186.622,180.873,153.13799999999998
2008-05-21,185.67,188.0,176.25,178.19,41344865.0,185.00799999999998,181.63799999999998,154.12199999999999
2008-05-22,179.26,181.33,172.0,177.05,43105919.0,182.472,182.0435,155.02349999999998
2008-05-23,180.77,181.99,177.8,181.17,32440244.0,181.182,182.61550000000003,155.87783333333334
2008-05-27,182.75,186.43,181.84,186.43,28210871.0,181.748,183.325,156.90133333333333
2008-05-28,187.41,187.95,183.72,187.01,26570641.0,181.96999999999997,183.92299999999997,157.98933333333335
2008-05-29,186.76,188.2,185.5,186.69,23113799.0,183.67000000000002,184.56,159.02383333333333
2008-05-30,187.45,189.54,187.38,188.75,21792225.0,186.01,184.9975,160.09483333333336
2008-06-02,188.6,189.65,184.53,186.1,24280000.0,186.996,185.25549999999998,161.181
2008-06-03,186.86,188.2,182.33,185.37,27049567.0,186.784,185.2875,162.233
2008-06-04,184.02,187.09,183.23,185.19,25981128.0,186.42000000000002,185.214,163.32466666666667
2008-06-05,186.34,189.84,185.7,189.43,26980102.0,186.96800000000002,185.55599999999998,164.35933333333335
2008-06-06,188.0,189.95,185.55,185.64,34515075.0,186.346,185.58499999999998,165.35283333333334
2008-06-09,184.79,184.94,175.75,181.61,67442535.0,185.448,185.493,166.24733333333333
2008-06-10,180.51,186.78,179.02,185.64,40747845.0,185.502,185.367,167.23116666666667
2008-06-11,184.34,186.0,179.59,180.81,34341045.0,184.626,184.9095,168.1325
2008-06-12,181.49,182.6,171.2,173.26,46726115.0,181.392,184.2595,168.8065
2008-06-13,171.64,174.16,165.31,172.37,48069881.0,178.738,183.3915,169.51816666666667
2008-06-16,171.3,177.9,169.07,176.84,37561768.0,177.784,182.85250000000002,170.24433333333334
2008-06-17,178.1,181.99,177.41,181.43,32148419.0,176.942,182.744,170.94266666666667
2008-06-18,181.12,182.2,177.35,178.75,28980970.0,176.53000000000003,182.3865,171.57216666666667
2008-06-19,178.55,182.34,176.8,180.9,28311343.0,178.05800000000002,182.522,172.1695
2008-06-20,179.35,181.0,175.0,175.27,31727397.0,178.638,182.433,172.75316666666666
2008-06-23,174.74,175.88,171.56,173.16,23072024.0,177.902,182.03249999999997,173.25566666666666
2008-06-24,172.37,175.78,171.63,173.25,22216923.0,176.266,181.37349999999998,173.7515
2008-06-25,174.61,178.83,173.88,177.39,23016067.0,175.99399999999997,180.8925,174.21583333333334
2008-06-26,174.07,174.84,168.01,168.26,31057440.0,173.46599999999998,179.971,174.562
2008-06-27,166.51,170.57,164.15,170.09,37223115.0,172.43,179.038,174.87
2008-06-30,170.19,172.0,166.62,167.44,24440648.0,171.286,178.10500000000002,175.10933333333332
2008-07-01,164.23,174.72,164.0,174.68,39688556.0,171.572,177.57049999999998,175.4225
2008-07-02,175.2,177.45,168.18,168.18,29951728.0,169.73000000000002,176.71999999999997,175.67816666666667
2008-07-03,169.59,172.17,165.75,170.12,18694175.0,170.102,175.7545,175.98950000000002
2008-07-07,173.16,177.13,171.9,175.16,29299603.0,171.116,175.2305,176.33300000000003
2008-07-08,175.4,179.7,172.74,179.55,31738989.0,173.538,175.1275,176.87316666666666
2008-07-09,180.2,180.91,174.14,174.25,32003589.0,173.452,174.55800000000002,177.31433333333334
2008-07-10,174.92,177.34,171.37,176.63,30024547.0,175.142,174.349,177.78516666666667
2008-07-11,175.47,177.11,171.0,172.58,33214614.0,175.634,174.315,178.09983333333335
2008-07-14,179.24,179.3,173.08,173.88,31644790.0,175.378,174.3905,178.42299999999997
2008-07-15,172.48,173.74,166.39,169.64,37144352.0,173.39600000000002,174.0305,178.56633333333332
2008-07-16,170.2,172.93,168.6,172.81,26716567.0,173.108,173.5995,178.64383333333336
2008-07-17,174.1,174.98,171.39,171.81,27054456.0,172.144,173.2525,178.83733333333333
2008-07-18,168.52,169.65,165.0,165.15,31014721.0,170.658,172.465,178.875
2008-07-21,166.9,167.5,161.12,166.29,48588195.0,169.14000000000001,172.01600000000002,178.83083333333335
2008-07-22,149.0,162.76,146.53,162.02,67128289.0,167.616,171.459,178.7023333333333
2008-07-23,164.99,168.37,161.56,166.26,37920218.0,166.30599999999998,171.1095,178.60266666666666
2008-07-24,164.32,165.26,158.45,159.03,29986320.0,163.75,170.1915,178.33566666666667
2008-07-25,160.4,163.0,158.65,162.12,22629822.0,163.144,169.8845,178.1385
2008-07-28,162.34,162.47,154.02,154.4,27891235.0,160.76600000000002,169.1,177.71183333333335
2008-07-29,155.41,159.45,153.65,157.08,24437215.0,159.778,168.582,177.31416666666667
2008-07-30,157.78,160.49,156.08,159.88,25902261.0,158.502,167.842,176.9
2008-07-31,157.54,162.2,156.98,158.95,22768525.0,158.48600000000002,167.3805,176.4381666666667
2008-08-01,159.9,159.99,155.75,156.66,19461195.0,157.394,166.70749999999998,176.006
2008-08-04,156.6,157.9,152.91,153.23,21167696.0,157.16,165.611,175.4755
2008-08-05,155.42,160.8,154.82,160.64,24594669.0,157.87199999999999,164.6655,175.09533333333331
2008-08-06,159.97,167.4,158.0,164.19,28266458.0,158.73399999999998,164.1625,174.69583333333333
2008-08-07,162.71,166.15,161.5,163.57,24017815.0,159.658,163.5095,174.25599999999997
2008-08-08,163.86,169.65,163.75,169.55,25508020.0,162.236,163.358,173.97750000000002
2008-08-11,170.07,176.5,169.67,173.56,31832206.0,166.302,163.342,173.708
2008-08-12,173.52,179.29,173.51,176.73,29872166.0,169.51999999999998,163.6965,173.5265
2008-08-13,177.98,180.0,175.9,179.3,30100786.0,172.542,164.021,173.45483333333334
2008-08-14,178.33,180.45,177.84,179.32,25403601.0,175.692,164.3965,173.34516666666667
2008-08-15,179.04,179.75,175.05,175.74,25297183.0,176.93,164.926,173.30433333333335
2008-08-18,175.57,177.81,173.82,175.39,19714732.0,177.296,165.381,173.27666666666667
2008-08-19,174.54,177.07,171.81,173.53,22007236.0,176.656,165.95649999999998,173.14933333333335
2008-08-20,174.77,176.94,173.61,175.84,18111738.0,175.964,166.4355,172.97283333333334
2008-08-21,174.47,175.45,171.89,174.29,19286365.0,174.958,167.1985,172.76083333333332
2008-08-22,175.82,177.5,175.57,176.79,15705673.0,175.168,167.932,172.59583333333333
2008-08-25,176.15,176.23,171.66,172.55,17303450.0,174.6,168.8395,172.32583333333332
2008-08-26,172.76,174.88,172.61,173.64,15920648.0,174.622,169.6675,172.11816666666664
2008-08-27,173.31,175.76,172.19,174.67,17063546.0,174.388,170.40699999999998,171.93983333333333
2008-08-28,175.28,176.25,172.75,173.74,15406578.0,174.27800000000002,171.1465,171.749
2008-08-29,172.96,173.5,169.04,169.53,21405304.0,172.826,171.79000000000002,171.41733333333332
2008-09-02,172.4,173.5,165.0,166.19,27908193.0,171.554,172.43800000000002,171.09316666666666
2008-09-03,166.84,168.68,164.0,166.96,26248117.0,170.21800000000002,172.754,170.849
2008-09-04,165.86,167.91,160.81,161.22,26578982.0,167.52800000000002,172.6055,170.442
2008-09-05,158.59,162.4,157.65,160.18,28102959.0,164.816,172.436,170.09816666666669
2008-09-08,164.57,164.89,151.45,157.92,37365411.0,162.494,171.85449999999997,169.84250000000003
2008-09-09,156.86,159.96,149.79,151.68,44465156.0,159.592,170.7605,169.49766666666665
2008-09-10,152.32,154.99,148.8,151.61,34761594.0,156.522,169.5045,169.07716666666664
2008-09-11,148.18,152.99,146.0,152.65,34683322.0,154.808,168.172,168.5975
2008-09-12,150.91,150.91,146.5,148.94,28332372.0,152.56,166.653,168.10066666666668
2008-09-15,142.03,147.69,140.36,140.36,32879787.0,149.04800000000003,164.884,167.425
2008-09-16,133.86,142.5,132.15,139.88,42851292.0,146.68800000000002,163.1085,166.83516666666668
2008-09-17,138.49,138.51,127.83,127.83,42873320.0,141.932,160.82350000000002,166.07966666666664
2008-09-18,130.57,135.43,120.68,134.09,59866187.0,138.22,158.73600000000002,165.427
2008-09-19,142.6,144.2,136.31,140.91,51134048.0,136.61399999999998,157.067,164.819
2008-09-22,139.94,140.25,130.66,131.05,30596882.0,134.752,154.78,164.19883333333334
2008-09-23,131.85,135.8,126.66,126.84,45827195.0,132.144,152.4945,163.47799999999998
2008-09-24,127.27,130.95,125.15,128.71,37405903.0,132.32,150.248,162.8325
2008-09-25,129.8,134.79,128.52,131.93,35930140.0,131.888,148.111,162.12
2008-09-26,124.91,129.8,123.0,128.24,40230348.0,129.354,145.836,161.45433333333332
2008-09-29,119.62,119.68,100.59,105.26,93644809.0,124.196,142.6225,160.37333333333333
2008-09-30,108.25,115.0,106.3,113.66,58133772.0,121.56000000000002,139.996,159.34833333333333
2008-10-01,111.92,112.36,107.39,109.12,46335451.0,117.64200000000001,137.10399999999998,158.1745
2008-10-02,108.01,108.79,100.0,100.1,57518522.0,111.276,134.048,156.93866666666665
2008-10-03,104.0,106.5,94.65,97.07,82140284.0,105.042,130.89249999999998,155.61266666666663
2008-10-06,91.96,98.78,87.54,98.14,75279639.0,103.61799999999998,127.90350000000001,154.37199999999999
2008-10-07,100.48,101.5,88.95,89.16,67205977.0,98.718,124.77749999999999,152.96
2008-10-08,85.91,96.33,85.68,89.79,78903010.0,94.852,121.6865,151.62916666666666
2008-10-09,93.35,95.8,86.6,88.74,57792499.0,92.58,118.49100000000001,150.22799999999998
2008-10-10,85.7,100.0,85.0,96.8,79296481.0,92.526,115.88400000000001,148.97783333333334
2008-10-13,104.55,110.53,101.02,110.26,55017170.0,94.95,114.37899999999999,148.06300000000002
2008-10-14,116.26,116.4,103.14,104.08,70799596.0,97.934,112.58899999999998,147.02616666666665
2008-10-15,103.84,107.0,97.89,97.95,56577695.0,99.566,111.095,145.95833333333334
2008-10-16,99.77,103.43,91.74,101.89,70732875.0,102.196,109.48500000000001,144.8855
2008-10-17,99.6,102.04,85.88,97.4,62969711.0,102.316,107.3095,143.85833333333332
2008-10-20,99.78,100.03,93.64,98.44,55327434.0,99.952,105.679,142.79700000000003
2008-10-21,96.95,97.9,91.16,91.49,78344909.0,97.434,103.9115,141.7485
2008-10-22,97.37,101.25,92.93,96.87,80314583.0,97.218,102.3195,140.74499999999998
2008-10-23,96.51,99.25,91.9,98.23,59836774.0,96.486,100.6345,139.71750000000003
2008-10-24,90.33,97.9,90.11,96.38,56787793.0,96.28200000000001,99.0415,138.67466666666667
2008-10-27,95.07,97.63,91.86,92.09,43192456.0,95.012,98.38300000000001,137.5985
2008-10-28,95.43,100.5,92.37,99.91,58418200.0,96.696,97.6955,136.70983333333334
2008-10-29,100.86,109.54,99.94,104.55,69761344.0,98.232,97.467,135.775
2008-10-30,108.23,112.19,107.61,111.04,58503130.0,100.794,98.01400000000001,134.88916666666668
2008-10-31,107.4,110.78,105.14,107.59,59291831.0,103.03599999999999,98.53999999999999,133.9561666666667
2008-11-03,105.93,109.1,104.86,106.96,37801380.0,106.00999999999999,98.98100000000001,132.913
2008-11-04,109.99,111.79,106.67,110.99,49998779.0,108.226,100.0725,131.87016666666668
2008-11-05,108.91,109.72,102.99,103.3,44915163.0,107.976,100.748,130.64633333333333
2008-11-06,101.05,102.78,98.0,99.1,47129942.0,105.58800000000001,101.26599999999999,129.30966666666666
2008-11-07,99.24,99.85,95.72,98.24,39129879.0,103.71799999999999,101.338,127.95833333333333
2008-11-10,100.17,100.4,94.5,95.88,40210214.0,101.502,100.619,126.62733333333333
2008-11-11,94.81,97.17,92.26,94.77,43749871.0,98.258,100.1535,125.28366666666668
2008-11-12,92.43,93.24,90.01,90.12,42104581.0,95.622,99.762,123.89349999999999
2008-11-13,89.87,96.44,86.02,96.44,66262918.0,95.09,99.48949999999999,122.57016666666667
2008-11-14,93.76,93.99,90.0,90.24,50188530.0,93.49,99.13149999999999,121.16933333333334
2008-11-17,88.48,90.55,87.26,88.14,41532997.0,91.942,98.6165,119.69183333333334
2008-11-18,89.64,90.99,86.86,89.91,43226932.0,90.97,98.5375,118.3145
2008-11-19,89.44,91.58,86.21,86.29,41866901.0,90.204,98.0085,116.85866666666666
2008-11-20,85.24,86.45,80.0,80.49,61312137.0,87.014,97.1215,115.289
2008-11-21,81.93,84.12,79.14,82.58,56056064.0,85.482,96.4315,113.76966666666667
2008-11-24,85.21,94.79,84.84,92.95,51524734.0,86.444,96.47449999999999,112.49333333333334
2008-11-25,94.63,94.71,88.16,90.8,44127030.0,86.622,96.019,111.23683333333334
2008-11-26,89.92,95.25,89.85,95.0,32160801.0,88.364,95.54150000000001,110.0375
2008-11-28,94.7,94.76,91.86,92.67,10757337.0,90.8,94.62299999999999,108.89500000000001
2008-12-01,91.3,92.27,88.92,88.93,33005789.0,92.07000000000001,93.69,107.7075
2008-12-02,90.03,92.65,86.5,92.47,41050587.0,91.974,92.96549999999999,106.61666666666666
2008-12-03,89.4,96.23,88.8,95.9,47864908.0,92.994,92.21099999999998,105.68699999999998
2008-12-04,94.43,95.21,89.06,91.41,38988771.0,92.276,91.6165,104.68366666666667
2008-12-05,90.35,94.49,88.86,94.0,37300120.0,92.542,91.3615,103.70616666666666
2008-12-08,97.28,100.8,95.8,99.72,42346166.0,94.7,91.4355,102.88583333333332
2008-12-09,98.04,103.6,97.21,100.06,43004198.0,96.21799999999999,91.6445,102.21416666666667
2008-12-10,97.87,99.49,96.5,98.21,33517137.0,96.67999999999999,91.81649999999999,101.51966666666667
2008-12-11,97.35,101.24,94.83,95.0,37260007.0,97.398,92.0605,100.97250000000001
2008-12-12,92.8,99.0,92.53,98.27,37243348.0,98.252,92.152,100.3755
2008-12-15,95.99,96.21,93.0,94.75,31858968.0,97.258,92.3775,99.60616666666667
2008-12-16,93.98,96.48,92.75,95.43,40159758.0,96.332,92.74199999999999,99.0125
2008-12-17,91.03,91.1,88.02,89.16,46432736.0,94.522,92.70450000000001,98.38449999999999
2008-12-18,89.31,90.83,88.44,89.43,30633639.0,93.408,92.8615,97.72983333333333
2008-12-19,89.94,90.94,88.8,90.0,29105844.0,91.75399999999999,93.337,97.03099999999999
2008-12-22,90.02,90.03,84.69,85.74,30182216.0,89.952,93.49499999999999,96.32266666666666
2008-12-23,86.87,87.87,85.9,86.38,22917026.0,88.14200000000001,93.16650000000001,96.008
2008-12-24,86.14,86.25,84.55,85.04,9694994.0,87.31800000000001,92.8785,95.53099999999999
2008-12-26,86.64,87.42,85.24,85.81,11043071.0,86.59400000000001,92.419,95.1425
2008-12-29,86.52,87.62,85.07,86.61,24567225.0,85.916,92.11600000000001,94.91766666666668
2008-12-30,87.42,88.05,84.72,86.29,34579620.0,86.026,91.98400000000001,94.738
2008-12-31,85.97,87.74,85.34,85.35,21715763.0,85.82000000000001,91.628,94.52483333333335
2009-01-02,85.88,91.04,85.16,90.75,26964210.0,86.96200000000002,91.37049999999999,94.55133333333333
2009-01-05,93.17,96.18,92.71,94.58,42458779.0,88.716,91.529,94.63116666666666
2009-01-06,95.95,97.17,92.39,93.02,46149129.0,89.998,91.47999999999999,94.7025
2009-01-07,91.81,92.5,90.26,91.01,27042958.0,90.942,91.0445,94.606
2009-01-08,90.43,93.15,90.04,92.7,24052284.0,92.412,90.6765,94.31333333333333
2009-01-09,93.21,93.38,90.14,90.58,19635107.0,92.37800000000001,90.295,94.08833333333332
2009-01-12,90.46,90.99,87.55,88.66,22075734.0,91.19399999999999,89.978,93.9335
2009-01-13,88.24,89.74,86.35,87.71,28532683.0,90.13199999999999,89.45,93.69716666666666
2009-01-14,86.24,87.25,84.72,85.33,38285202.0,88.99600000000001,88.979,93.496
2009-01-15,80.57,84.12,80.05,83.38,65829770.0,87.13199999999999,88.3765,93.24499999999999
2009-01-16,84.3,84.38,80.4,82.33,37445787.0,85.482,88.035,93.09233333333333
2009-01-20,81.93,82.0,78.2,78.2,32886821.0,83.39,87.4735,92.78116666666666
2009-01-21,79.39,82.88,79.31,82.83,39287517.0,82.41400000000002,87.115,92.5245
2009-01-22,88.04,90.0,85.82,88.36,50340261.0,83.02,87.24600000000001,92.39083333333333
2009-01-23,86.82,89.87,86.5,88.36,27277482.0,84.01599999999999,87.345,92.32866666666665
2009-01-26,88.86,90.97,88.3,89.64,24979122.0,85.478,87.575,92.1575
2009-01-27,90.19,91.55,89.74,90.73,22090209.0,87.98400000000001,87.821,91.92716666666666
2009-01-28,92.12,95.0,91.5,94.2,31385983.0,90.25800000000001,88.2005,91.6465
2009-01-29,93.09,94.34,92.6,93.0,21185715.0,91.186,88.536,91.40333333333334
2009-01-30,92.6,93.62,90.01,90.13,23279341.0,91.53999999999999,88.775,91.12283333333333
2009-02-02,89.1,92.0,88.9,91.51,19943336.0,91.91400000000002,88.813,90.79816666666666
2009-02-03,91.92,93.38,90.28,92.98,21408688.0,92.364,88.733,90.62616666666666
2009-02-04,93.22,96.25,93.1,93.55,28871894.0,92.23400000000001,88.75949999999999,90.53366666666668
2009-02-05,92.77,97.25,92.62,96.46,26764791.0,92.926,89.032,90.504
2009-02-06,97.02,100.0,97.0,99.72,24540631.0,94.84400000000001,89.38300000000001,90.568
2009-02-09,100.0,103.0,99.5,102.51,25535704.0,97.04400000000001,89.9795,90.69699999999999
2009-02-10,101.33,102.51,97.06,97.83,30332806.0,98.014,90.438,90.82549999999999
2009-02-11,96.37,98.31,95.77,96.82,24110999.0,98.66799999999999,90.8935,90.83183333333335
2009-02-12,95.83,99.75,95.83,99.27,29190809.0,99.22999999999999,91.5905,90.98233333333333
2009-02-13,98.99,99.94,98.12,99.16,21752370.0,99.118,92.3795,91.166
2009-02-17,96.87,97.04,94.28,94.53,24222626.0,97.522,92.98949999999999,91.243
2009-02-18,95.05,95.85,92.72,94.37,24448863.0,96.83,93.798,91.37766666666668
2009-02-19,93.37,94.25,90.11,90.64,32957221.0,95.59400000000001,94.1885,91.54683333333332
2009-02-20,89.4,92.4,89.0,91.2,26796442.0,93.98,94.3305,91.69049999999999
2009-02-23,91.65,92.0,86.51,86.95,28106145.0,91.538,94.26,91.5905
2009-02-24,87.44,90.89,87.0,90.25,28824737.0,90.68199999999999,94.2905,91.58133333333333
2009-02-25,89.86,92.92,89.25,91.16,29761143.0,90.03999999999999,94.312,91.51733333333333
2009-02-26,92.0,92.92,88.96,89.19,22501991.0,89.75,94.0615,91.45933333333332
2009-02-27,87.93,91.3,87.67,89.31,25240864.0,89.372,93.877,91.46566666666668
2009-03-02,88.12,91.2,87.67,87.94,27534710.0,89.57000000000001,93.7675,91.39016666666666
2009-03-03,88.93,90.74,87.88,88.37,25869274.0,89.194,93.6105,91.26466666666667
2009-03-04,90.18,92.77,89.45,91.17,26483089.0,89.196,93.52000000000001,91.26066666666665
2009-03-05,90.46,91.87,88.45,88.84,25246234.0,89.126,93.28450000000001,91.17466666666665
2009-03-06,88.34,88.4,82.33,85.3,36112366.0,88.324,92.7265,90.93433333333334
2009-03-09,84.18,87.6,82.57,83.11,24945622.0,87.35799999999999,91.896,90.65183333333333
2009-03-10,84.87,89.17,84.36,88.62,30160893.0,87.40799999999999,91.2015,90.49199999999999
2009-03-11,89.81,94.07,89.58,92.68,30242322.0,87.71000000000001,90.944,90.45333333333333
2009-03-12,92.9,96.58,92.0,96.35,27457620.0,89.212,90.92049999999999,90.42133333333335
2009-03-13,96.3,97.2,95.01,95.93,21474296.0,91.338,90.7535,90.441
2009-03-16,96.53,97.39,94.18,95.42,28483820.0,93.80000000000001,90.5665,90.44083333333333
2009-03-17,95.24,99.69,95.07,99.66,28143586.0,96.008,90.82300000000001,90.61583333333333
2009-03-18,99.91,103.48,99.72,101.52,28435765.0,97.776,91.1805,90.81733333333334
2009-03-19,101.85,103.2,100.25,101.62,17868495.0,98.83,91.7295,91.011
2009-03-20,102.09,103.11,100.57,101.59,24846589.0,99.962,92.249,91.27516666666666
2009-03-23,102.71,108.16,101.75,107.66,23805871.0,102.41,93.28450000000001,91.62983333333334
2009-03-24,106.36,109.44,105.38,106.5,22979535.0,103.77799999999999,94.09700000000001,91.9875
2009-03-25,107.58,108.36,103.86,106.49,23094698.0,104.772,94.8635,92.33216666666665
2009-03-26,107.83,109.98,107.58,109.87,22008968.0,106.422,95.89750000000001,92.71983333333333
2009-03-27,108.23,108.53,106.4,106.85,17608669.0,107.474,96.7745,93.0625
2009-03-30,104.51,105.01,102.61,104.49,17959335.0,106.84,97.602,93.38149999999999
2009-03-31,105.45,107.45,105.0,105.12,20359987.0,106.56400000000001,98.4395,93.621
2009-04-01,104.09,109.0,103.89,108.69,21056938.0,107.00399999999999,99.3155,93.85616666666667
2009-04-02,110.14,114.75,109.78,112.71,29013066.0,107.572,100.509,94.18433333333334
2009-04-03,114.19,116.13,113.52,115.99,22726609.0,109.4,102.04350000000001,94.60066666666667
2009-04-06,114.94,118.75,113.28,118.45,23502232.0,112.19199999999998,103.8105,95.02983333333333
2009-04-07,116.53,116.67,114.19,115.0,19170924.0,114.16799999999998,105.12950000000001,95.43683333333334
2009-04-08,115.43,116.79,114.58,116.32,16272481.0,115.694,106.3115,95.89783333333335
2009-04-09,118.42,120.0,117.96,119.57,18962010.0,117.06599999999999,107.4725,96.42883333333334
2009-04-13,120.01,120.98,119.0,120.22,13909579.0,117.91199999999999,108.68699999999998,97.01033333333335
2009-04-14,119.57,120.17,117.25,118.31,16241275.0,117.88399999999999,109.8315,97.5925
2009-04-15,117.2,118.25,115.76,117.64,14750970.0,118.41199999999999,110.73049999999998,98.18100000000001
2009-04-16,119.19,123.15,118.79,121.45,21199366.0,119.43799999999999,111.727,98.90183333333333
2009-04-17,121.18,124.25,120.25,123.42,17774382.0,120.208,112.81700000000001,99.57833333333333
2009-04-20,121.73,122.99,119.16,120.5,16666217.0,120.26400000000001,113.7625,100.114
2009-04-21,118.89,122.14,118.6,121.76,16810144.0,120.954,114.4675,100.67066666666668
2009-04-22,122.63,125.35,121.2,121.51,33527396.0,121.72800000000002,115.218,101.20183333333333
2009-04-23,126.62,127.2,123.51,125.4,33755599.0,122.518,116.1635,101.77966666666666
2009-04-24,124.64,125.14,122.97,123.9,19319523.0,122.614,116.86499999999998,102.27466666666666
2009-04-27,122.9,125.0,122.66,124.73,17171919.0,123.46000000000001,117.75899999999999,102.8035
2009-04-28,123.35,126.21,123.26,123.9,16280594.0,123.888,118.7295,103.36633333333333
2009-04-29,124.85,126.85,123.83,125.14,16366365.0,124.614,119.73049999999998,103.92683333333335
2009-04-30,126.22,127.0,124.92,125.83,17803154.0,124.7,120.5875,104.47433333333333
2009-05-01,125.8,127.95,125.8,127.24,14199605.0,125.36800000000001,121.31400000000001,105.03583333333333
2009-05-04,128.24,132.25,127.68,132.07,21770742.0,126.83599999999998,122.11800000000001,105.62933333333332
2009-05-05,131.75,132.86,131.12,132.71,14228616.0,128.598,122.83099999999999,106.17916666666666
2009-05-06,133.33,133.5,130.22,132.5,16915788.0,130.07,123.70599999999999,106.679
2009-05-07,132.33,132.39,127.9,129.06,18996275.0,130.71599999999998,124.343,107.1995
2009-05-08,129.04,131.23,126.26,129.19,16715152.0,131.106,124.82400000000003,107.73899999999999
2009-05-11,127.37,130.96,127.12,129.57,14452181.0,130.606,125.2915,108.244
2009-05-12,129.56,129.71,123.25,124.42,21757209.0,128.948,125.59700000000001,108.665
2009-05-13,123.21,124.02,119.38,119.49,21268988.0,126.346,125.6895,109.081
2009-05-14,119.78,123.53,119.7,122.95,15994155.0,125.124,125.7645,109.55733333333333
2009-05-15,122.32,124.62,121.61,122.42,13125520.0,123.77000000000001,125.7145,110.087
2009-05-18,123.73,126.7,121.57,126.65,16394068.0,123.186,126.02199999999998,110.67783333333334
2009-05-19,126.82,129.31,125.74,127.45,13290807.0,123.792,126.3065,111.35283333333334
2009-05-20,127.63,129.21,125.3,125.87,13884031.0,125.06800000000001,126.52449999999999,111.9465
2009-05-21,125.15,126.78,122.89,124.18,14574744.0,125.31400000000001,126.46350000000002,112.49683333333333
2009-05-22,124.05,124.18,121.75,122.5,10645315.0,125.33000000000001,126.39350000000002,113.05199999999999
2009-05-26,124.76,130.83,124.55,130.78,22727040.0,126.15599999999999,126.696,113.74316666666667
2009-05-27,131.78,134.98,130.91,133.05,23104100.0,127.27600000000002,127.15350000000001,114.49500000000002
2009-05-28,133.45,135.39,132.03,135.07,17409624.0,129.116,127.65,115.27333333333334
2009-05-29,135.39,135.9,133.85,135.81,16309086.0,131.442,128.14900000000003,116.01733333333333
2009-06-01,136.47,139.99,136.0,139.35,16165868.0,134.81199999999998,128.7545,116.85916666666667
2009-06-02,138.99,141.34,138.35,139.49,16289927.0,136.554,129.1255,117.76233333333333
2009-06-03,140.0,141.11,139.07,140.95,20184645.0,138.13400000000001,129.53750000000002,118.72633333333333
2009-06-04,140.13,144.18,140.04,143.74,19561246.0,139.868,130.09949999999998,119.64500000000001
2009-06-05,145.31,146.4,143.21,144.67,22596982.0,141.64,130.88,120.51150000000001
2009-06-08,143.82,144.23,139.43,143.85,33270765.0,142.54000000000002,131.613,121.30316666666666
2009-06-09,143.81,144.56,140.55,142.72,24169551.0,143.186,132.2705,122.08300000000001
2009-06-10,142.28,142.35,138.3,140.25,24599561.0,143.046,133.06199999999998,122.83016666666667
2009-06-11,139.55,141.56,138.55,139.95,18738620.0,142.28799999999998,134.085,123.50166666666668
2009-06-12,138.81,139.1,136.04,136.97,20110176.0,140.748,134.786,124.0925
2009-06-15,136.01,136.93,134.89,136.09,19280038.0,139.196,135.46949999999998,124.667
2009-06-16,136.66,138.47,136.1,136.35,18385691.0,137.92199999999997,135.9545,125.24633333333333
2009-06-17,136.67,137.45,134.53,135.58,20404246.0,136.988,136.361,125.71166666666666
2009-06-18,136.11,138.0,135.59,135.88,15268069.0,136.174,136.8615,126.20133333333334
2009-06-19,138.07,139.5,136.9,139.48,25780518.0,136.676,137.6265,126.75116666666668
2009-06-22,140.67,141.56,136.33,137.37,22659036.0,136.932,138.36999999999998,127.2095
2009-06-23,136.4,136.95,132.88,134.01,25226770.0,136.464,138.5315,127.66216666666668
2009-06-24,135.42,137.5,134.86,136.22,17338233.0,136.592,138.69,128.191
2009-06-25,135.75,140.2,135.21,139.86,21059298.0,137.388,138.92950000000002,128.77
2009-06-26,139.79,143.56,139.74,142.44,15695426.0,137.98,139.261,129.3325
2009-06-29,143.46,143.95,141.54,141.97,20273057.0,138.9,139.392,129.82016666666667
2009-06-30,142.58,143.8,141.8,142.43,15508920.0,140.584,139.53900000000002,130.26083333333332
2009-07-01,143.5,144.66,142.52,142.83,14794889.0,141.906,139.63299999999998,130.66716666666667
2009-07-02,141.25,142.83,139.79,140.02,13236264.0,141.93800000000002,139.447,131.08416666666668
2009-07-06,138.7,138.99,136.25,138.61,17803745.0,141.172,139.144,131.45566666666664
2009-07-07,138.48,139.68,135.18,135.4,16488859.0,139.858,138.72150000000002,131.7195
2009-07-08,135.92,138.04,134.42,137.22,20568564.0,138.816,138.4465,132.00283333333334
2009-07-09,137.76,137.99,135.93,136.36,12254847.0,137.522,138.252,132.30366666666666
2009-07-10,136.34,138.97,136.32,138.52,15901347.0,137.22200000000004,138.1805,132.65166666666667
2009-07-13,139.54,142.34,137.53,142.34,17276082.0,137.96800000000002,138.449,132.99983333333333
2009-07-14,142.03,143.18,141.16,142.27,12408693.0,139.342,138.75799999999998,133.314
2009-07-15,145.04,147.0,144.32,146.88,17337629.0,141.27400000000003,139.2845,133.75366666666667
2009-07-16,145.76,148.02,145.57,147.52,14055385.0,143.50600000000003,139.88150000000002,134.183
2009-07-17,149.08,152.02,148.63,151.75,21490313.0,146.152,140.675,134.687
2009-07-20,153.27,155.03,150.89,152.91,26238227.0,148.26600000000002,141.34650000000002,135.1455
2009-07-21,153.29,153.43,149.75,151.51,31216353.0,150.11399999999998,142.0535,135.60566666666668
2009-07-22,157.79,158.73,156.11,156.74,31213703.0,152.086,143.19,136.13916666666665
2009-07-23,156.63,158.44,155.56,157.82,18817444.0,154.14600000000002,144.27,136.7045
2009-07-24,156.95,160.0,156.5,159.98,15653102.0,155.79199999999997,145.276,137.28516666666667
2009-07-27,160.17,160.88,157.26,160.1,15475101.0,157.23,146.159,137.8563333333333
2009-07-28,158.88,160.1,157.6,160.0,12982446.0,158.928,147.0605,138.40233333333333
2009-07-29,158.9,160.45,158.25,160.03,13656318.0,159.58599999999998,147.9405,138.86833333333334
2009-07-30,161.7,164.72,161.5,162.79,16768270.0,160.57999999999998,148.9385,139.36966666666666
2009-07-31,162.99,165.0,162.91,163.39,15096136.0,161.262,150.107,139.8845
2009-08-03,165.21,166.64,164.87,166.43,14075832.0,162.528,151.498,140.50733333333335
2009-08-04,164.93,165.57,164.21,165.55,14086212.0,163.638,153.0055,141.11333333333332
2009-08-05,165.75,167.39,164.21,165.11,14743654.0,164.654,154.4,141.70566666666667
2009-08-06,165.58,166.51,163.09,163.91,12176266.0,164.87800000000001,155.77749999999997,142.36383333333333
2009-08-07,165.49,166.6,164.8,165.51,13813876.0,165.302,157.127,143.13083333333333
2009-08-10,165.66,166.6,163.66,164.72,10712965.0,164.95999999999998,158.246,143.82699999999997
2009-08-11,163.69,164.38,161.88,162.83,12673536.0,164.416,159.27399999999997,144.50050000000002
2009-08-12,162.55,166.71,162.46,165.31,15845009.0,164.45600000000002,160.1955,145.1448333333333
2009-08-13,166.65,168.67,166.5,168.42,15687899.0,165.358,161.2405,145.82766666666666
2009-08-14,167.94,168.23,165.53,166.78,10905474.0,165.612,161.99200000000002,146.5095
2009-08-17,163.55,163.59,159.42,159.59,18638915.0,164.58599999999998,162.326,147.09966666666665
2009-08-18,161.63,164.24,161.41,164.0,15138421.0,164.82,162.9505,147.7913333333333
2009-08-19,162.75,165.3,162.45,164.6,14706802.0,164.678,163.3435,148.35500000000002
2009-08-20,164.98,166.72,164.61,166.33,12194282.0,164.26,163.769,148.90966666666665
2009-08-21,167.65,169.37,166.8,169.22,14803147.0,164.748,164.231,149.4788333333333
2009-08-24,170.12,170.71,168.27,169.06,14497546.0,166.642,164.67900000000003,150.033
2009-08-25,169.46,170.94,169.13,169.4,11535594.0,167.722,165.149,150.53383333333335
2009-08-26,168.92,169.55,166.76,167.41,10817683.0,168.284,165.518,150.99916666666667
2009-08-27,168.75,169.57,164.83,169.45,15971201.0,168.908,165.851,151.47416666666666
2009-08-28,172.27,172.49,168.53,170.05,16177947.0,169.074,166.18400000000003,151.91266666666667
2009-08-31,168.16,168.85,166.5,168.21,11090367.0,168.904,166.273,152.30499999999998
2009-09-01,167.99,170.0,164.94,165.3,16714537.0,168.084,166.2605,152.6625
2009-09-02,164.62,167.61,164.11,165.18,12995417.0,167.638,166.264,153.0368333333333
2009-09-03,166.44,167.1,165.0,166.55,10485845.0,167.058,166.39600000000002,153.47516666666667
2009-09-04,167.27,170.7,167.09,170.31,13379522.0,167.11,166.636,153.98116666666664
2009-09-07,167.28,170.7,167.09,170.31,13379522.0,167.53000000000003,166.9155,154.5368333333333
2009-09-08,172.98,173.14,172.0,172.93,11212247.0,169.056,167.4205,155.1508333333333
2009-09-09,172.78,174.47,169.7,171.14,28922118.0,170.248,167.712,155.73066666666668
2009-09-10,172.06,173.25,170.81,172.56,17512842.0,171.45,167.919,156.347
2009-09-11,172.91,173.18,170.87,172.16,12440163.0,171.82,168.18800000000002,156.95166666666668
2009-09-14,170.83,173.9,170.25,173.72,11468073.0,172.502,168.8945,157.52233333333334
2009-09-15,174.04,175.65,173.59,175.16,14791179.0,172.948,169.4525,158.15216666666666
2009-09-16,177.99,182.75,177.88,181.87,26486534.0,175.094,170.316,158.94983333333332
2009-09-17,181.98,186.79,181.97,184.55,28945041.0,177.49200000000002,171.227,159.75533333333334
2009-09-18,185.83,186.55,184.76,185.02,21428926.0,180.064,172.017,160.50799999999998
2009-09-21,184.29,185.16,181.62,184.02,15615327.0,182.124,172.765,161.201
2009-09-22,185.19,185.38,182.85,184.48,12326115.0,183.988,173.519,161.9095
2009-09-23,185.4,188.9,185.03,185.5,21117031.0,184.714,174.4235,162.62733333333333
2009-09-24,187.2,187.7,182.77,183.82,19665619.0,184.568,175.142,163.3105
2009-09-25,182.01,185.5,181.44,182.37,15889632.0,184.03799999999998,175.75799999999998,164.01633333333334
2009-09-28,183.87,186.68,183.33,186.15,12022252.0,184.464,176.655,164.80866666666668
2009-09-29,186.73,187.4,184.31,185.38,12073165.0,184.64399999999998,177.65900000000002,165.64166666666668
2009-09-30,186.13,186.45,182.61,185.35,19224259.0,184.614,178.6675,166.44383333333332
2009-10-01,185.35,186.22,180.7,180.86,18623859.0,184.022,179.383,167.18550000000002
2009-10-02,181.41,185.94,181.35,184.9,19733997.0,184.528,180.1125,167.95850000000002
2009-10-05,186.2,186.86,184.27,186.02,14993553.0,184.502,180.898,168.6865
2009-10-06,187.74,190.01,187.3,190.01,21555413.0,185.42800000000003,181.752,169.48216666666667
2009-10-07,189.76,190.55,189.03,190.25,16569591.0,186.408,182.7075,170.205
2009-10-08,190.66,191.45,188.89,189.27,15611727.0,188.09,183.543,170.90083333333334
2009-10-09,188.97,190.7,188.62,190.47,10455953.0,189.204,184.45850000000002,171.54616666666666
2009-10-12,191.02,191.51,189.64,190.81,10277893.0,190.162,185.31300000000002,172.17783333333333
2009-10-13,190.63,191.17,189.7,190.02,12288749.0,190.164,186.056,172.81966666666668
2009-10-14,192.25,192.32,190.23,191.29,13389808.0,190.37199999999999,186.527,173.3955
2009-10-15,189.63,190.92,189.53,190.56,13235766.0,190.63,186.82750000000001,173.94116666666667
2009-10-16,189.35,190.36,187.84,188.05,15272590.0,190.14600000000002,186.97899999999998,174.409
2009-10-19,187.85,190.0,185.55,189.86,29067314.0,189.956,187.27100000000002,174.90500000000003
2009-10-20,200.57,201.75,197.85,198.76,40422307.0,191.704,187.985,175.55100000000002
2009-10-21,199.52,208.71,199.23,204.92,42504633.0,194.43,188.95600000000002,176.29916666666668
2009-10-22,204.7,207.85,202.51,205.2,28194635.0,197.358,190.025,177.00599999999997
2009-10-23,205.7,205.8,203.23,203.94,14995366.0,200.536,191.1035,177.68183333333334
2009-10-26,203.67,206.75,200.1,202.48,17186371.0,203.06,191.92000000000002,178.28266666666664
2009-10-27,201.66,202.81,196.45,197.37,26912966.0,202.78199999999998,192.5195,178.81300000000002
2009-10-28,197.71,198.02,191.1,192.4,29111359.0,200.278,192.872,179.26783333333333
2009-10-29,195.0,196.81,192.14,196.35,20309245.0,198.50799999999998,193.6465,179.8085
2009-10-30,196.06,196.8,186.07,188.5,25501871.0,195.42,193.8265,180.19166666666666
2009-11-02,189.8,192.88,185.57,189.25,23184989.0,192.77399999999997,193.988,180.6005
2009-11-03,187.85,189.52,185.92,188.6,17344394.0,191.02,193.9175,181.03000000000003
2009-11-04,190.73,193.85,190.23,191.07,16039007.0,190.754,193.95850000000002,181.45933333333335
2009-11-05,192.4,195.0,191.82,193.44,12268079.0,190.172,194.167,181.87633333333332
2009-11-06,192.51,195.19,192.4,194.05,9732086.0,191.28199999999998,194.34599999999998,182.33083333333335
2009-11-09,196.94,201.22,196.26,200.82,16931806.0,193.596,194.8465,183.018
2009-11-10,201.02,204.98,201.01,202.45,13253783.0,196.366,195.468,183.65883333333335
2009-11-11,204.56,205.0,201.83,203.21,14981910.0,198.794,196.064,184.30233333333334
2009-11-12,203.14,204.87,201.43,201.71,11361095.0,200.448,196.6215,184.892
2009-11-13,202.87,204.83,202.07,204.33,10991352.0,202.504,197.4355,185.47716666666668
2009-11-16,205.48,208.0,205.01,206.34,15121476.0,203.608,198.2595,186.09850000000003
2009-11-17,206.08,207.44,205.0,206.16,12705298.0,204.35,198.62949999999998,186.71116666666666
2009-11-18,206.54,207.0,204.0,205.39,12111850.0,204.786,198.653,187.34416666666667
2009-11-19,204.61,204.61,199.8,201.02,17639725.0,204.648,198.44400000000002,187.87033333333335
2009-11-20,199.15,200.39,197.76,199.96,12970850.0,203.774,198.245,188.36883333333333
2009-11-23,203.0,205.44,202.95,204.88,15057401.0,203.482,198.36499999999998,188.98000000000002
2009-11-24,205.33,205.88,202.9,204.39,10121553.0,203.128,198.716,189.6315
2009-11-25,205.4,205.65,203.83,204.08,9177958.0,202.866,199.3,190.27983333333336
2009-11-27,199.22,202.96,198.37,200.59,10540899.0,202.78000000000003,199.512,190.84716666666665
2009-11-30,201.11,201.68,198.77,200.44,13338072.0,202.876,200.10899999999998,191.34933333333336
2009-12-01,202.24,202.77,199.54,199.84,12395372.0,201.868,200.6385,191.84150000000002
2009-12-02,198.96,201.42,195.75,196.49,22393211.0,200.288,201.03300000000002,192.23416666666668
2009-12-03,197.42,198.98,196.27,197.21,14290900.0,198.914,201.34,192.66866666666664
2009-12-04,199.7,199.88,190.28,193.5,27970512.0,197.496,201.343,193.01766666666666
2009-12-07,193.32,193.77,188.68,189.13,23456956.0,195.234,201.097,193.3005
2009-12-08,189.36,192.35,188.7,190.02,23164530.0,193.27,200.557,193.57216666666667
2009-12-09,191.28,197.16,190.31,197.13,21274853.0,193.398,200.291,193.93833333333336
2009-12-10,199.5,199.7,196.12,196.47,16073135.0,193.25,199.954,194.18166666666667
2009-12-11,197.78,198.0,193.5,194.62,13653220.0,193.474,199.5995,194.3495
2009-12-14,195.37,197.43,192.56,196.67,15167115.0,194.98200000000003,199.21650000000002,194.54366666666667
2009-12-15,195.83,197.51,193.27,193.58,13619905.0,195.69400000000002,198.57850000000002,194.703
2009-12-16,195.1,196.5,194.55,194.85,10939589.0,195.238,198.013,194.87583333333336
2009-12-17,194.26,195.0,191.9,192.33,11963217.0,194.41000000000003,197.35999999999999,194.9896666666667
2009-12-18,193.17,195.13,192.6,195.03,18178063.0,194.49200000000002,197.0605,195.1765
2009-12-21,196.05,199.75,195.67,198.18,20839514.0,194.794,196.9715,195.44
2009-12-22,199.44,200.85,198.66,200.07,11285607.0,196.092,196.73100000000002,195.672
2009-12-23,201.25,202.38,200.81,202.09,11480733.0,197.54000000000002,196.61599999999999,195.9505
2009-12-24,203.55,209.35,203.35,209.04,17884651.0,200.882,196.86399999999998,196.34533333333334
2009-12-28,211.72,213.95,209.61,211.35,21405091.0,204.14600000000002,197.402,196.8535
2009-12-29,212.63,212.72,208.81,209.06,14643342.0,206.32199999999997,197.83300000000003,197.25616666666667
2009-12-30,208.83,211.79,208.31,211.51,13233402.0,208.60999999999999,198.41649999999998,197.681
2009-12-31,213.13,213.35,210.56,210.8,10726954.0,210.352,199.132,198.0275
2010-01-04,213.43,214.5,212.38,214.21,16137968.0,211.38600000000002,199.98200000000003,198.42683333333335
2010-01-05,214.6,215.59,213.25,214.19,20494531.0,211.954,201.0165,198.84216666666666
2010-01-06,214.38,215.23,211.05,211.22,17732950.0,212.38600000000002,202.121,199.18800000000002
2010-01-07,211.75,212.0,209.05,210.03,15649371.0,212.09,203.12150000000003,199.50833333333333
2010-01-08,210.3,211.79,209.06,211.62,14369803.0,212.254,203.846,199.86833333333334
2010-01-11,212.8,213.0,208.45,210.27,15225556.0,211.46599999999998,204.536,200.1846666666667
2010-01-12,209.19,209.77,206.42,206.88,19590155.0,210.004,205.14899999999997,200.45666666666665
2010-01-13,207.87,210.93,204.1,210.68,20042347.0,209.89600000000002,205.84949999999998,200.83383333333333
2010-01-14,210.11,210.46,209.02,209.65,14210536.0,209.82000000000002,206.65299999999996,201.16366666666667
2010-01-15,210.93,211.6,206.14,206.24,18764539.0,208.744,207.2225,201.28833333333333
2010-01-19,208.33,215.08,207.24,214.87,23823993.0,209.66400000000004,208.34949999999998,201.45416666666668
2010-01-20,214.91,215.55,209.5,211.51,20420762.0,210.59,209.17350000000002,201.55933333333334
2010-01-21,212.08,213.31,207.21,208.43,19302617.0,210.14000000000001,209.686,201.63416666666666
2010-01-22,206.78,207.5,197.26,197.48,27632123.0,207.706,209.5565,201.55083333333334
2010-01-25,202.51,204.7,200.19,203.75,30110141.0,207.208,209.6395,201.65716666666668
2010-01-26,205.95,213.71,202.58,205.58,63398681.0,205.35,209.4665,201.87683333333334
2010-01-27,206.85,210.58,199.53,207.99,58476580.0,204.64600000000002,209.29850000000002,202.07083333333333
2010-01-28,204.93,205.5,198.7,200.05,38940301.0,202.97,208.848,202.26333333333332
2010-01-29,201.08,202.2,190.25,192.77,41446941.0,202.02800000000002,207.911,202.322
2010-02-01,192.37,196.0,191.3,194.46,25007904.0,200.17000000000002,207.094,202.41966666666667
2010-02-02,195.91,196.32,193.38,195.86,24933416.0,198.22600000000003,206.17649999999998,202.49949999999998
2010-02-03,195.17,200.2,194.42,199.23,21960068.0,196.47400000000002,205.42849999999999,202.596
2010-02-04,196.73,198.37,191.57,192.05,27038037.0,194.874,204.47,202.56266666666667
2010-02-05,192.62,196.0,190.85,195.46,30351714.0,195.412,203.7415,202.47333333333333
2010-02-08,195.69,197.88,194.0,194.12,17038514.0,195.344,202.8665,202.3345
2010-02-09,196.42,197.5,194.75,196.19,22598287.0,195.41,202.1625,202.21750000000003
2010-02-10,195.89,196.6,194.26,195.12,13182384.0,194.588,201.5745,202.10766666666666
2010-02-11,194.88,199.75,194.06,198.67,19497034.0,195.91199999999998,200.974,202.01333333333332
2010-02-12,198.11,201.64,195.5,200.38,22973301.0,196.89600000000002,200.5105,201.91400000000002
2010-02-16,201.94,203.69,201.52,203.4,19364754.0,198.752,200.3685,201.868
2010-02-17,204.19,204.31,200.86,202.55,15524086.0,200.024,199.7525,201.82066666666665
2010-02-18,201.63,203.89,200.92,202.93,14996822.0,201.586,199.32350000000002,201.8525
2010-02-19,201.86,203.2,201.11,201.67,14825016.0,202.18599999999998,198.9855,201.881
2010-02-22,202.34,202.5,199.19,200.42,13940237.0,202.194,199.1325,201.80666666666667
2010-02-23,200.0,201.33,195.71,197.06,20528061.0,200.926,198.798,201.68449999999999
2010-02-24,198.23,201.44,197.84,200.66,16428643.0,200.548,198.552,201.6275
2010-02-25,197.38,202.86,196.89,202.0,23733065.0,200.362,198.2525,201.65099999999998
2010-02-26,202.38,205.17,202.0,204.62,18078289.0,200.952,198.481,201.72066666666666
2010-03-01,205.75,209.5,205.45,208.99,19606818.0,202.666,199.292,201.87316666666666
2010-03-02,209.93,210.83,207.74,208.85,20208319.0,205.02399999999997,200.0115,202.07916666666668
2010-03-03,208.94,209.87,207.94,209.33,13258018.0,206.75799999999998,200.685,202.28116666666668
2010-03-04,209.28,210.92,208.63,210.71,12792635.0,208.5,201.25900000000001,202.568
2010-03-05,214.94,219.7,214.63,218.95,32066941.0,211.36599999999999,202.60399999999998,203.065
2010-03-08,220.01,220.09,218.25,219.08,15327179.0,213.38400000000001,203.785,203.54933333333335
2010-03-09,218.31,225.0,217.89,223.02,32837405.0,216.218,205.23000000000002,203.98083333333335
2010-03-10,223.83,225.48,223.2,224.84,21265741.0,219.32000000000002,206.6625,204.4536666666667
2010-03-11,223.91,225.5,223.32,225.5,14441396.0,222.27800000000002,208.1815,204.96833333333333
2010-03-12,227.37,227.73,225.75,226.6,14825808.0,223.808,209.57800000000003,205.46716666666666
2010-03-15,225.38,225.5,220.25,223.84,17575582.0,224.76000000000005,210.75100000000003,205.9715
2010-03-16,224.18,224.98,222.51,224.45,15944477.0,225.046,211.80349999999999,206.46483333333333
2010-03-17,224.9,226.45,223.27,224.12,16076915.0,224.902,212.882,206.99466666666666
2010-03-18,224.1,225.0,222.61,224.65,12169801.0,224.73200000000003,213.968,207.48833333333334
2010-03-19,224.79,225.24,221.23,222.25,19955124.0,223.862,214.99699999999999,207.88950000000003
2010-03-22,220.47,226.0,220.15,224.75,16263453.0,224.044,216.21349999999998,208.30083333333334
2010-03-23,225.64,228.78,224.1,228.36,21487200.0,224.82599999999996,217.77850000000004,208.73866666666666
2010-03-24,227.64,230.2,227.51,229.37,21348547.0,225.87600000000003,219.21400000000003,209.0775
2010-03-25,230.92,230.97,226.25,226.65,19360045.0,226.276,220.44650000000001,209.3325
2010-03-26,228.95,231.95,228.55,230.9,22858329.0,228.006,221.7605,209.6965
2010-03-29,233.0,233.87,231.62,232.39,18907825.0,229.53400000000002,222.9305,210.0445
2010-03-30,236.6,237.48,234.25,235.84,18762297.0,231.03000000000003,224.28000000000003,210.46183333333335
2010-03-31,235.49,236.61,234.46,235.0,15352691.0,232.156,225.56350000000003,210.80833333333334
2010-04-01,237.49,238.73,232.75,235.97,21514577.0,234.01999999999998,226.82650000000004,211.17133333333334
2010-04-05,234.97,238.51,234.77,238.49,24345651.0,235.538,227.80349999999999,211.62583333333333
2010-04-06,238.2,240.24,237.0,239.54,15924750.0,236.96800000000002,228.82649999999998,212.11766666666668
2010-04-07,239.72,241.92,238.66,240.6,22419797.0,237.92,229.70550000000003,212.60066666666665
2010-04-08,240.44,241.54,238.04,239.95,20448486.0,238.91,230.461,213.09533333333331
2010-04-09,241.43,241.89,240.46,241.79,11922310.0,240.07399999999998,231.27550000000002,213.6771666666667
2010-04-12,242.2,243.07,241.81,242.29,11892931.0,240.83399999999997,232.06,214.204
2010-04-13,241.86,242.8,241.11,242.43,10890658.0,241.41199999999998,232.9895,214.75033333333334
2010-04-14,245.28,245.81,244.07,245.69,14411290.0,242.42999999999998,234.05149999999998,215.40783333333334
2010-04-15,245.78,249.03,245.51,248.92,13452315.0,244.224,235.29149999999998,215.97533333333334
2010-04-16,248.57,251.14,244.55,247.4,26803796.0,245.346,236.429,216.5735
2010-04-19,247.03,247.89,241.77,247.07,20241493.0,246.302,237.67000000000002,217.21750000000003
2010-04-20,248.54,249.25,242.96,244.59,26297345.0,246.734,238.66199999999998,218.00266666666667
2010-04-21,258.79,260.25,255.73,259.22,35082638.0,249.44,240.20499999999998,218.92716666666666
2010-04-22,258.24,266.75,256.2,266.47,28328795.0,252.95,242.06,219.942
2010-04-23,267.99,272.18,267.0,270.83,28457569.0,257.636,244.269,220.98933333333335
2010-04-26,271.88,272.46,268.19,269.5,17107636.0,262.122,246.19899999999998,222.14683333333335
2010-04-27,267.27,267.84,260.52,262.04,25330299.0,265.61199999999997,247.6815,223.30133333333333
2010-04-28,263.25,264.0,256.41,261.6,27077046.0,266.088,248.9695,224.42033333333333
2010-04-29,263.02,270.0,262.01,268.64,19952965.0,266.522,250.6515,225.63333333333333
2010-04-30,269.31,270.57,261.0,261.09,19373668.0,264.57399999999996,251.90749999999997,226.66433333333333
2010-05-03,263.84,267.88,262.88,266.35,16224205.0,263.944,253.3005,227.90266666666668
2010-05-04,262.89,263.29,256.75,258.68,25840419.0,263.27200000000005,254.2575,228.95633333333336
2010-05-05,253.03,258.14,248.73,255.99,31523334.0,262.15,255.027,229.9875
2010-05-06,253.83,258.25,199.25,246.25,45901563.0,257.672,255.342,230.82183333333333
2010-05-07,243.71,246.57,225.21,235.86,59857756.0,252.62599999999998,255.0455,231.50083333333336
2010-05-10,250.24,254.65,248.53,253.99,35139516.0,250.154,255.63049999999998,232.42283333333336
2010-05-11,251.84,259.89,250.5,256.52,30363502.0,249.72199999999998,256.335,233.35849999999996
2010-05-12,259.25,263.13,258.7,262.09,23366926.0,250.942,257.15500000000003,234.33666666666664
2010-05-13,263.22,265.0,256.4,258.36,21402707.0,253.36399999999998,257.627,235.26683333333332
2010-05-14,255.16,256.48,249.5,253.82,27120051.0,256.956,257.948,236.11499999999998
2010-05-17,254.7,256.18,247.71,254.22,27238638.0,257.002,258.3055,236.99083333333334
2010-05-18,256.98,258.55,250.26,252.36,27931617.0,256.17,258.694,237.85649999999998
2010-05-19,249.5,252.92,244.85,248.34,36627466.0,253.42,258.15,238.71116666666666
2010-05-20,241.88,243.85,236.21,237.76,45799626.0,249.3,256.7145,239.3295
2010-05-21,232.82,244.5,231.35,242.32,43710965.0,247.0,255.289,240.0015
2010-05-24,247.28,250.9,246.26,246.76,26929259.0,245.50799999999998,254.152,240.70383333333334
2010-05-25,239.35,246.76,237.16,245.22,37417361.0,244.08,253.311,241.30766666666665
2010-05-26,250.08,252.13,243.75,244.11,30364211.0,243.234,252.43649999999997,241.89533333333333
2010-05-27,250.6,253.89,249.11,253.35,23783290.0,246.352,251.67200000000003,242.629
2010-05-28,259.39,259.4,253.35,256.88,29129031.0,249.26400000000004,251.46150000000003,243.39849999999998
2010-06-01,259.69,265.94,258.96,260.83,31286065.0,252.07800000000003,251.1855,244.0965
2010-06-02,264.54,264.8,260.33,263.95,24571856.0,255.82399999999998,251.449,244.84433333333334
2010-06-03,265.18,265.55,260.41,263.12,23215662.0,259.626,251.8055,245.51266666666666
2010-06-04,258.21,261.9,254.63,255.97,27087206.0,260.15,252.29149999999998,246.0315
2010-06-07,258.29,259.15,250.55,250.94,31669899.0,258.962,253.0455,246.4555
2010-06-08,253.24,253.8,245.65,249.33,35730676.0,256.662,252.8125,246.83433333333335
2010-06-09,251.47,251.9,242.49,243.2,30497516.0,252.512,252.1465,247.157
2010-06-10,244.84,250.98,242.2,250.51,27715417.0,249.99,251.56749999999997,247.59133333333332
2010-06-11,248.22,253.86,247.37,253.51,19491412.0,249.498,251.325,248.0811666666667
2010-06-14,255.96,259.15,254.01,254.28,21528502.0,250.166,251.348,248.575
2010-06-15,255.64,259.85,255.5,259.69,20875569.0,252.238,251.62150000000003,249.19899999999998
2010-06-16,261.1,267.75,260.63,267.25,27981801.0,257.04799999999994,252.36600000000004,249.9073333333333
2010-06-17,270.6,272.9,269.5,271.87,31185911.0,261.32,253.54250000000002,250.63250000000002
2010-06-18,272.25,275.0,271.42,274.07,28022135.0,265.43199999999996,255.358,251.3775
2010-06-21,277.69,279.01,268.73,270.17,27727130.0,268.61,256.7505,252.10283333333334
2010-06-22,272.16,275.97,271.5,273.85,25605297.0,271.442,258.105,252.81866666666667
2010-06-23,274.58,274.66,267.9,270.97,27440564.0,272.18600000000004,259.39250000000004,253.46166666666664
2010-06-24,271.0,273.19,268.1,269.0,25525981.0,271.61199999999997,260.637,254.01433333333333
2010-06-25,270.06,270.27,265.81,266.7,19640753.0,270.13800000000003,261.3045,254.54266666666666
2010-06-28,266.93,269.75,264.52,268.3,20903083.0,269.764,261.8755,255.08149999999998
2010-06-29,264.12,264.39,254.3,256.17,40466546.0,266.228,261.6425,255.37616666666665
2010-06-30,256.71,257.97,250.01,251.53,26398177.0,262.34000000000003,261.0215,255.576
2010-07-01,254.3,254.8,243.22,248.48,36530395.0,258.236,260.2895,255.70733333333334
2010-07-02,250.49,250.93,243.2,246.94,24803483.0,254.28400000000002,259.838,255.82383333333334
2010-07-06,251.0,252.8,246.16,248.63,21963773.0,250.35,259.7225,255.93783333333332
2010-07-07,250.49,258.77,249.75,258.67,23370575.0,250.85,260.1895,256.2108333333333
2010-07-08,262.48,262.9,254.89,258.09,26357383.0,252.16199999999998,260.934,256.47183333333334
2010-07-09,256.89,259.9,255.16,259.62,15484791.0,254.38999999999996,261.3895,256.704
2010-07-12,258.53,261.85,254.86,257.29,20096721.0,256.46,261.57849999999996,256.8435
2010-07-13,256.32,256.4,246.43,251.8,42523482.0,257.094,261.4545,256.91683333333333
2010-07-14,249.38,255.8,249.0,252.73,29004012.0,255.906,261.1065,257.01116666666667
2010-07-15,248.23,256.97,247.3,251.45,29445743.0,254.57800000000003,260.3165,257.1255
2010-07-16,253.18,254.97,248.41,249.9,37137768.0,252.63400000000001,259.21799999999996,256.97016666666667
2010-07-19,249.88,249.88,239.6,245.58,36577177.0,250.292,257.7935,256.622
2010-07-20,242.9,252.9,240.01,251.89,38363299.0,250.31,256.8795,256.3063333333333
2010-07-21,265.0,265.15,254.0,254.24,42341300.0,250.612,255.89899999999997,256.05199999999996
2010-07-22,257.68,260.0,255.31,259.02,23042049.0,252.12600000000003,255.30150000000003,256.00166666666667
2010-07-23,257.09,260.38,256.28,259.94,19049523.0,254.13399999999996,254.8485,255.97400000000002
2010-07-26,260.0,260.1,257.71,259.28,15017756.0,256.87399999999997,254.47749999999996,255.818
2010-07-27,260.87,264.8,260.3,264.08,20879673.0,259.312,254.2665,255.86783333333332
2010-07-28,263.67,265.99,260.25,260.96,18566041.0,260.65599999999995,254.506,255.778
2010-07-29,260.71,262.65,256.1,258.11,22990736.0,260.474,254.83499999999998,255.7685
2010-07-30,255.89,259.7,254.9,257.25,16016280.0,259.93600000000004,255.2735,255.78949999999998
2010-08-02,260.44,262.59,259.62,261.85,15248407.0,260.45,256.01899999999995,256.04949999999997
2010-08-03,261.01,263.26,259.42,261.93,14912876.0,260.02000000000004,256.684,256.484
2010-08-04,262.84,264.28,260.31,262.98,15018350.0,260.42400000000004,256.89950000000005,256.6338333333333
2010-08-05,261.73,263.18,260.55,261.7,10332762.0,261.142,257.08000000000004,256.72016666666667
2010-08-06,259.78,261.49,257.63,260.09,15893330.0,261.71,257.10350000000005,256.68683333333337
2010-08-09,261.48,262.15,259.57,261.75,10822908.0,261.69,257.3265,256.74333333333334
2010-08-10,259.85,260.45,257.55,259.41,16138560.0,261.18600000000004,257.707,256.8365
2010-08-11,255.4,255.69,249.81,250.19,22133436.0,258.628,257.58,256.76933333333335
2010-08-12,246.69,253.1,246.12,251.79,19093244.0,256.646,257.597,256.75983333333335
2010-08-13,251.65,251.88,249.09,249.1,12673805.0,254.448,257.557,256.7725
2010-08-16,247.58,250.01,246.62,247.64,11364322.0,251.62600000000003,257.66,256.93716666666666
2010-08-17,250.08,254.63,249.2,251.97,15091210.0,250.13799999999998,257.664,257.098
2010-08-18,252.36,254.67,251.58,253.07,12106769.0,250.714,257.6055,257.2031666666667
2010-08-19,252.84,253.48,248.68,249.88,15236111.0,250.33200000000002,257.14849999999996,257.28083333333336
2010-08-20,249.39,253.92,249.0,249.64,13722458.0,250.44,256.6335,257.373
2010-08-23,251.79,252.0,245.25,245.8,14785811.0,250.07199999999997,255.95950000000002,257.24716666666666
2010-08-24,242.67,243.0,238.65,239.93,21502556.0,247.664,254.75200000000004,256.9646666666667
2010-08-25,238.04,243.99,237.2,242.89,21313319.0,245.62800000000001,253.8485,256.66566666666665
2010-08-26,245.45,245.75,240.28,240.28,16655689.0,243.708,252.95699999999997,256.27116666666666
2010-08-27,241.75,242.61,235.56,241.62,19592368.0,242.10399999999998,252.1755,255.9128333333333
2010-08-30,240.76,245.75,240.68,242.5,13685583.0,241.44400000000002,251.20800000000003,255.68833333333333
2010-08-31,241.85,244.56,240.35,243.1,15002895.0,242.07800000000003,250.2665,255.55766666666665
2010-09-01,247.47,251.46,246.28,250.33,24887951.0,243.56599999999997,249.63399999999996,255.57433333333333
2010-09-02,251.26,252.17,248.57,252.17,14804751.0,245.94400000000002,249.15749999999997,255.72383333333335
2010-09-03,255.09,258.78,254.5,258.77,18599581.0,249.37399999999997,249.0915,255.8615
2010-09-07,256.64,259.53,256.25,257.81,12240641.0,252.43599999999998,248.89449999999997,255.93316666666666
2010-09-08,259.78,264.39,259.1,262.92,18802723.0,256.4,249.07,256.07716666666664
2010-09-09,265.04,266.52,262.92,263.07,15652671.0,258.948,249.714,256.1335
2010-09-10,263.19,264.5,261.4,263.41,13848617.0,261.196,250.29500000000002,256.0695
2010-09-13,265.82,268.28,265.76,267.04,13883489.0,262.85,251.192,255.989
2010-09-14,266.21,269.17,265.52,268.06,14564173.0,264.9,252.21300000000002,255.88883333333334
2010-09-15,268.17,270.38,267.84,270.22,15305050.0,266.36,253.12550000000002,255.88966666666667
2010-09-16,270.24,276.67,269.5,276.57,23224167.0,269.06000000000006,254.30049999999997,255.935
2010-09-17,277.69,277.96,273.68,275.37,22659813.0,271.452,255.575,256.0083333333333
2010-09-20,276.08,283.78,275.85,283.23,23518285.0,274.69,257.2545,256.24550000000005
2010-09-21,283.86,287.35,282.79,283.77,23914006.0,277.832,259.15299999999996,256.53
2010-09-22,282.71,287.98,282.41,287.75,20884021.0,281.338,261.544,256.8541666666667
2010-09-23,286.33,292.76,286.0,288.92,28065128.0,283.808,263.8455,257.4
2010-09-24,292.1,293.53,290.55,292.32,23195972.0,287.198,266.44750000000005,258.07983333333334
2010-09-27,293.98,294.73,291.01,291.16,17248434.0,288.784,268.92449999999997,258.7911666666667
2010-09-28,291.77,291.77,275.0,286.86,36936223.0,289.40200000000004,271.1425,259.4565
2010-09-29,287.23,289.81,286.0,287.37,16768694.0,289.326,273.356,260.1021666666667
2010-09-30,289.0,290.0,281.25,283.75,24029147.0,288.29200000000003,275.027,260.5201666666667
2010-10-01,286.15,286.58,281.35,282.52,16014492.0,286.332,276.5445,260.9273333333333
2010-10-04,281.6,282.9,277.77,278.64,15521767.0,283.828,277.538,261.2443333333333
2010-10-05,282.0,289.45,281.82,288.94,17872948.0,284.24399999999997,279.09450000000004,261.77183333333335
2010-10-06,289.59,291.99,285.26,289.19,23893058.0,284.608,280.408,262.395
2010-10-07,291.71,292.7,290.61,291.98,3236436.0,286.254,281.85350000000005,263.0491666666667
2010-10-08,291.71,294.5,290.0,294.07,23514402.0,288.56399999999996,283.38649999999996,263.7595
2010-10-11,294.74,297.24,294.6,295.36,15241040.0,291.908,284.8025,264.51716666666664
2010-10-12,295.41,299.5,292.49,298.54,19941320.0,293.82800000000003,286.3265,265.39983333333333
2010-10-13,300.2,301.96,299.8,300.14,22207569.0,296.01800000000003,287.8225,266.204
2010-10-14,301.69,302.47,300.4,302.31,15482070.0,298.084,289.1095,267.00516666666664
2010-10-15,307.44,315.0,304.91,314.74,32935492.0,302.218,291.07800000000003,267.9338333333333
2010-10-18,318.47,319.0,314.29,318.0,38795950.0,306.746,292.8165,268.9015
2010-10-19,303.48,313.77,300.02,309.49,43880778.0,308.93600000000004,294.1025,269.73833333333334
2010-10-20,309.0,314.25,306.87,310.53,25647970.0,311.014,295.24150000000003,270.5125
2010-10-21,312.36,314.74,306.8,309.52,19549676.0,312.456,296.2715,271.3218333333333
2010-10-22,309.07,310.04,306.3,307.47,13313408.0,311.002,297.029,272.1445
2010-10-25,309.09,311.6,308.44,308.84,13746320.0,309.16999999999996,297.913,273.00433333333336
2010-10-26,306.87,309.74,305.65,308.05,13894408.0,308.88199999999995,298.97249999999997,273.77433333333335
2010-10-27,307.65,309.9,305.6,307.83,14027563.0,308.342,299.9955,274.53933333333333
2010-10-28,307.95,308.0,300.9,305.24,19594613.0,307.486,301.07000000000005,275.2436666666666
2010-10-29,304.23,305.88,300.87,300.98,15375304.0,306.188,301.993,275.89833333333337
2010-11-01,302.22,305.6,302.2,304.18,15072562.0,305.256,303.27,276.6331666666667
2010-11-02,307.0,310.19,307.0,309.36,15393549.0,305.51800000000003,304.291,277.4266666666666
2010-11-03,311.37,312.88,308.53,312.8,18101121.0,306.51200000000006,305.4715,278.3165
2010-11-04,315.45,320.18,315.03,318.27,22809371.0,309.11800000000005,306.786,279.45116666666667
2010-11-05,317.99,319.57,316.75,317.13,12901895.0,312.34800000000007,307.939,280.54016666666666
2010-11-08,317.2,319.77,316.76,318.62,9979102.0,315.236,309.102,281.69883333333325
2010-11-09,321.05,321.3,314.5,316.08,13629725.0,316.58,309.979,282.8395
2010-11-10,316.64,318.77,313.55,318.03,13524481.0,317.626,310.87350000000004,283.9405
2010-11-11,315.0,318.4,314.25,316.65,12880271.0,317.302,311.59049999999996,285.0001666666667
2010-11-12,316.0,316.5,303.63,308.03,28423066.0,315.482,311.255,285.96933333333334
2010-11-15,308.46,310.54,306.27,307.04,14328021.0,313.166,310.707,286.92600000000004
2010-11-16,305.72,307.6,299.32,301.59,23425851.0,310.268,310.312,287.85583333333335
2010-11-17,301.2,303.99,297.76,300.5,17086914.0,306.762,309.81049999999993,288.86533333333335
2010-11-18,305.2,309.67,304.69,308.43,17556497.0,305.118,309.756,289.9576666666666
2010-11-19,307.97,308.4,305.24,306.73,13744399.0,304.858,309.719,291.06516666666664
2010-11-22,306.68,313.36,305.87,313.36,13948259.0,306.122,309.945,292.2608333333334
2010-11-23,310.45,311.75,306.56,308.73,18458096.0,307.55,309.979,293.36466666666666
2010-11-24,312.0,315.4,311.75,314.8,14795448.0,310.41,310.3275,294.55966666666666
2010-11-26,313.74,317.7,312.94,315.0,8490891.0,311.72400000000005,310.8155,295.6375
2010-11-29,315.5,317.48,311.38,316.87,15777092.0,313.752,311.61,296.7158333333333
2010-11-30,313.54,314.36,310.87,311.15,17838897.0,313.31000000000006,311.9585,297.58883333333335
2010-12-01,315.27,317.75,315.0,316.4,16491096.0,314.844,312.3105,298.56533333333334
2010-12-02,317.53,319.0,314.89,318.15,16511813.0,315.514,312.57800000000003,299.4858333333333
2010-12-03,317.01,318.65,316.34,317.44,12227469.0,316.00199999999995,312.5365,300.392
2010-12-06,318.64,322.33,318.42,320.15,15875367.0,316.658,312.6875,301.3376666666666
2010-12-07,319.63,320.37,317.11,317.56,3920125.0,317.93999999999994,312.6345,302.1796666666667
2010-12-08,319.63,321.02,317.11,321.01,11433030.0,318.86199999999997,312.881,303.06216666666666
2010-12-09,322.13,322.5,319.02,319.76,10474694.0,319.18399999999997,312.9675,303.88783333333333
2010-12-10,319.65,321.05,318.6,320.56,9377749.0,319.808,313.163,304.621
2010-12-13,324.37,325.06,321.0,321.67,15642677.0,320.11199999999997,313.84499999999997,305.3926666666667
2010-12-14,321.73,322.54,319.0,320.29,12512910.0,320.658,314.5075,306.0103333333334
2010-12-15,320.0,323.0,319.19,320.36,14809880.0,320.528,315.446,306.62016666666665
2010-12-16,321.09,322.61,320.1,321.25,11226999.0,320.826,316.4835,307.1785
2010-12-17,321.63,321.79,320.23,320.61,13826724.0,320.83600000000007,317.09250000000003,307.70666666666665
2010-12-20,321.6,323.25,318.23,322.21,13681551.0,320.944,317.8665,308.2048333333333
2010-12-21,323.0,324.39,322.05,324.2,9099204.0,321.726,318.4085,308.7555
2010-12-22,324.36,325.72,323.55,325.16,9459163.0,322.68600000000004,319.23,309.3938333333333
2010-12-23,325.0,325.15,323.17,323.6,7982168.0,323.156,319.67,309.9976666666667
2010-12-27,322.85,325.44,321.52,324.68,8886355.0,323.97,320.154,310.67983333333336
2010-12-28,325.91,326.66,325.06,325.47,6268402.0,324.622,320.584,311.3956666666666
2010-12-29,326.22,326.45,325.1,325.29,5817500.0,324.84000000000003,321.291,312.17316666666665
2010-12-30,325.48,325.51,323.05,323.66,5616028.0,324.54,321.654,312.75183333333337
2010-12-31,322.95,323.48,321.31,322.56,6916261.0,324.332,321.8745,313.308
2011-01-03,325.64,330.26,324.84,329.57,15835566.0,325.31000000000006,322.481,313.9345
2011-01-04,332.44,332.5,328.15,331.29,11019265.0,326.47400000000005,323.038,314.55483333333336
2011-01-05,329.55,334.34,329.5,334.0,9074409.0,328.216,323.86,315.1988333333333
2011-01-06,334.72,335.25,332.9,333.73,10705797.0,330.23,324.496,315.78533333333337
2011-01-07,333.99,336.35,331.9,336.12,11140316.0,332.942,325.314,316.385
2011-01-10,338.83,343.23,337.17,342.45,15970331.0,335.518,326.4085,317.05400000000003
2011-01-11,344.88,344.96,339.47,341.64,15759255.0,337.588,327.40700000000004,317.5023333333333
2011-01-12,343.25,344.43,342.0,344.42,10768729.0,339.67199999999997,328.61350000000004,317.94266666666664
2011-01-13,345.16,346.64,343.85,345.68,10536100.0,342.062,329.8795,318.54583333333335
2011-01-14,345.89,348.48,344.44,348.48,11029964.0,344.534,331.24100000000004,319.1783333333333
2011-01-18,329.49,344.76,326.0,340.65,62293119.0,344.174,332.243,319.69716666666665
2011-01-19,348.36,348.6,336.88,338.84,40409433.0,343.61400000000003,333.0745,320.22
2011-01-20,336.43,338.3,330.12,332.68,27217619.0,341.26599999999996,333.49850000000004,320.61733333333336
2011-01-21,333.77,334.88,326.63,326.72,26942816.0,337.474,333.5765,320.92850000000004
2011-01-24,326.87,337.45,326.72,337.45,20442654.0,335.268,334.269,321.4221666666666
2011-01-25,336.33,341.44,334.57,341.4,19417257.0,335.418,335.105,322.02483333333333
2011-01-26,342.96,345.6,341.5,343.85,17990443.0,336.41999999999996,336.024,322.73933333333326
2011-01-27,343.78,344.69,342.83,343.21,10068016.0,338.526,336.92,323.38983333333334
2011-01-28,344.17,344.4,333.52,336.1,20451851.0,340.40199999999993,337.54200000000003,323.8355
2011-01-31,335.8,340.04,334.3,339.32,13347214.0,340.776,338.38,324.2775
2011-02-01,341.3,345.65,340.98,345.03,15063083.0,341.502,339.153,324.7235
2011-02-02,344.45,345.25,343.55,344.32,9196862.0,341.596,339.8045,325.1766666666667
2011-02-03,343.8,344.24,338.55,343.44,14006982.0,341.642,340.27650000000006,325.5903333333334
2011-02-04,343.64,346.7,343.51,346.5,11436127.0,343.72200000000004,340.915,326.0973333333333
2011-02-07,347.89,353.25,347.64,351.88,17061579.0,346.234,341.703,326.66150000000005
2011-02-08,353.68,355.52,352.15,355.2,13434889.0,348.268,342.3405,327.304
2011-02-09,355.19,359.0,354.87,358.16,17089330.0,351.036,343.1665,328.1395
2011-02-10,357.39,360.0,348.0,354.54,32878344.0,353.256,343.6725,328.9311666666666
2011-02-11,354.75,357.8,353.54,356.85,13067054.0,355.326,344.23100000000005,329.8521666666667
2011-02-14,356.79,359.48,356.71,359.18,11002321.0,356.786,344.76599999999996,330.8301666666667
2011-02-15,359.19,359.97,357.55,359.9,9994761.0,357.726,345.72850000000005,331.688
2011-02-16,360.8,364.9,360.5,363.13,16864990.0,358.71999999999997,346.943,332.628
2011-02-17,357.25,360.27,356.52,358.3,18811723.0,359.47200000000004,348.224,333.377
2011-02-18,358.71,359.5,349.52,350.56,29144532.0,358.21400000000006,349.41600000000005,334.07416666666666
2011-02-22,342.15,345.4,337.72,338.61,30904642.0,354.1,349.474,334.47100000000006
2011-02-23,338.77,344.64,338.61,342.62,23826372.0,350.644,349.53499999999997,334.9313333333333
2011-02-24,344.02,345.15,338.37,342.88,17608418.0,346.594,349.4865,335.36483333333337
2011-02-25,345.26,348.43,344.8,348.16,13368900.0,344.56600000000003,349.734,335.9816666666667
2011-02-28,351.24,355.05,351.12,353.21,14061428.0,345.096,350.5895,336.59516666666667
2011-03-01,355.47,355.72,347.68,349.31,16018591.0,347.236,351.089,337.1145
2011-03-02,349.96,354.35,348.4,352.12,21414198.0,349.13599999999997,351.4435,337.6925
2011-03-03,357.19,359.79,355.92,359.56,17746095.0,352.47200000000004,352.20550000000003,338.34933333333333
2011-03-04,360.07,360.29,357.75,360.0,15532253.0,354.84000000000003,353.0335,339.0566666666666
2011-03-07,361.4,361.67,351.31,355.36,19308532.0,355.27,353.4765,339.62916666666666
2011-03-08,354.91,357.4,352.25,355.76,12589684.0,356.56,353.67050000000006,340.2291666666667
2011-03-09,354.69,354.76,350.6,352.47,16115916.0,356.63,353.534,340.761
2011-03-10,349.12,349.77,344.9,346.67,17964119.0,354.052,352.9595,341.17766666666665
2011-03-11,345.33,352.32,345.0,351.99,16722402.0,352.45,352.832,341.70599999999996
2011-03-14,353.18,356.48,351.31,353.56,15392611.0,352.09000000000003,352.6675,342.25933333333336
2011-03-15,342.1,347.84,340.1,345.43,25434014.0,350.024,351.98,342.6623333333334
2011-03-16,342.0,343.0,326.26,330.01,40739464.0,345.53200000000004,350.4855,342.819
2011-03-17,336.83,339.61,330.66,334.64,23321071.0,343.12600000000003,349.06100000000004,343.0261666666667
2011-03-18,337.13,338.2,330.0,330.67,26221516.0,338.86199999999997,347.6795,343.134
2011-03-21,335.99,339.74,335.26,339.3,14488835.0,336.01000000000005,347.1165,343.36966666666666
2011-03-22,342.56,342.62,339.14,341.2,11562447.0,335.164,347.246,343.66299999999995
2011-03-23,339.28,340.22,335.95,339.19,13275021.0,337.0,347.07450000000006,343.9048333333333
2011-03-24,341.85,346.0,338.86,344.97,14274352.0,339.06600000000003,347.179,344.2298333333334
2011-03-25,348.07,352.06,347.02,351.54,15876736.0,343.24,347.348,344.6673333333334
2011-03-28,353.15,354.32,350.44,350.44,10879890.0,345.468,347.20950000000005,345.1136666666667
2011-03-29,347.66,350.96,346.06,350.96,12434509.0,347.42,347.29200000000003,345.58699999999993
2011-03-30,350.64,350.88,347.44,348.63,11627409.0,349.308,347.1175,345.9046666666666
2011-03-31,346.36,349.8,346.06,348.5,9635221.0,350.014,346.5645,346.19149999999996
2011-04-01,351.11,351.58,343.3,344.56,14741937.0,348.61800000000005,345.79249999999996,346.3675
2011-04-04,344.31,344.6,338.4,341.19,16338321.0,346.768,345.084,346.4918333333333
2011-04-05,336.99,342.25,336.0,338.89,17074032.0,344.354,344.2405,346.53799999999995
2011-04-06,341.22,343.9,337.14,338.04,14209435.0,342.236,343.519,346.4645
2011-04-07,338.1,340.43,336.03,338.08,13276704.0,340.152,343.0895,346.4051666666667
2011-04-08,339.92,340.15,333.95,335.06,13403514.0,338.25199999999995,342.243,346.24916666666667
2011-04-11,334.06,335.67,330.02,330.8,14182767.0,336.17400000000004,341.105,346.0011666666667
2011-04-12,330.49,333.73,330.2,332.4,15113003.0,334.876,340.45349999999996,345.73316666666665
2011-04-13,335.02,336.14,332.52,336.13,12147974.0,334.494,340.7595,345.6578333333334
2011-04-14,334.8,336.0,332.06,332.42,10658202.0,333.36199999999997,340.6485,345.55083333333334
2011-04-15,333.3,333.64,326.8,327.46,16063189.0,331.842,340.488,345.46383333333335
2011-04-18,326.1,332.23,320.16,331.85,21643468.0,332.052,340.1155,345.5493333333333
2011-04-19,333.1,337.98,331.71,337.86,14777699.0,333.144,339.9485,345.5561666666667
2011-04-20,343.51,345.75,341.5,342.41,19745974.0,334.4,340.10949999999997,345.57300000000004
2011-04-21,355.0,355.13,348.52,350.69,26746331.0,338.054,340.3955,345.687
2011-04-25,350.34,353.75,350.3,353.0,9396092.0,343.16200000000003,340.46850000000006,345.85016666666667
2011-04-26,353.62,354.99,349.35,350.42,11959787.0,346.87600000000003,340.46750000000003,346.08883333333335
2011-04-27,352.24,352.35,347.1,350.15,12495702.0,349.334,340.427,346.26933333333335
2011-04-28,346.19,349.75,345.52,346.75,12650806.0,350.202,340.33299999999997,346.298
2011-04-29,346.78,353.95,346.66,350.13,28671115.0,350.09,340.4145,346.39483333333334
2011-05-02,349.74,350.46,345.5,346.28,15732208.0,348.746,340.5005,346.44216666666665
2011-05-03,347.99,349.89,345.62,348.2,11093036.0,348.30199999999996,340.851,346.4705
2011-05-04,348.26,351.83,346.88,349.57,13624382.0,348.186,341.38500000000005,346.43199999999996
2011-05-05,348.4,350.95,346.05,346.75,11859289.0,348.186,341.8205,346.2911666666667
2011-05-06,349.69,350.0,346.21,346.66,9915649.0,347.49199999999996,342.2495,346.09950000000003
2011-05-09,347.86,349.2,346.52,347.6,7216205.0,347.756,342.87649999999996,345.9838333333334
2011-05-10,348.89,349.69,346.66,349.45,9892036.0,348.00600000000003,343.809,345.86049999999994
2011-05-11,349.02,350.0,345.24,347.23,11865025.0,347.538,344.5505,345.66133333333335
2011-05-12,346.12,347.12,342.27,346.57,11347005.0,347.502,345.0725,345.4391666666667
2011-05-13,345.66,346.25,340.35,340.5,11537376.0,346.27000000000004,345.4765,345.062
2011-05-16,339.2,341.22,332.6,333.3,15871384.0,343.40999999999997,345.7685,344.6453333333333
2011-05-17,332.0,336.14,330.73,336.14,16092594.0,340.74799999999993,345.983,344.405
2011-05-18,336.47,341.05,336.0,339.87,11900471.0,339.27599999999995,346.0835,344.426
2011-05-19,342.08,342.41,338.67,340.53,9118493.0,338.068,345.9895,344.39116666666666
2011-05-20,339.56,340.95,335.02,335.22,11966380.0,337.012,345.216,344.26349999999996
2011-05-23,329.97,335.98,329.42,334.4,13574667.0,337.23199999999997,344.28599999999994,344.03416666666664
2011-05-24,335.5,335.89,331.34,332.19,11435117.0,336.442,343.3745,343.6838333333333
2011-05-25,333.43,338.56,332.85,336.78,10392327.0,335.82399999999996,342.706,343.4750000000001
2011-05-26,335.97,336.89,334.43,335.0,7842296.0,334.71799999999996,342.1185,343.1896666666667
2011-05-27,334.8,337.63,334.31,337.41,7214975.0,335.156,341.48249999999996,342.82050000000004
2011-05-31,341.1,347.83,341.0,347.83,14432921.0,337.842,341.56,342.6176666666667
2011-06-01,348.87,352.13,344.65,345.51,19667083.0,340.506,341.4255,342.4535
2011-06-02,346.22,347.84,344.53,346.22,16780815.0,342.394,341.25800000000004,342.29449999999997
2011-06-03,343.18,345.33,342.01,343.44,11027105.0,344.082,341.0925,342.14400000000006
2011-06-06,345.7,347.05,337.81,338.04,16309959.0,344.20799999999997,340.6615,342.00016666666664
2011-06-07,338.17,338.22,331.9,332.04,18806935.0,341.05,339.8835,341.66766666666666
2011-06-08,331.78,334.8,330.65,332.24,11844874.0,338.396,339.02299999999997,341.31233333333336
2011-06-09,333.25,333.67,330.75,331.49,9764713.0,335.45,338.236,341.08
2011-06-10,330.55,331.66,325.51,325.9,15365802.0,331.942,337.2025,341.0115
2011-06-13,327.2,328.31,325.07,326.6,11726178.0,329.654,336.50750000000005,340.87749999999994
2011-06-14,330.0,333.25,329.31,332.44,11663024.0,329.73400000000004,336.4645,340.90700000000004
2011-06-15,329.75,330.3,324.88,326.75,13695747.0,328.63599999999997,335.995,340.6978333333334
2011-06-16,326.9,328.68,318.33,325.16,18033630.0,327.37,335.2595,340.43050000000005
2011-06-17,328.99,329.25,319.36,320.26,21395808.0,326.242,334.246,340.115
2011-06-20,317.35,317.7,310.5,315.32,22770148.0,323.986,333.251,339.62083333333334
2011-06-21,316.68,325.8,315.2,325.3,17468389.0,322.558,332.796,339.1835
2011-06-22,325.16,328.9,322.38,322.61,13856682.0,321.73,332.317,338.7196666666667
2011-06-23,318.94,331.69,318.12,331.23,19820526.0,322.944,332.0395,338.3908333333333
2011-06-24,331.37,333.15,325.09,326.35,15373054.0,324.162,331.607,338.01950000000005
2011-06-27,327.59,333.9,327.25,332.04,12044073.0,327.50600000000003,331.3385,337.74516666666665
2011-06-28,333.65,336.7,333.44,335.26,10351819.0,329.498,330.71000000000004,337.5901666666667
2011-06-29,336.04,336.37,331.88,334.04,12555867.0,331.784,330.1365,337.47100000000006
2011-06-30,334.7,336.13,332.84,335.67,11420240.0,332.672,329.60900000000004,337.4173333333334
2011-07-01,335.95,343.5,334.2,343.26,15450575.0,336.05400000000003,329.6,337.50433333333336
2011-07-05,343.0,349.83,342.5,349.43,12561327.0,339.532,330.1695,337.69350000000003
2011-07-06,348.95,354.1,346.71,351.76,15793787.0,342.832,331.1555,337.97183333333334
2011-07-07,354.67,358.0,354.0,357.2,14158328.0,347.464,332.4035,338.4118333333334
2011-07-08,353.34,360.0,352.2,359.71,17381049.0,352.272,333.8145,338.867
2011-07-11,356.34,359.77,352.82,354.0,15679191.0,354.41999999999996,335.21950000000004,339.1648333333333
2011-07-12,353.53,357.68,348.62,353.75,16043538.0,355.284,336.577,339.5203333333333
2011-07-13,358.33,360.0,356.38,358.02,13847071.0,356.53599999999994,337.856,340.0296666666666
2011-07-14,361.01,361.61,356.34,357.77,14982998.0,356.65,339.40700000000004,340.4616666666667
2011-07-15,361.17,365.0,359.17,364.92,17063115.0,357.692,341.39500000000004,340.91266666666667
2011-07-18,365.43,374.65,365.28,373.8,20250016.0,361.652,344.072,341.4358333333333
2011-07-19,378.0,378.65,373.32,376.85,24570247.0,366.27200000000005,347.1485,341.87183333333337
2011-07-20,396.12,396.27,386.0,386.9,33459356.0,372.048,350.22850000000005,342.4368333333333
2011-07-21,386.95,390.06,383.9,387.29,18478111.0,377.952,353.4625,343.0513333333333
2011-07-22,388.32,395.05,387.75,393.3,18341935.0,383.628,356.566,343.77049999999997
2011-07-25,390.35,400.0,389.62,398.5,20944106.0,388.56800000000004,360.1735,344.633
2011-07-26,400.0,404.5,399.68,403.41,16911938.0,393.88,363.742,345.52099999999996
2011-07-27,400.59,402.64,392.15,392.59,23344066.0,395.01800000000003,366.6085,346.2928333333333
2011-07-28,391.62,396.99,388.13,391.82,21062882.0,395.92400000000004,369.4975,347.01983333333334
2011-07-29,387.64,395.15,384.0,390.48,22373677.0,395.36,372.23799999999994,347.7016666666667
2011-08-01,397.78,399.5,392.37,396.75,21653206.0,395.01000000000005,374.9125,348.535
2011-08-02,397.65,397.9,388.35,388.91,22700509.0,392.11,376.88649999999996,349.2391666666667
2011-08-03,390.98,393.55,382.24,392.57,25783213.0,392.106,378.927,349.9886666666667
2011-08-04,389.41,391.32,377.35,377.37,30858066.0,389.216,379.9355,350.454
2011-08-05,380.44,383.5,362.57,373.62,42719143.0,385.844,380.631,350.8938333333333
2011-08-08,361.69,367.77,353.02,353.21,40355888.0,377.13599999999997,380.5915,351.0045
2011-08-09,361.3,374.61,355.0,374.01,38170750.0,374.15600000000006,381.60450000000003,351.563
2011-08-10,371.15,374.65,362.5,363.69,31123138.0,368.38,381.88800000000003,352.06949999999995
2011-08-11,370.52,375.45,364.72,373.7,26140897.0,367.646,382.68449999999996,352.6955
2011-08-12,378.07,379.64,374.23,376.99,18817569.0,368.32,383.288,353.3141666666667
2011-08-15,379.63,384.97,378.09,383.41,16323133.0,374.36,383.7685,354.02883333333335
2011-08-16,381.52,383.37,376.06,380.48,17671571.0,375.654,383.95,354.7831666666667
2011-08-17,382.31,384.52,378.0,380.44,15634891.0,379.004,383.627,355.5505
2011-08-18,370.84,372.65,361.37,366.05,30138885.0,377.47400000000005,382.565,356.1148333333333
2011-08-19,362.17,367.0,356.0,356.03,27485367.0,373.28200000000004,380.7015,356.43566666666663
2011-08-22,364.51,364.88,355.09,356.44,19039076.0,367.88800000000003,378.5985,356.79299999999995
2011-08-23,360.3,373.64,357.0,373.6,23239125.0,366.512,377.108,357.3961666666666
2011-08-24,373.47,378.96,370.6,376.18,20832685.0,365.65999999999997,376.2875,357.8686666666666
2011-08-25,365.08,375.45,365.0,373.72,30981372.0,367.194,375.3825,358.3388333333333
2011-08-26,371.17,383.8,370.8,383.58,22758664.0,372.704,375.0375,358.96150000000006
2011-08-29,388.18,391.5,388.0,389.97,14376215.0,379.40999999999997,374.6985,359.73699999999997
2011-08-30,388.25,391.84,386.21,389.99,14868989.0,382.688,374.75249999999994,360.60283333333336
2011-08-31,390.57,392.08,381.86,384.83,18378515.0,384.418,374.3655,361.48266666666666
2011-09-01,385.82,387.34,380.72,381.03,12087458.0,385.88,374.5485,362.29583333333335
2011-09-02,374.74,378.0,371.83,374.05,15547467.0,383.974,374.57,363.0051666666667
2011-09-06,367.37,380.33,366.48,379.74,18099979.0,381.928,375.8965,363.9025
2011-09-07,385.56,385.6,382.0,383.93,12365902.0,380.716,376.3925,364.858
2011-09-08,382.4,388.61,382.31,384.14,14778833.0,380.57800000000003,377.415,365.7196666666667
2011-09-09,383.93,386.0,375.02,377.48,20058033.0,379.86800000000005,377.60400000000004,366.56516666666664
2011-09-12,373.0,380.88,371.9,379.94,16554022.0,381.046,377.75149999999996,367.47816666666665
2011-09-13,382.14,386.21,380.25,384.62,15620673.0,382.02200000000005,377.812,368.55083333333334
2011-09-14,387.02,392.21,385.76,389.3,18924253.0,383.096,378.25300000000004,369.78383333333335
2011-09-15,391.43,393.66,389.9,392.96,14513050.0,384.86,378.879,370.91150000000005
2011-09-16,395.54,400.5,395.03,400.5,23930950.0,389.464,380.6015,372.2096666666667
2011-09-19,397.0,413.23,395.2,411.63,29266264.0,395.802,383.3815,373.54966666666667
2011-09-20,415.25,422.86,411.19,413.45,27472280.0,401.568,386.232,375.0013333333333
2011-09-21,419.64,421.59,412.0,412.14,21404617.0,406.136,388.159,376.33633333333336
2011-09-22,401.03,409.82,396.7,401.82,34330721.0,407.908,389.441,377.4456666666666
2011-09-23,400.28,406.74,399.85,404.3,19336597.0,408.668,390.97,378.6166666666667
2011-09-26,399.86,403.98,391.3,403.17,28821009.0,406.976,391.94950000000006,379.7416666666667
2011-09-27,408.73,409.25,398.06,399.26,22434335.0,404.13800000000003,392.414,380.675
2011-09-28,400.19,403.74,396.51,397.01,15211914.0,401.11199999999997,392.765,381.46799999999996
2011-09-29,401.92,402.21,386.21,390.57,23181445.0,398.86199999999997,393.052,382.1148333333333
2011-09-30,387.12,388.89,381.18,381.32,19218286.0,394.26599999999996,393.0665,382.5168333333333
2011-10-03,380.37,382.64,373.17,374.6,23618255.0,388.552,393.094,382.76500000000004
2011-10-04,374.57,381.8,354.24,372.5,43740903.0,383.2,392.73199999999997,383.0733333333334
2011-10-05,367.86,379.82,360.3,378.25,27901296.0,379.448,392.448,383.4816666666667
2011-10-06,373.33,384.78,371.8,377.37,28896516.0,376.808,392.1095,383.8041666666667
2011-10-07,375.78,377.74,368.48,369.8,18998434.0,374.504,391.72549999999995,384.00466666666665
2011-10-10,379.09,388.81,378.21,388.81,15566257.0,377.346,392.169,384.4028333333334
2011-10-11,392.57,403.18,391.5,400.29,21537162.0,382.904,392.9525,384.8443333333334
2011-10-12,407.34,409.25,400.14,402.19,22076844.0,387.692,393.597,385.26666666666665
2011-10-13,404.98,408.43,402.85,408.43,14851382.0,393.90400000000005,394.3705,385.62550000000005
2011-10-14,416.83,422.0,415.27,422.0,19984956.0,404.344,395.4455,386.204
2011-10-17,421.74,426.7,415.94,419.99,23974401.0,410.58000000000004,395.8635,386.64883333333336
2011-10-18,421.76,424.8,415.99,422.24,24299067.0,414.96999999999997,396.303,387.0445
2011-10-19,401.35,408.41,397.8,398.62,39262346.0,414.25600000000003,395.627,386.9646666666667
2011-10-20,400.0,400.35,394.21,395.31,19500267.0,411.63199999999995,395.3015,387.01000000000005
2011-10-21,398.1,399.14,390.75,392.87,21950962.0,405.806,394.72999999999996,387.02750000000003
2011-10-24,396.18,406.5,395.4,405.77,17842424.0,402.962,394.86,387.2823333333333
2011-10-25,405.03,406.55,397.38,397.77,15214579.0,398.068,394.7855,387.2993333333333
2011-10-26,401.76,402.55,393.15,400.6,16067516.0,398.46400000000006,394.96500000000003,387.4941666666666
2011-10-27,407.56,409.0,401.89,404.69,17399338.0,400.34000000000003,395.671,387.69616666666667
2011-10-28,403.0,406.35,402.51,404.95,11327285.0,402.756,396.8525,388.1558333333333
2011-10-31,402.42,409.33,401.05,404.78,13617546.0,402.558,398.36150000000004,388.6751666666667
2011-11-01,397.41,399.5,393.22,396.51,18851286.0,402.306,399.562,389.3968333333333
2011-11-02,400.09,400.44,395.11,397.41,11376477.0,401.668,400.52000000000004,389.78683333333333
2011-11-03,399.07,403.4,395.36,403.07,15640256.0,401.344,401.805,390.4431666666667
2011-11-04,402.03,403.44,399.16,400.3,10592860.0,400.414,403.33000000000004,390.8865
2011-11-07,399.91,400.0,396.13,399.73,9505252.0,399.404,403.876,391.26550000000003
2011-11-08,402.21,408.0,401.56,406.23,14163741.0,401.348,404.173,391.6458333333333
2011-11-09,396.97,400.89,394.23,395.28,19663510.0,400.92199999999997,403.8275,391.8925
2011-11-10,397.03,397.21,382.15,385.22,26498687.0,397.352,402.66700000000003,391.9721666666667
2011-11-11,386.61,388.7,380.26,384.62,23189218.0,394.216,400.798,392.2816666666667
2011-11-14,383.52,385.25,378.2,379.26,15257196.0,390.122,398.7615,392.6688333333333
2011-11-15,380.8,389.5,379.45,388.83,15286678.0,386.642,397.091,393.20866666666666
2011-11-16,389.25,391.14,384.32,384.77,12340203.0,384.54,396.39849999999996,393.39483333333334
2011-11-17,383.98,384.58,375.5,377.41,17019512.0,382.978,395.50350000000003,393.41533333333336
2011-11-18,378.92,379.99,374.88,374.94,13088070.0,381.04200000000003,394.607,393.43566666666663
2011-11-21,370.4,371.68,365.91,369.01,15780318.0,378.992,392.769,393.19283333333334
2011-11-22,371.02,377.93,370.94,376.51,14291595.0,376.52799999999996,391.706,392.9685
2011-11-23,374.51,375.84,366.88,366.99,15195163.0,372.97200000000004,390.0255,392.5851666666667
2011-11-25,368.42,371.15,363.32,363.57,9092755.0,370.204,387.96950000000004,392.23083333333335
2011-11-28,372.35,376.72,370.33,376.12,12136756.0,370.43999999999994,386.52799999999996,392.149
2011-11-29,375.84,378.83,370.2,373.2,13376608.0,371.278,384.94899999999996,392.13483333333335
2011-11-30,381.29,382.2,378.3,382.2,14038533.0,372.41600000000005,384.2335,392.1758333333334
2011-12-01,382.54,389.0,380.75,387.93,13529916.0,376.604,383.7595,392.24250000000006
2011-12-02,389.83,393.63,388.58,389.7,13421692.0,381.83,383.091,392.3351666666666
2011-12-05,393.49,396.41,390.38,393.01,12603785.0,385.20799999999997,382.7265,392.594
2011-12-06,392.51,394.63,389.38,390.95,10094360.0,388.758,382.2875,392.77750000000003
2011-12-07,389.93,390.94,386.76,389.09,10692779.0,390.13599999999997,381.4305,392.85200000000003
2011-12-08,391.45,395.5,390.23,390.66,13353407.0,390.682,381.1995,392.87466666666666
2011-12-09,392.85,394.04,391.03,393.62,10531982.0,391.466,381.61949999999996,392.8856666666667
2011-12-12,391.68,393.9,389.45,391.84,10612882.0,391.232,381.9805,392.74133333333333
2011-12-13,393.0,395.4,387.1,388.81,11991133.0,390.804,382.45799999999997,392.36100000000005
2011-12-14,386.7,387.38,377.68,380.19,14412374.0,389.024,382.02599999999995,391.8066666666667
2011-12-15,383.33,383.74,378.31,378.94,9107179.0,386.68,381.7345,391.25333333333333
2011-12-16,380.36,384.15,379.57,381.02,13746207.0,384.16,381.91499999999996,390.90666666666664
2011-12-19,382.47,384.85,380.48,382.21,8235349.0,382.234,382.2785,390.53849999999994
2011-12-20,387.76,396.1,387.26,395.95,11886001.0,383.662,383.6255,390.41816666666665
2011-12-21,396.69,397.3,392.01,396.44,9284041.0,386.912,384.622,390.3711666666666
2011-12-22,397.0,399.13,396.1,398.55,7096689.0,390.83399999999995,386.2,390.39683333333335
2011-12-23,399.69,403.59,399.49,403.33,9588317.0,395.296,388.188,390.60949999999997
2011-12-27,403.1,409.09,403.02,406.53,9430760.0,400.15999999999997,389.7085,391.0296666666667
2011-12-28,406.89,408.25,401.34,402.64,8080603.0,401.498,391.18050000000005,391.497
2011-12-29,403.4,405.65,400.51,405.12,7308723.0,403.234,392.3265,392.04066666666665
2011-12-30,403.51,406.28,403.49,405.0,6295885.0,404.524,393.18,392.4865
2012-01-03,409.4,412.5,409.0,411.23,10690270.0,406.104,394.2565,393.05083333333334
2012-01-04,410.0,414.68,409.28,413.44,9181249.0,407.486,395.278,393.77816666666666
2012-01-05,414.95,418.55,412.67,418.03,9606776.0,410.56399999999996,396.632,394.2651666666667
2012-01-06,419.77,422.75,419.22,422.4,11291702.0,414.02,398.2975,394.6336666666666
2012-01-09,425.5,427.75,421.35,421.73,13988481.0,417.366,399.851,394.9593333333333
2012-01-10,425.91,426.0,421.5,423.24,9101673.0,419.76800000000003,401.332,395.20616666666666
2012-01-11,422.68,422.85,419.31,422.55,7625850.0,421.59,402.8675,395.2153333333333
2012-01-12,422.28,422.9,418.75,421.39,7560105.0,422.262,404.49649999999997,395.2386666666667
2012-01-13,419.7,420.45,418.66,419.81,7951992.0,421.74399999999997,406.4775,395.1981666666667
2012-01-17,424.2,425.99,422.96,424.7,8518366.0,422.338,408.7655,395.63283333333334
2012-01-18,426.96,429.47,426.3,429.11,9736615.0,423.512,411.16999999999996,396.19616666666667
2012-01-19,430.15,431.36,426.51,427.75,9185228.0,424.55199999999996,413.447,396.77750000000003
2012-01-20,427.49,427.5,419.75,420.3,14555057.0,424.334,414.66450000000003,397.0196666666667
2012-01-23,422.67,428.45,422.3,427.4,10801856.0,425.85200000000003,416.2125,397.51349999999996
2012-01-24,425.1,425.1,419.55,420.41,13458650.0,424.994,417.30549999999994,397.8436666666667
2012-01-25,454.44,454.45,443.73,446.66,34048471.0,428.504,419.47200000000004,398.54316666666665
2012-01-26,448.36,448.79,443.14,444.63,11497751.0,431.88,421.37700000000007,399.2045
2012-01-27,444.34,448.48,443.77,447.28,10630874.0,437.276,423.60900000000004,399.91283333333337
2012-01-30,445.71,453.9,445.39,453.01,13295526.0,442.39799999999997,426.0035,400.85450000000003
2012-01-31,455.59,458.24,453.07,456.48,13481635.0,449.61199999999997,428.5775,401.839
2012-02-01,458.41,458.99,455.55,456.19,9508157.0,451.51800000000003,430.82550000000003,402.7243333333334
2012-02-02,455.9,457.17,453.98,455.12,6625272.0,453.616,432.90950000000004,403.638
2012-02-03,457.3,460.0,455.56,459.68,10164851.0,456.096,434.992,404.63716666666664
2012-02-06,458.38,464.98,458.2,463.97,8825968.0,458.288,437.0705,405.5995
2012-02-07,465.25,469.75,464.58,468.83,11235701.0,460.758,439.4255,406.82533333333333
2012-02-08,470.5,476.79,469.7,476.68,14458651.0,464.85600000000005,442.0975,408.3496666666667
2012-02-09,480.76,496.75,480.56,493.17,31376086.0,472.466,445.6285000000001,410.1588333333333
2012-02-10,490.96,497.62,488.55,493.42,22330169.0,479.21400000000006,449.23,412.0615
2012-02-13,499.53,503.83,497.09,502.6,18274178.0,486.93999999999994,453.36949999999996,413.9576666666666
2012-02-14,504.66,509.56,502.0,509.46,16232930.0,495.066,457.60749999999996,416.0358333333333
2012-02-15,514.26,526.29,496.89,497.67,53306870.0,499.264,461.03550000000007,418.04016666666666
2012-02-16,491.5,504.89,486.63,502.21,33241808.0,501.072,464.7585,420.16133333333335
2012-02-17,503.11,507.77,500.3,502.12,18765242.0,502.812,468.8495,422.3798333333333
2012-02-21,506.88,514.85,504.12,514.85,21287220.0,505.26200000000006,473.22200000000004,424.6855
2012-02-22,515.08,517.83,509.5,516.39,20172814.0,506.648,478.021,427.1755
2012-02-24,519.67,522.9,518.64,522.41,14442899.0,511.596,481.8085,429.82283333333334
2012-02-27,521.31,528.5,516.28,525.76,19391974.0,516.3059999999999,485.86500000000007,432.31683333333336
2012-02-28,527.96,535.41,525.85,535.41,21056216.0,522.964,490.2715,435.0203333333333
2012-02-29,541.56,547.61,535.7,542.44,33320628.0,528.4820000000001,494.74300000000005,437.691
2012-03-01,548.17,548.21,538.77,544.47,24292048.0,534.098,499.14250000000004,440.3
2012-03-02,544.24,546.8,542.52,545.18,15181228.0,538.652,503.592,442.89133333333336
2012-03-05,545.42,547.48,526.0,533.16,28771193.0,540.132,507.49399999999997,445.2271666666667
2012-03-06,523.66,533.69,516.22,530.26,28794217.0,539.102,511.023,447.549
2012-03-07,536.8,537.78,523.3,530.69,28293036.0,536.752,514.359,449.90899999999993
2012-03-08,534.69,542.99,532.12,541.99,18340291.0,536.2560000000001,518.017,452.4311666666666
2012-03-09,544.21,547.74,543.11,545.17,14838263.0,536.2540000000001,521.4415,454.957
2012-03-12,548.98,552.0,547.0,552.0,14337321.0,540.0219999999999,524.383,457.6263333333333
2012-03-13,557.54,568.18,555.75,568.1,24296862.0,547.59,528.117,460.61449999999996
2012-03-14,578.05,594.72,575.4,589.58,50357525.0,559.368,532.466,464.10433333333333
2012-03-15,599.61,600.01,578.55,585.56,41222038.0,568.082,536.271,467.548
2012-03-16,584.72,589.2,578.0,585.59,18913416.0,576.1659999999999,540.667,470.95750000000004
2012-03-19,598.37,601.77,589.05,601.1,31650160.0,585.986,545.6115,474.60566666666665
2012-03-20,599.51,606.9,582.0,605.96,28873489.0,593.558,550.8035,478.10583333333335
2012-03-21,602.74,609.65,601.41,602.5,22272427.0,596.142,555.1859999999999,481.5401666666667
2012-03-22,597.78,604.5,595.53,599.34,22095841.0,598.898,559.3335,484.88666666666666
2012-03-23,600.49,601.8,594.4,596.05,15216789.0,600.99,563.0155,488.0986666666667
2012-03-26,599.79,606.72,595.26,606.35,17195036.0,602.04,567.045,491.429
2012-03-27,606.18,616.28,606.06,614.48,21477276.0,603.744,570.9984999999999,494.95966666666664
2012-03-28,618.38,621.45,610.31,617.62,23153951.0,606.768,574.7574999999999,498.5013333333334
2012-03-29,612.78,616.56,607.23,609.86,21099577.0,608.872,578.027,501.91566666666665
2012-03-30,608.77,610.56,597.94,599.55,25766741.0,609.572,580.7455,505.0543333333334
2012-04-02,601.83,618.77,600.38,618.63,21195261.0,612.028,585.019,508.4741666666667
2012-04-03,627.3,632.21,622.51,629.32,29658352.0,614.9959999999999,589.972,511.99566666666664
2012-04-04,624.35,625.86,617.0,624.31,20146150.0,616.3340000000001,594.653,515.3608333333334
2012-04-05,626.98,634.66,623.4,633.68,22784225.0,621.0980000000001,599.2375,518.8933333333333
2012-04-09,626.13,639.84,625.3,636.23,21230393.0,628.434,603.7905,522.4431666666667
2012-04-10,639.93,644.0,626.0,628.44,31555681.0,630.396,607.6125,525.8746666666667
2012-04-11,636.2,636.87,623.34,626.2,24749920.0,629.7719999999999,610.5175,529.2881666666667
2012-04-12,625.0,631.33,620.5,622.77,21746783.0,629.464,612.177,532.6708333333333
2012-04-13,624.11,624.7,603.51,605.23,30541381.0,623.774,613.1605,535.6796666666667
2012-04-16,610.06,610.28,578.25,580.13,37345204.0,612.554,612.8875,538.1966666666666
2012-04-17,578.94,610.0,571.91,609.7,36263222.0,608.8059999999999,613.3175,541.2291666666666
2012-04-18,613.72,620.25,602.71,608.34,33833839.0,605.234,613.4365,544.3631666666666
2012-04-19,600.22,604.73,584.52,588.21,27782816.0,598.322,612.722,547.0433333333333
2012-04-20,591.38,594.62,570.42,572.98,36396709.0,591.8720000000001,611.404,549.5861666666666
2012-04-23,570.61,576.67,556.62,571.7,34356921.0,590.186,610.1865,551.6701666666667
2012-04-24,562.61,567.69,555.0,560.28,32093202.0,580.302,607.883,553.5976666666667
2012-04-25,615.63,618.0,606.0,610.0,32164585.0,580.634,607.659,556.3096666666667
2012-04-26,614.27,614.69,602.13,607.7,18935027.0,584.532,607.163,558.8878333333334
2012-04-27,605.07,606.18,600.5,603.0,14399693.0,590.5360000000001,606.8199999999999,561.3298333333333
2012-04-30,597.8,598.4,583.0,583.98,17860973.0,592.992,606.0415,563.4596666666667
2012-05-01,584.9,596.76,581.23,582.13,21668674.0,597.3620000000001,604.2165000000001,565.5764999999999
2012-05-02,580.24,587.4,578.86,585.98,15183387.0,592.558,602.0495,567.6815
2012-05-03,590.5,591.4,580.3,581.82,13739505.0,587.382,599.925,569.6456666666667
2012-05-04,577.08,578.36,565.17,565.25,18752364.0,579.832,596.5035,571.2526666666668
2012-05-07,561.5,572.77,561.23,569.48,16387245.0,576.932,593.1659999999999,572.7993333333335
2012-05-08,569.58,571.5,558.73,568.18,17674209.0,574.142,590.153,574.0495
2012-05-09,563.7,573.97,560.85,569.18,17045096.0,570.782,587.302,575.3121666666667
2012-05-10,574.58,575.88,568.44,570.52,11742281.0,568.522,584.6895000000001,576.4441666666667
2012-05-11,565.0,574.47,564.35,566.71,14182292.0,568.8140000000001,582.7635,577.3983333333333
2012-05-14,562.57,567.51,557.6,558.22,12510803.0,566.562,581.668,578.4075
2012-05-15,561.45,563.22,551.75,553.17,16938245.0,563.5600000000001,578.8415000000001,579.2568333333332
2012-05-16,554.05,556.89,541.04,546.07,19899741.0,558.938,575.7280000000001,579.9893333333333
2012-05-17,545.31,547.5,530.12,530.12,25364722.0,550.858,572.8235,580.2438333333334
2012-05-18,533.96,543.41,522.18,530.38,25937677.0,543.592,570.6935000000001,580.477
2012-05-21,534.5,561.54,534.05,561.28,22281521.0,544.204,570.1724999999999,581.1248333333333
2012-05-22,569.55,573.88,552.58,556.97,24717703.0,544.964,570.0070000000001,581.645
2012-05-23,557.5,572.8,553.23,570.56,20587044.0,549.862,568.0350000000001,582.2308333333334
2012-05-24,575.87,576.5,561.23,565.32,17631778.0,556.902,565.9159999999999,582.6121666666667
2012-05-25,564.59,565.85,558.47,562.29,11669061.0,563.284,563.8805,582.9091666666666
2012-05-29,570.9,574.0,565.31,572.27,13464166.0,565.482,563.295,583.3606666666667
2012-05-30,569.2,579.99,566.56,579.17,18798659.0,569.9219999999999,563.1469999999999,584.1275
2012-05-31,580.74,581.5,571.46,577.73,17280851.0,571.356,562.7345,584.9186666666667
2012-06-01,569.16,572.65,560.52,560.99,18494664.0,570.49,561.693,585.4236666666667
2012-06-04,561.5,567.5,548.5,564.29,19754906.0,570.89,561.645,585.7953333333334
2012-06-05,561.27,566.47,558.33,562.83,13798208.0,569.0020000000001,561.3125,586.0896666666667
2012-06-06,567.77,573.85,565.5,571.46,14245285.0,567.46,561.4765,586.4140000000001
2012-06-07,577.29,577.32,570.5,571.72,13480672.0,566.258,561.6034999999999,586.4743333333334
2012-06-08,571.6,580.58,569.0,580.32,12217633.0,570.124,562.0935,586.32
2012-06-11,587.72,588.5,570.63,571.17,20940058.0,571.5,562.3165,586.0801666666667
2012-06-12,574.46,576.62,566.7,576.16,15377065.0,574.1659999999999,563.2135,585.923
2012-06-13,574.52,578.48,570.38,572.16,10117134.0,574.3059999999999,564.1629999999999,585.4406666666667
2012-06-14,571.24,573.5,567.26,571.53,12254015.0,574.2679999999999,565.4359999999999,584.8668333333334
2012-06-15,571.0,574.62,569.55,574.13,11418748.0,573.03,567.6365,584.394
2012-06-18,570.96,587.89,570.37,585.78,15506726.0,575.952,570.4064999999999,584.168
2012-06-19,583.4,590.0,583.1,587.41,12813489.0,578.202,571.713,584.024
2012-06-20,588.21,589.25,580.8,585.74,12706191.0,580.918,573.1514999999999,583.6804999999999
2012-06-21,585.44,588.22,577.44,577.67,11549648.0,582.146,573.507,583.0670000000001
2012-06-22,579.04,582.19,575.42,582.1,9660953.0,583.74,574.346,582.475
2012-06-25,577.3,579.8,570.37,570.76,10797549.0,580.7360000000001,574.7695,581.8233333333333
2012-06-26,571.33,574.49,567.33,572.02,9800576.0,577.658,574.7570000000001,581.3645
2012-06-27,575.0,576.74,571.92,574.5,7222796.0,575.4100000000001,574.5235,580.629
2012-06-28,571.67,574.0,565.61,569.05,10013701.0,573.6859999999999,574.0894999999999,579.6245
2012-07-02,584.73,593.47,583.6,592.52,14186051.0,575.77,575.6659999999999,579.0946666666666
2012-07-03,594.88,600.0,594.0,599.41,8625608.0,581.5,577.422,578.5234999999999
2012-07-05,600.56,614.34,599.65,609.94,17186072.0,589.084,579.7775,578.0853333333332
2012-07-06,607.09,608.44,601.58,605.88,14906219.0,595.36,581.4984999999999,577.7093333333335
2012-07-09,605.3,613.9,604.11,613.89,13471926.0,604.328,583.607,577.5041666666667
2012-07-10,617.97,619.87,605.31,608.21,18165175.0,607.466,585.0015000000001,577.2615000000001
2012-07-11,606.12,607.66,597.22,604.43,16617613.0,608.47,586.6645000000001,577.2481666666666
2012-07-12,600.24,603.47,592.68,598.9,15239351.0,606.262,587.8015,577.5609999999999
2012-07-13,602.95,607.19,600.0,604.97,11062114.0,606.08,589.442,577.4821666666667
2012-07-16,605.12,611.62,605.02,606.91,10661257.0,604.684,591.211,577.4583333333334
2012-07-17,610.79,611.5,603.15,606.94,10429507.0,604.4300000000001,592.8515,577.7705000000001
2012-07-18,606.59,608.34,603.56,606.26,8799789.0,604.796,593.8755,578.3251666666666
2012-07-19,611.28,615.35,606.0,614.32,15496417.0,607.88,595.221,579.0355
2012-07-20,613.03,614.44,603.7,604.3,14030992.0,607.746,596.149,579.7691666666667
2012-07-23,594.4,605.9,587.71,603.83,17317457.0,607.13,597.457,579.6663333333333
2012-07-24,607.38,609.68,598.51,600.92,15481042.0,605.926,598.3979999999999,579.5533333333333
2012-07-25,574.46,580.8,570.0,574.97,31250167.0,599.6679999999999,598.6085,579.0861666666666
2012-07-26,579.76,580.4,570.36,574.88,14467071.0,591.78,598.7515,578.9345
2012-07-27,575.01,585.83,571.59,585.16,14335922.0,587.952,599.2845,578.9850000000001
2012-07-30,590.92,599.44,587.82,595.03,13464349.0,586.192,600.5835,579.1358333333334
2012-07-31,603.23,611.7,602.72,610.76,16362464.0,588.16,601.4955,579.6181666666666
2012-08-01,615.9,616.4,603.0,606.81,13685396.0,594.528,601.8655,580.3108333333333
2012-08-02,602.84,610.69,600.25,607.79,11142125.0,601.1099999999999,601.758,580.9493333333334
2012-08-03,613.63,617.98,611.56,615.7,12186234.0,607.2180000000001,602.249,581.7413333333333
2012-08-06,617.29,624.86,615.26,622.55,10759421.0,612.722,602.682,582.6308333333333
2012-08-07,622.77,625.0,618.04,620.91,10348051.0,614.7520000000001,603.317,583.4706666666666
2012-08-08,619.39,623.88,617.1,619.86,8676148.0,617.362,604.0885,584.3565
2012-08-09,617.85,621.73,617.8,620.73,7840259.0,619.95,605.1800000000001,585.3983333333333
2012-08-10,618.71,621.76,618.7,621.7,6929456.0,621.15,606.0165,586.5405
2012-08-13,623.39,630.0,623.25,630.0,9884385.0,622.6400000000001,607.171,587.9393333333334
2012-08-14,631.87,638.61,630.21,631.69,12084206.0,624.796,608.4085,589.6321666666666
2012-08-15,631.3,634.0,627.75,630.83,9148419.0,626.99,609.637,591.3063333333334
2012-08-16,631.21,636.76,630.5,636.34,9040252.0,630.1120000000001,610.738,592.5573333333334
2012-08-17,640.0,648.19,638.81,648.11,15683848.0,635.394,612.9285000000001,594.0763333333333
2012-08-20,650.01,665.15,649.9,665.15,21807417.0,642.424,615.9945,595.6528333333333
2012-08-21,670.82,674.88,650.33,656.06,28806279.0,647.298,618.7515000000001,597.1651666666666
2012-08-22,654.42,669.0,648.11,668.87,20091618.0,654.906,623.4465,598.9415000000001
2012-08-23,666.11,669.9,661.15,662.63,14934753.0,660.164,627.8340000000001,600.4475
2012-08-24,659.51,669.48,655.55,663.22,15249541.0,663.186,631.737,601.8483333333334
2012-08-27,679.99,680.87,673.54,675.68,15150681.0,665.292,635.7695,603.4808333333333
2012-08-28,674.97,676.1,670.67,674.8,9477019.0,669.04,638.9715,605.3776666666666
2012-08-29,675.25,677.67,672.6,673.46,7181017.0,669.958,642.304,607.1971666666667
2012-08-30,670.64,671.55,662.85,663.86,10536301.0,670.204,645.1075,608.8809999999999
2012-08-31,667.25,668.6,657.25,665.24,11913095.0,670.608,647.5845,610.444
2012-09-04,665.76,675.14,664.5,674.97,13090385.0,670.466,650.2054999999999,612.1648333333334
2012-09-05,675.57,676.35,669.6,670.23,11965453.0,669.5519999999999,652.6715,613.6633333333333
2012-09-06,673.17,678.29,670.8,676.27,13882778.0,670.114,655.492,615.4150000000001
2012-09-07,678.05,682.48,675.77,680.44,11651332.0,673.4300000000001,658.4775,617.153
2012-09-10,680.45,683.29,662.1,662.74,17157880.0,672.9300000000001,660.5295,618.6626666666667
2012-09-11,665.11,670.1,656.5,660.59,17932537.0,670.0540000000001,662.059,620.147
2012-09-12,666.85,669.9,656.0,669.79,25161970.0,669.966,663.964,621.7413333333334
2012-09-13,677.37,685.5,674.77,682.98,21258553.0,671.308,666.5715,623.3613333333332
2012-09-14,689.95,696.98,687.89,691.28,21314633.0,673.476,669.3185,625.0925000000001
2012-09-17,699.35,699.8,694.61,699.78,13832452.0,680.884,671.9019999999999,626.9931666666668
2012-09-18,699.88,702.33,696.42,701.91,13127569.0,689.1479999999999,673.74,629.0638333333333
2012-09-19,700.26,703.99,699.57,702.1,11561454.0,695.6099999999999,676.042,631.0638333333334
2012-09-20,699.16,700.06,693.62,698.7,11936829.0,698.7539999999999,677.5335,633.1961666666667
2012-09-21,702.41,705.07,699.36,700.09,19195495.0,700.516,679.4065,635.3306666666666
2012-09-24,686.86,695.12,683.0,690.79,22716319.0,698.7180000000001,680.7850000000001,637.2688333333333
2012-09-25,688.26,692.78,673.0,673.54,18274398.0,693.044,680.6780000000001,639.0103333333333
2012-09-26,668.74,672.69,661.2,665.18,20521751.0,685.6600000000001,680.1969999999999,640.2213333333333
2012-09-27,664.29,682.17,660.35,681.32,21046667.0,682.184,680.59,641.5865
2012-09-28,678.75,681.11,666.75,667.1,18953936.0,675.586,680.752,642.5391666666667
2012-10-01,671.16,676.75,656.5,659.39,19321086.0,669.306,680.4595,643.4309999999999
2012-10-02,661.81,666.35,650.65,661.31,22280413.0,666.86,679.7765,644.2213333333333
2012-10-03,664.86,671.86,662.63,671.45,15027250.0,668.1139999999999,679.8375,645.2753333333333
2012-10-04,671.25,674.25,665.55,666.8,13144251.0,665.21,679.364,646.3148333333334
2012-10-05,665.2,666.0,651.28,652.59,20925361.0,662.308,677.9715,647.2096666666667
2012-10-08,646.88,647.56,636.11,638.17,22689941.0,658.064,676.743,647.763
2012-10-09,638.65,640.49,623.55,635.85,29830301.0,652.972,675.5060000000001,648.2453333333334
2012-10-10,639.74,644.98,637.0,640.91,18149307.0,646.864,674.062,648.8114999999999
2012-10-11,646.5,647.2,628.1,628.1,19425720.0,639.124,671.318,649.1754999999999
2012-10-12,629.56,635.38,625.3,629.71,16345527.0,634.548,668.2395,649.4320000000001
2012-10-15,632.35,635.13,623.85,634.76,15371571.0,633.866,664.9885,649.9396666666667
2012-10-16,635.37,650.3,631.0,649.79,19504205.0,636.6539999999999,662.3824999999999,650.7056666666666
2012-10-17,648.87,652.79,644.0,644.61,13855138.0,637.394,659.508,651.4338333333333
2012-10-18,639.59,642.06,630.0,632.64,16953029.0,638.302,656.2049999999999,652.395
2012-10-19,631.05,631.77,609.62,609.84,26273765.0,634.328,651.6924999999999,652.9776666666668
2012-10-22,612.42,635.38,610.76,634.03,19395313.0,634.182,648.8545,653.7921666666666
2012-10-23,631.0,633.9,611.7,613.35,25155946.0,626.894,645.845,654.0975
2012-10-24,621.44,626.55,610.64,616.83,19823377.0,621.338,643.4275,654.1986666666668
2012-10-25,620.0,622.0,605.55,609.53,20143462.0,616.7160000000001,639.838,654.244
2012-10-26,609.43,614.0,591.0,604.0,36276458.0,615.548,636.683,654.1808333333333
2012-10-31,594.88,601.96,587.7,595.32,18043028.0,607.8059999999999,633.4795,653.8411666666667
2012-11-01,598.22,603.0,594.17,596.54,12680892.0,604.4440000000001,630.241,653.4076666666666
2012-11-02,595.89,596.95,574.75,576.8,21216045.0,596.438,625.5084999999999,652.6725
2012-11-05,583.51,587.77,577.6,584.62,18833909.0,591.4559999999999,621.3995,652.0851666666666
2012-11-06,590.23,590.74,580.09,582.85,13228409.0,587.226,617.9125,651.4538333333333
2012-11-07,573.83,574.54,555.75,558.0,28188519.0,579.7620000000001,613.904,650.3921666666666
2012-11-08,560.63,562.23,535.29,537.75,37540077.0,568.0040000000001,608.999,648.8546666666666
2012-11-09,540.42,554.88,533.72,547.06,33137967.0,562.0559999999999,604.3064999999999,647.4441666666667
2012-11-12,554.15,554.5,538.65,542.83,18527030.0,553.6980000000001,600.0429999999999,645.9774999999998
2012-11-13,538.91,550.48,536.36,542.89,18714088.0,545.706,595.702,644.42
2012-11-14,545.5,547.45,536.18,536.88,16918792.0,541.482,590.808,642.5661666666667
2012-11-15,537.53,539.5,522.62,525.62,28112056.0,539.0559999999999,584.5995,640.2406666666666
2012-11-16,525.2,530.0,505.75,527.67,44930252.0,535.1780000000001,578.7524999999999,638.1008333333334
2012-11-19,540.71,567.5,539.88,565.73,29176652.0,539.758,575.407,636.3818333333332
2012-11-20,571.91,606.5,554.58,560.91,22906806.0,543.362,572.9605,634.6865
2012-11-21,564.25,567.37,556.6,561.7,13240795.0,548.326,569.3439999999999,632.9945
2012-11-23,567.17,572.0,562.6,571.5,9738065.0,557.5020000000001,567.2515,631.2581666666666
2012-11-26,575.9,590.0,573.71,589.53,22404298.0,569.874,565.8865,629.837
2012-11-27,589.55,590.42,580.1,584.78,18955234.0,573.684,564.6490000000001,628.3589999999999
2012-11-28,577.27,585.8,572.26,582.94,18519191.0,578.0899999999999,563.596,627.0103333333334
2012-11-29,590.21,594.25,585.25,589.36,18268534.0,583.6220000000001,563.298,625.7456666666666
2012-11-30,586.79,588.4,582.68,585.28,13436871.0,586.3779999999999,562.735,624.2508333333333
2012-12-03,593.65,594.59,585.5,586.19,12929634.0,585.71,563.2045,622.8501666666667
2012-12-04,581.8,581.8,572.13,575.84,19652237.0,583.9220000000001,562.7655,621.1763333333332
2012-12-05,568.91,569.25,538.77,538.79,36819185.0,575.092,560.5625,618.8155
2012-12-06,528.94,553.31,518.63,547.24,41823059.0,566.668,560.0245,616.8905
2012-12-07,553.4,555.2,530.0,533.25,27988293.0,556.262,559.7995,614.7681666666667
2012-12-10,525.0,538.51,521.58,529.82,22362559.0,544.988,558.9375,612.4353333333333
2012-12-11,539.77,549.56,537.37,541.38,21037756.0,538.0960000000001,558.865,610.0753333333333
2012-12-12,547.77,548.0,536.27,539.0,17343894.0,538.1380000000001,558.6705,607.5373333333333
2012-12-13,531.15,537.64,525.8,529.69,22160229.0,534.628,558.3109999999999,604.7025
2012-12-14,514.75,518.13,505.58,509.79,35798627.0,529.936,557.5195,601.5005000000001
2012-12-17,508.93,520.0,501.23,518.83,26869029.0,527.738,557.0775000000001,598.4459999999999
2012-12-18,525.0,534.9,520.25,533.9,22230362.0,526.2420000000001,555.486,595.6993333333334
2012-12-19,531.47,533.7,525.5,526.31,15943141.0,523.704,553.756,592.803
2012-12-20,530.0,530.2,518.88,521.73,16986997.0,522.112,551.7575,589.9853333333334
2012-12-21,512.47,519.67,510.24,519.33,20496211.0,524.02,549.1490000000001,587.4151666666668
2012-12-24,520.35,524.25,518.71,520.16,6275120.0,524.286,545.6805,584.9981666666666
2012-12-26,519.0,519.46,511.12,513.0,10739501.0,520.106,542.0915,582.1928333333333
2012-12-27,513.54,516.25,504.66,515.06,16146587.0,517.856,538.6975,579.6588333333334
2012-12-28,510.29,514.48,508.12,509.58,12458115.0,515.4259999999999,534.7085,577.162
2012-12-31,510.53,535.4,509.0,532.17,23202165.0,517.9939999999999,532.053,575.0096666666667
2013-01-02,553.82,555.0,541.63,549.03,19918296.0,523.768,530.195,572.9693333333333
2013-01-03,547.88,549.67,541.0,542.09,12457760.0,529.586,528.5075,570.8908333333333
2013-01-04,536.96,538.63,525.82,527.0,21116100.0,531.9739999999999,527.918,568.7976666666667
2013-01-07,522.0,529.3,515.2,523.9,17237398.0,534.838,526.751,566.8931666666667
2013-01-08,529.21,531.89,521.25,525.31,16237608.0,533.466,526.354,565.0508333333332
2013-01-09,522.5,525.0,515.99,517.1,14476472.0,527.08,525.7180000000001,562.9873333333333
2013-01-10,528.55,528.72,515.52,523.51,21379755.0,523.364,524.8245,561.2441666666667
2013-01-11,521.0,525.32,519.02,520.3,12378489.0,522.024,523.8895,559.4206666666666
2013-01-14,502.68,507.5,498.51,501.75,26040750.0,517.5939999999999,522.4925000000001,557.2038333333334
2013-01-15,498.3,498.99,483.38,485.92,30978767.0,509.716,521.299,554.4726666666667
2013-01-16,494.64,509.44,492.5,506.09,24519615.0,507.514,520.662,552.1640000000001
2013-01-17,510.31,510.75,502.03,502.68,16052095.0,503.34799999999996,519.101,549.9979999999999
2013-01-18,498.51,502.22,496.4,500.0,16605202.0,499.288,517.7855000000001,548.1673333333333
2013-01-22,504.56,507.88,496.63,504.77,16128528.0,499.892,516.9375,546.013
2013-01-23,508.81,514.99,504.77,514.0,22232471.0,505.508,516.6709999999999,544.3571666666667
2013-01-24,460.0,465.73,450.25,450.5,51888775.0,494.39,513.1879999999999,541.585
2013-01-25,451.69,456.23,435.0,439.88,42653526.0,481.83000000000004,509.532,538.7575
2013-01-28,437.82,453.21,435.86,449.83,27873491.0,471.796,506.27049999999997,536.188
2013-01-29,458.5,460.2,452.12,458.27,20313194.0,462.496,503.70500000000004,533.9038333333333
2013-01-30,457.0,462.6,454.5,456.83,14717980.0,451.062,499.938,531.5753333333333
2013-01-31,456.98,459.28,454.98,455.49,11228690.0,452.06000000000006,495.26099999999997,529.5535
2013-02-01,459.11,459.48,448.35,453.62,19196848.0,454.808,490.8374999999999,527.3701666666667
2013-02-04,453.91,455.94,442.0,442.31,16931445.0,453.304,486.60299999999995,525.0278333333333
2013-02-05,444.05,459.74,442.22,457.84,20330063.0,453.218,483.3,523.3584999999999
2013-02-06,456.47,466.5,452.58,457.35,21035785.0,453.322,479.90199999999993,522.0185
2013-02-07,463.25,470.0,454.12,468.22,24922500.0,455.86800000000005,477.45799999999997,520.7045
2013-02-08,474.0,478.81,470.25,474.98,22529866.0,460.14000000000004,475.03149999999994,519.5736666666667
2013-02-11,476.5,484.94,473.25,479.93,18170425.0,467.66400000000004,473.01300000000003,518.5243333333333
2013-02-12,479.51,482.38,467.74,467.9,21604505.0,469.67600000000004,471.3205,517.3746666666667
2013-02-13,467.21,473.64,463.22,467.01,16924996.0,471.608,470.375,516.3978333333333
2013-02-14,464.52,471.64,464.02,466.59,12366681.0,471.282,468.4,515.3798333333333
2013-02-15,468.85,470.16,459.92,460.16,13892780.0,468.3179999999999,466.274,513.6203333333334
2013-02-19,461.1,462.73,453.85,459.99,15487334.0,464.33000000000004,464.27349999999996,511.9383333333334
2013-02-20,457.69,457.69,448.8,448.85,16889065.0,460.52,461.47749999999996,510.0575
2013-02-21,446.0,449.17,442.82,446.06,15541637.0,456.33000000000004,458.0804999999999,507.96683333333334
2013-02-22,449.25,451.6,446.6,450.81,11682732.0,453.174,458.096,505.6548333333333
2013-02-25,453.85,455.12,442.57,442.8,13117898.0,449.70200000000006,458.242,503.28849999999994
2013-02-26,443.82,451.54,437.66,448.97,17822423.0,447.49799999999993,458.19899999999996,501.0556666666667
2013-02-27,448.43,452.44,440.65,444.57,20905531.0,446.642,457.51399999999995,498.6425
2013-02-28,444.05,447.87,441.4,441.4,11116028.0,445.71000000000004,456.7425,496.2445
2013-03-01,438.0,438.18,429.98,430.47,19544287.0,441.642,455.4915,493.6491666666667
2013-03-04,427.8,428.2,419.0,420.05,20562691.0,437.092,453.813,491.05266666666665
2013-03-05,421.48,435.19,420.75,431.14,22548015.0,433.526,453.2545,489.2585
2013-03-06,434.51,435.25,424.43,425.66,16363743.0,429.744,451.64549999999997,487.23216666666667
2013-03-07,424.5,432.01,421.06,430.58,16638398.0,427.58000000000004,450.3070000000001,485.52099999999996
2013-03-08,429.8,435.43,428.61,431.72,13815814.0,427.83000000000004,448.48199999999997,483.886
2013-03-11,429.75,439.01,425.14,437.87,16474783.0,431.39400000000006,446.6265,482.1608333333333
2013-03-12,435.6,438.88,427.57,428.43,16533808.0,430.85200000000003,444.05150000000003,480.318
2013-03-13,428.45,434.5,425.36,428.35,14389219.0,431.39000000000004,442.07399999999996,478.629
2013-03-14,432.83,434.64,430.45,432.5,10750828.0,431.77400000000006,440.34849999999994,477.34083333333336
2013-03-15,437.93,444.23,437.25,443.66,22431493.0,434.162,439.20200000000006,476.08799999999997
2013-03-18,441.45,457.46,441.2,455.72,21323310.0,437.73199999999997,438.98,474.78499999999997
2013-03-19,459.5,460.97,448.5,454.49,18718733.0,442.9440000000001,438.70500000000004,473.58799999999997
2013-03-20,457.42,457.63,449.59,452.08,10929598.0,447.69000000000005,438.8665,472.42716666666666
2013-03-21,450.22,457.98,450.1,452.73,13535977.0,451.73600000000005,439.2,471.3171666666667
2013-03-22,454.58,462.1,453.11,461.91,13919378.0,455.3860000000001,439.755,470.34633333333335
2013-03-25,464.69,469.95,461.78,463.58,17807602.0,456.95799999999997,440.794,469.5226666666667
2013-03-26,465.44,465.84,460.53,461.13,10402131.0,458.28599999999994,441.40200000000004,468.6238333333333
2013-03-27,456.46,456.8,450.73,452.08,11623487.0,458.28600000000006,441.77750000000003,467.6655
2013-03-28,449.82,451.81,441.62,442.66,15574723.0,456.27200000000005,441.84049999999996,466.1736666666667
2013-04-01,441.9,443.69,427.74,428.91,13795202.0,449.672,441.7625,464.17166666666674
2013-04-02,427.6,438.14,426.4,429.79,18649096.0,442.91400000000004,442.24950000000007,462.3
2013-04-03,431.37,437.28,430.31,431.99,12883821.0,437.08599999999996,442.29200000000003,460.71650000000005
2013-04-04,433.76,435.0,425.25,427.72,12765029.0,432.21400000000006,442.395,459.11350000000004
2013-04-05,424.5,424.95,419.68,423.2,13602267.0,428.322,442.026,457.41166666666663
2013-04-08,424.85,427.5,422.49,426.21,10683094.0,427.78200000000004,441.7505,455.89683333333335
2013-04-09,426.36,428.5,422.75,426.98,10909171.0,427.21999999999997,441.20599999999996,454.28800000000007
2013-04-10,428.1,437.06,426.01,435.69,13369846.0,427.96000000000004,441.56899999999996,452.8778333333333
2013-04-11,433.72,437.99,431.2,434.33,11699081.0,429.282,441.86800000000005,451.75416666666666
2013-04-12,434.15,434.15,429.09,429.8,8418531.0,430.60200000000003,441.73300000000006,450.8188333333334
2013-04-15,427.0,427.89,419.55,419.85,11231721.0,429.33000000000004,440.5424999999999,449.3815
2013-04-16,421.57,426.61,420.57,426.24,10819025.0,429.18199999999996,439.0685,448.1075
2013-04-17,420.27,420.6,398.11,402.8,33630797.0,422.604,436.48400000000004,446.4875
2013-04-18,404.99,405.79,389.74,392.05,23672170.0,414.148,433.48249999999996,444.60883333333334
2013-04-19,387.97,399.6,385.1,390.53,21630475.0,406.294,430.37250000000006,442.55100000000004
2013-04-22,392.64,402.2,391.27,398.67,15271434.0,402.058,427.21049999999997,441.68716666666666
2013-04-23,403.99,408.38,398.81,406.13,18496158.0,398.036,424.338,441.12466666666666
2013-04-24,393.54,415.25,392.5,405.46,34277609.0,398.56800000000004,421.5545,440.3851666666667
2013-04-25,411.22,413.94,407.0,408.38,13681215.0,401.83399999999995,419.36949999999996,439.5536666666667
2013-04-26,409.81,418.76,408.25,417.2,27217949.0,407.168,418.0965,438.8931666666667
2013-04-29,420.45,433.61,420.0,430.12,22768940.0,413.45799999999997,418.157,438.4703333333334
2013-04-30,435.1,445.25,432.07,442.78,24506982.0,420.788,418.8065,438.2896666666667
2013-05-01,444.46,444.93,434.39,439.29,18049279.0,427.554,419.17150000000004,438.2393333333333
2013-05-02,441.78,448.59,440.63,445.52,14999234.0,434.98199999999997,420.06149999999997,438.034
2013-05-03,451.31,453.23,449.15,449.98,12829211.0,441.538,421.4005,437.9111666666667
2013-05-06,455.71,462.2,454.31,460.71,17656752.0,447.65600000000006,423.1255,437.786
2013-05-07,464.97,465.75,453.7,458.65,17185826.0,450.83000000000004,424.709,437.51383333333337
2013-05-08,459.04,465.37,455.81,463.84,16741560.0,455.73999999999995,426.1165,437.2456666666667
2013-05-09,459.81,463.0,455.58,456.77,13928899.0,457.98999999999995,427.23850000000004,437.0601666666667
2013-05-10,457.97,459.71,450.48,452.97,11899096.0,458.588,428.39700000000005,436.82616666666667
2013-05-13,451.51,457.9,451.5,454.74,11260518.0,457.39400000000006,430.1415,436.6286666666667
2013-05-14,453.85,455.2,442.15,443.86,15839824.0,454.436,431.02250000000004,436.357
2013-05-15,439.16,441.0,422.36,428.85,25683158.0,447.438,432.325,435.83799999999997
2013-05-16,423.24,437.85,418.9,434.57,21493167.0,442.99800000000005,434.451,435.6
2013-05-17,439.05,440.09,431.01,433.26,15239018.0,439.05600000000004,436.5875,435.38666666666666
2013-05-20,431.91,445.8,430.1,442.93,15936816.0,436.6940000000001,438.8005,435.25533333333334
2013-05-21,438.15,445.48,434.2,439.66,16242694.0,435.854,440.477,435.2029999999999
2013-05-22,444.05,448.35,438.22,441.35,15745635.0,438.354,442.2715,435.076
2013-05-23,435.95,446.16,435.79,442.14,12537936.0,439.86800000000005,443.95949999999993,435.0355
2013-05-24,440.85,445.66,440.36,445.15,9710046.0,442.246,445.3570000000001,435.098
2013-05-28,449.9,451.11,440.85,441.43,13663179.0,441.946,445.9225,435.28066666666666
2013-05-29,440.0,447.5,439.4,444.95,11760963.0,443.004,446.03099999999995,435.6956666666666
2013-05-30,445.65,454.5,444.51,451.58,12552222.0,445.05,446.64549999999997,436.03633333333335
2013-05-31,452.5,457.1,449.5,449.73,13067676.0,446.56800000000004,446.85599999999994,436.4375
2013-06-03,450.73,452.36,442.48,450.72,13175665.0,447.68199999999996,446.89300000000003,436.7731666666667
2013-06-04,453.22,454.43,447.39,449.31,10260581.0,449.258,446.323,437.0663333333333
2013-06-05,445.65,450.72,443.71,445.11,10308490.0,449.28999999999996,445.646,437.187
2013-06-06,445.47,447.0,434.05,438.46,14774923.0,446.666,444.37699999999995,437.3541666666667
2013-06-07,436.5,443.24,432.77,441.81,14364826.0,445.082,443.629,437.57849999999996
2013-06-10,444.73,449.07,436.8,438.89,15969384.0,442.716,442.925,437.685
2013-06-11,435.74,442.76,433.32,437.6,10194324.0,440.37399999999997,442.06800000000004,437.584
2013-06-12,439.5,441.25,431.5,432.19,9416279.0,437.78999999999996,441.4844999999999,437.1918333333333
2013-06-13,432.5,437.14,428.75,435.96,10099092.0,437.28999999999996,441.84000000000003,436.883
2013-06-14,435.4,436.29,428.5,430.05,9348249.0,434.938,441.6139999999999,436.51583333333326
2013-06-17,431.44,435.7,430.36,432.0,9189258.0,433.56000000000006,441.55100000000004,436.1703333333333
2013-06-18,431.56,434.9,430.21,431.77,6877502.0,432.39399999999995,440.99300000000005,435.66799999999995
2013-06-19,431.4,431.66,423.0,423.0,10345190.0,430.5559999999999,440.16,434.9916666666667
2013-06-20,419.3,425.98,415.17,416.83,12604898.0,426.73,438.934,434.25333333333333
2013-06-21,418.49,420.0,408.1,413.5,16829170.0,423.41999999999996,437.50200000000007,433.61033333333336
2013-06-24,407.4,408.66,398.05,402.54,16630294.0,417.52799999999996,435.3715,432.94166666666666
2013-06-25,405.7,407.79,398.83,402.63,11193057.0,411.7,433.43149999999997,432.5036666666666
2013-06-26,403.9,404.79,395.66,398.07,13088762.0,406.714,431.0875,431.975
2013-06-27,399.25,401.39,393.54,393.78,11734600.0,402.104,428.19750000000005,431.33816666666667
2013-06-28,391.36,400.27,388.87,396.53,16841623.0,398.71,425.5375,430.8183333333333
2013-07-01,402.69,412.27,401.22,409.22,13904204.0,400.046,423.4625,430.5853333333334
2013-07-02,409.96,421.63,409.47,418.49,16643113.0,403.21799999999996,421.92150000000004,430.45666666666665
2013-07-03,420.86,422.98,417.45,420.8,8603985.0,407.764,420.706,430.35366666666664
2013-07-05,420.39,423.29,415.35,417.42,9577696.0,412.492,419.654,430.0491666666667
2013-07-08,420.11,421.0,410.65,415.05,10432375.0,416.196,418.316,429.7278333333333
2013-07-09,413.6,423.5,410.38,422.35,12549966.0,418.822,417.4889999999999,429.6036666666667
2013-07-10,419.6,424.8,418.25,420.73,9970138.0,419.27,416.64549999999997,429.6183333333334
2013-07-11,422.95,428.25,421.17,427.28,11600975.0,420.566,416.4,429.6356666666667
2013-07-12,427.65,429.79,423.41,426.51,9926730.0,422.384,415.92749999999995,430.0308333333333
2013-07-15,425.01,431.46,424.8,427.44,8618095.0,424.86199999999997,415.797,430.6206666666667
2013-07-16,426.52,430.71,424.17,430.19,7617346.0,426.43,415.70650000000006,431.28166666666664
2013-07-17,429.7,432.22,428.22,430.31,7091064.0,428.346,415.6335,431.809
2013-07-18,433.38,434.87,430.61,431.75,7777683.0,429.23999999999995,416.071,432.236
2013-07-19,433.1,433.98,424.35,424.95,9485232.0,428.92800000000005,416.47700000000003,432.56083333333333
2013-07-22,429.46,429.75,425.46,426.31,7271905.0,428.70200000000006,417.1175,432.8596666666666
2013-07-23,426.0,426.96,418.71,418.99,9407814.0,426.462,417.93999999999994,432.88950000000006
2013-07-24,438.93,444.59,435.26,440.51,21050187.0,428.50200000000007,419.834,433.06266666666664
2013-07-25,440.7,441.4,435.81,438.5,8178860.0,429.85200000000003,421.8555,432.99133333333333
2013-07-26,435.3,441.04,434.34,440.99,7115630.0,433.06000000000006,424.216,433.0196666666667
2013-07-29,440.8,449.99,440.2,447.79,8814022.0,437.35600000000005,426.779,433.0575
2013-07-30,449.96,457.15,449.23,453.32,11010899.0,444.22200000000004,428.98400000000004,433.1131666666667
2013-07-31,454.99,457.34,449.43,452.53,11488900.0,446.62600000000003,430.686,432.97683333333333
2013-08-01,455.75,456.8,453.26,456.67,7294178.0,450.26000000000005,432.47950000000003,432.9438333333333
2013-08-02,458.01,462.85,456.66,462.54,9695154.0,454.57,434.73550000000006,432.9221666666666
2013-08-05,464.69,470.67,462.15,469.45,11307912.0,458.90200000000004,437.4554999999999,433.13349999999997
2013-08-06,468.02,471.89,462.17,465.25,11809093.0,461.288,439.6005,433.33816666666667
2013-08-07,463.8,467.0,461.77,464.98,10635261.0,463.77799999999996,441.813,433.5088333333333
2013-08-08,463.85,464.1,457.95,461.01,9112579.0,464.646,443.4995,433.79466666666667
2013-08-09,458.64,460.46,453.65,454.45,9451904.0,463.02799999999996,444.8965,434.2213333333333
2013-08-12,456.86,468.65,456.63,467.36,12941550.0,462.61,446.89250000000004,434.76783333333333
2013-08-13,470.94,494.66,468.05,489.57,31220429.0,467.474,449.8615,435.7063333333333
2013-08-14,497.88,504.25,493.4,498.5,26793605.0,474.17800000000005,453.271,436.6325
2013-08-15,496.42,502.39,489.08,497.91,17274963.0,481.558,456.579,437.60333333333335
2013-08-16,500.15,502.94,498.86,502.33,12129344.0,491.134,460.44800000000004,438.61966666666666
2013-08-19,504.34,513.74,504.0,507.74,18128174.0,499.21000000000004,464.5195,439.71299999999997
2013-08-20,509.71,510.57,500.82,501.07,12718777.0,501.51000000000005,468.6235,440.6449999999999
2013-08-21,503.59,507.15,501.2,502.36,11815580.0,502.282,471.716,441.66049999999996
2013-08-22,504.98,505.59,498.2,502.96,8669317.0,503.29200000000003,474.93899999999996,442.6273333333334
2013-08-23,503.27,503.35,499.35,501.02,7878271.0,503.03000000000003,477.9405,443.4513333333333
2013-08-26,500.75,510.2,500.5,502.97,11748281.0,502.076,480.69950000000006,444.33866666666665
2013-08-27,498.0,502.51,486.3,488.59,15068218.0,499.58000000000004,482.4629999999999,444.9698333333333
2013-08-28,486.0,495.8,486.0,490.89,10861444.0,497.28599999999994,484.38100000000003,445.66283333333337
2013-08-29,491.65,496.5,491.13,491.7,8454973.0,495.034,486.1325,446.43933333333337
2013-08-30,492.0,492.95,486.5,487.21,9537385.0,492.27199999999993,487.366,447.25183333333337
2013-09-03,493.1,500.6,487.35,488.58,11824824.0,489.39400000000006,488.32250000000005,448.03133333333335
2013-09-04,499.56,502.24,496.28,498.69,12236672.0,491.41399999999993,489.9945000000001,449.028
2013-09-05,500.25,500.68,493.64,495.27,8348169.0,492.28999999999996,491.5089999999999,449.9891666666666
2013-09-06,498.44,499.38,489.95,498.22,12497319.0,493.59399999999994,493.3695000000001,451.0896666666667
2013-09-09,505.0,507.92,503.48,506.17,12004896.0,497.38599999999997,495.95550000000003,452.25983333333335
2013-09-10,506.2,507.45,489.5,494.64,26314428.0,498.59799999999996,497.31949999999995,453.33633333333336
2013-09-11,467.01,473.69,464.81,467.71,31712886.0,492.40199999999993,496.22649999999993,453.9315
2013-09-12,468.5,475.4,466.01,472.69,14366516.0,487.88599999999997,494.936,454.61350000000004
2013-09-13,469.34,471.82,464.7,464.9,10552171.0,481.2219999999999,493.28549999999996,455.3118333333333
2013-09-16,461.0,461.61,447.22,450.12,19424286.0,470.012,490.675,455.8666666666667
2013-09-17,447.96,459.71,447.5,455.32,14217192.0,462.14799999999997,488.054,456.5636666666667
2013-09-18,463.18,466.35,460.66,464.68,16182035.0,461.54200000000003,486.2345,457.59933333333333
2013-09-19,470.7,475.83,469.25,472.3,14321462.0,461.46399999999994,484.7315,458.76050000000004
2013-09-20,478.0,478.55,466.0,467.41,21014197.0,461.966,482.954,459.9161666666667
2013-09-23,496.1,496.91,482.6,490.64,27096208.0,470.07000000000005,482.43500000000006,461.53049999999996
2013-09-24,494.88,495.47,487.82,489.1,12901860.0,476.826,481.7415,463.0733333333334
2013-09-25,489.2,489.64,481.43,481.53,11240103.0,480.196,481.3885,464.2785
2013-09-26,486.0,488.56,483.9,486.22,8300802.0,482.98,481.15500000000003,465.4073333333334
2013-09-27,483.78,484.67,480.72,482.75,8073543.0,486.04800000000006,480.7075000000001,466.4398333333334
2013-09-30,477.25,481.66,474.41,476.75,9147113.0,483.27,480.1845,467.4286666666667
2013-10-01,478.45,489.14,478.38,487.96,12000740.0,483.04200000000003,480.1535,468.64383333333336
2013-10-02,485.63,491.8,483.75,489.56,10218213.0,484.64799999999997,479.69699999999995,469.76399999999995
2013-10-03,490.51,492.35,480.73,483.41,10476127.0,484.08600000000007,479.104,470.8086666666667
2013-10-04,483.86,484.6,478.6,483.03,9201717.0,484.142,478.3445,471.73783333333336
2013-10-07,486.56,492.65,485.35,487.75,11086670.0,486.342,477.4235,472.7585
2013-10-08,489.94,490.64,480.54,480.94,10234876.0,484.938,476.73850000000004,473.6501666666666
2013-10-09,484.64,487.79,478.28,486.58,10340236.0,484.342,477.6820000000001,474.59000000000003
2013-10-10,491.32,492.38,487.04,489.63,9813733.0,485.58599999999996,478.529,475.5786666666666
2013-10-11,486.99,493.84,485.16,492.81,9497347.0,487.54200000000003,479.9245000000001,476.5963333333333
2013-10-14,489.83,497.58,489.35,496.04,9276534.0,489.2,482.2205,477.78116666666665
2013-10-15,497.5,502.0,495.52,498.68,11337014.0,492.74799999999993,484.3885,478.98733333333337
2013-10-16,500.79,502.53,499.23,501.11,8857223.0,495.654,486.21000000000004,480.356
2013-10-17,499.98,504.78,499.68,504.5,8944990.0,498.628,487.82000000000005,481.4225
2013-10-18,505.99,509.26,505.71,508.89,10228743.0,501.84400000000005,489.89400000000006,482.5956666666667
2013-10-21,511.77,524.3,511.52,521.36,14044336.0,506.908,491.43,483.9351666666667
2013-10-22,526.4,528.45,508.03,519.86,18995236.0,511.14400000000006,492.96799999999996,485.13633333333325
2013-10-23,519.0,525.67,519.0,524.96,11133678.0,515.914,495.13950000000006,486.33033333333333
2013-10-24,525.0,532.47,522.45,531.91,12283362.0,521.396,497.424,487.65333333333336
2013-10-25,531.31,533.23,525.11,525.95,11966505.0,524.808,499.58399999999995,488.80800000000005
2013-10-28,529.04,531.0,523.21,529.87,14244044.0,526.51,502.23999999999995,489.9301666666667
2013-10-29,536.27,539.25,514.54,516.67,22548872.0,525.8720000000001,503.6755,490.7171666666666
2013-10-30,519.61,527.52,517.02,524.89,12517318.0,525.858,505.442,491.71116666666666
2013-10-31,525.0,527.49,521.27,522.7,9476817.0,524.016,507.40650000000005,492.67316666666665
2013-11-01,524.02,524.8,515.84,520.03,9691573.0,522.832,509.2565000000001,493.65683333333334
2013-11-04,521.1,526.82,518.81,526.75,8676409.0,522.208,511.20650000000006,494.8618333333334
2013-11-05,524.58,528.88,523.0,525.44,9391326.0,523.9620000000001,513.4314999999999,495.82983333333334
2013-11-06,524.15,524.86,518.2,520.92,7460519.0,523.1679999999999,515.1485,496.3523333333333
2013-11-07,519.58,523.19,512.38,512.49,9309980.0,521.126,516.2915,496.5855
2013-11-08,514.58,521.13,512.59,520.56,9889882.0,521.2320000000001,517.6790000000001,496.963
2013-11-11,519.99,521.67,514.41,519.04,8090822.0,519.6899999999999,518.829,497.2415
2013-11-12,517.67,523.92,517.0,520.01,7277666.0,518.604,519.8955,497.446
2013-11-13,518.0,522.25,516.96,520.63,6986345.0,518.546,520.8715,497.772
2013-11-14,522.81,529.28,521.87,528.16,10008490.0,521.68,522.0545,498.20200000000006
2013-11-15,526.58,529.09,524.49,524.99,11313140.0,522.566,522.8595,498.5691666666666
2013-11-18,524.99,527.19,518.2,518.62,8685237.0,522.482,522.7225,498.8625
2013-11-19,519.03,523.38,517.97,519.55,7396988.0,522.39,522.707,499.13883333333337
2013-11-20,519.23,520.42,514.33,515.0,6873146.0,521.2639999999999,522.2090000000001,499.579
2013-11-21,517.6,521.21,513.67,521.13,9284785.0,519.858,521.67,500.08299999999997
2013-11-22,519.52,522.16,518.53,519.8,7252882.0,518.8199999999999,521.3625,500.5513333333333
2013-11-25,521.02,525.87,521.0,523.74,8162701.0,519.8439999999999,521.0559999999999,501.16016666666667
2013-11-26,524.12,536.14,524.0,533.4,13589260.0,522.614,521.8925,501.9071666666667
2013-11-27,536.31,546.0,536.17,545.96,12828079.0,528.8059999999999,522.946,502.695
2013-11-29,549.48,558.33,547.81,556.07,11353916.0,535.7940000000001,524.6144999999999,503.7083333333333
2013-12-02,558.0,564.33,550.82,551.23,16773781.0,542.08,526.1745,504.5918333333333
2013-12-03,558.3,566.38,557.68,566.32,15977418.0,550.5960000000001,528.153,505.59433333333334
2013-12-04,565.5,569.19,560.82,565.0,13441048.0,556.9159999999999,530.1310000000001,506.767
2013-12-05,572.65,575.13,566.41,567.9,15906061.0,561.304,532.48,508.4368333333333
2013-12-06,565.79,566.75,559.57,560.02,12181090.0,562.0939999999999,534.8565000000001,509.89233333333334
2013-12-09,560.9,569.58,560.9,566.43,11378451.0,565.134,537.15,511.5845
2013-12-10,563.58,567.88,561.2,565.55,9434633.0,564.98,539.4755,513.5083333333333
2013-12-11,567.0,570.97,559.69,561.36,12785322.0,564.252,541.543,515.2756666666667
2013-12-12,562.14,565.34,560.03,560.54,9274940.0,562.78,543.5385,516.8733333333333
2013-12-13,562.85,562.88,553.67,554.43,11808403.0,561.662,544.8520000000001,518.2421666666667
2013-12-16,555.02,562.63,555.01,557.5,10016255.0,559.876,546.4775,519.7436666666666
2013-12-17,555.81,559.44,553.37,554.99,8121883.0,557.7639999999999,548.296,520.8161666666667
2013-12-18,549.7,551.45,538.8,550.77,20019525.0,555.646,549.857,521.8439999999999
2013-12-19,549.5,550.0,543.73,544.46,11370063.0,552.43,551.3299999999999,522.8928333333333
2013-12-20,545.43,551.61,544.81,549.02,14234716.0,551.348,552.7245,523.9395
2013-12-23,568.0,570.72,562.76,570.09,17753807.0,553.866,555.239,525.3951666666667
2013-12-24,569.89,571.88,566.03,567.67,5980842.0,556.402,557.4355,526.9105
2013-12-26,568.1,569.5,563.37,563.9,7261541.0,559.028,558.9604999999999,528.1761666666666
2013-12-27,563.82,564.41,559.5,560.09,8014229.0,562.1540000000001,559.667,529.3516666666667
2013-12-30,557.46,558.05,552.32,554.52,8833377.0,563.2539999999999,559.5895,530.5368333333333
2013-12-31,554.17,561.28,554.0,561.02,7917083.0,561.4399999999999,560.079,531.8366666666667
2014-01-02,555.68,557.03,552.02,553.13,8307539.0,558.5319999999999,559.4195,532.9263333333333
2014-01-03,552.86,553.7,540.43,540.98,13865515.0,553.948,558.2185,533.927
2014-01-06,537.45,546.8,533.6,543.93,14506214.0,550.716,557.02,534.8828333333333
2014-01-07,544.32,545.96,537.92,540.03,11377006.0,547.818,556.0205,535.7228333333334
2014-01-08,538.81,545.56,538.69,543.46,9141088.0,544.3059999999999,554.872,536.567
2014-01-09,546.8,546.86,535.35,536.51,9913317.0,540.982,553.42,537.2415
2014-01-10,539.83,540.8,531.11,532.94,10838490.0,539.374,551.999,537.8125
2014-01-13,529.91,542.5,529.88,535.73,13550709.0,537.734,550.7585,538.3895
2014-01-14,538.22,546.73,537.66,546.39,11795088.0,539.0060000000001,550.3565,539.0876666666667
2014-01-15,553.52,560.2,551.66,557.36,13763437.0,541.7860000000001,550.3495,539.8955
2014-01-16,554.9,556.85,551.68,554.25,8151629.0,545.3340000000001,550.3125,540.4436666666667
2014-01-17,551.48,552.07,539.9,540.67,15145596.0,546.88,549.8075,540.7905
2014-01-21,540.99,550.07,540.42,549.07,11649150.0,549.548,550.038,541.1923333333333
2014-01-22,550.91,557.29,547.81,551.51,13516116.0,550.5719999999999,550.1625,541.519
2014-01-23,549.94,556.5,544.8,556.18,14346031.0,550.336,549.467,542.0228333333333
2014-01-24,554.0,555.62,544.75,546.07,15349129.0,548.7,548.387,542.2928333333333
2014-01-27,550.07,554.8,545.75,550.5,15087736.0,550.6659999999999,547.717,542.8566666666667
2014-01-28,508.76,515.0,502.07,506.5,37009491.0,542.152,545.0375,542.5501666666667
2014-01-29,503.95,507.37,498.62,500.75,17902189.0,532.0,542.3489999999999,542.1843333333334
2014-01-30,502.54,506.5,496.7,499.78,24131649.0,520.72,539.287,541.8468333333333
2014-01-31,495.18,501.53,493.55,500.6,16465665.0,511.6259999999999,536.6605,541.411
2014-02-03,502.61,507.73,499.3,501.53,13705873.0,501.832,534.688,541.0125
2014-02-04,505.85,509.46,502.76,508.79,13715155.0,502.28999999999996,532.931,540.8103333333333
2014-02-05,506.56,515.28,506.25,512.59,11540851.0,504.658,531.559,540.812
2014-02-06,510.06,513.5,507.81,512.51,9179317.0,507.204,530.0115,540.6778333333333
2014-02-07,521.38,522.93,517.38,519.68,13176301.0,511.02,529.17,540.6885
2014-02-10,518.66,531.99,518.0,529.1,12308288.0,516.534,528.978,540.8399999999999
2014-02-11,530.61,537.75,529.5,535.96,10030234.0,521.9680000000001,528.9895,541.0955
2014-02-12,536.95,539.56,533.24,535.91,10979741.0,526.632,528.4655,541.2246666666666
2014-02-13,534.66,544.85,534.2,544.42,10938196.0,533.0139999999999,527.8185,541.5485
2014-02-14,542.47,545.98,541.21,544.0,9724007.0,537.878,527.3059999999999,541.9715
2014-02-18,546.0,551.19,545.61,545.94,9259399.0,541.2459999999999,527.5695,542.4113333333332
2014-02-19,544.75,546.89,534.35,537.37,11077559.0,541.528,526.9845,542.7841666666667
2014-02-20,532.99,537.0,529.0,531.15,10868982.0,540.576,525.9665,542.9511666666666
2014-02-21,532.79,534.57,524.6,525.25,9903193.0,536.742,524.42,543.042
2014-02-24,523.15,529.92,522.42,527.55,10135383.0,533.452,523.4939999999999,543.1055
2014-02-25,529.38,529.56,521.0,522.06,8251273.0,528.6759999999999,522.072,542.9164999999999
2014-02-26,523.61,525.0,515.6,517.35,9821812.0,524.6719999999999,522.6144999999999,542.4396666666667
2014-02-27,517.14,528.78,516.05,527.67,10605129.0,523.976,523.9604999999999,541.9663333333333
2014-02-28,529.08,532.75,522.12,526.24,13047056.0,524.174,525.2834999999999,541.5498333333334
2014-03-03,523.42,530.65,522.81,527.76,8485142.0,524.216,526.6415,540.9071666666666
2014-03-04,531.0,532.64,527.77,531.24,9225291.0,526.052,528.1270000000001,540.3445
2014-03-05,530.92,534.75,529.13,532.36,7102358.0,529.054,529.3054999999999,539.7521666666667
2014-03-06,532.79,534.44,528.1,530.75,6332715.0,529.67,530.2135000000001,539.2643333333333
2014-03-07,531.09,531.98,526.05,530.44,7819701.0,530.51,531.11,538.6645
2014-03-10,528.36,533.33,528.33,530.92,6236914.0,531.142,531.672,538.0873333333333
2014-03-11,535.45,538.74,532.59,536.09,9906677.0,532.1120000000001,532.0215000000001,537.6661666666666
2014-03-12,534.51,537.35,532.0,536.61,7104558.0,532.9620000000001,532.0540000000001,537.2673333333333
2014-03-13,537.44,539.66,529.16,530.65,9156898.0,532.942,531.7909999999999,536.871
2014-03-14,528.79,530.89,523.0,524.69,8407142.0,531.792,530.8045,536.3241666666667
2014-03-17,527.7,529.97,525.85,526.74,7067002.0,530.956,529.9415000000001,535.8533333333334
2014-03-18,525.9,531.97,525.2,531.32,7450577.0,530.0020000000001,529.2105,535.5291666666667
2014-03-19,532.26,536.24,529.0,531.26,7996733.0,528.932,528.905,535.3091666666667
2014-03-20,529.89,532.67,527.35,528.7,7398578.0,528.542,528.7825,534.9705
2014-03-21,531.93,533.75,526.33,532.87,12773939.0,530.1780000000001,529.1635,534.3501666666666
2014-03-24,538.42,540.5,535.06,539.19,12559176.0,532.668,529.7455000000001,533.8755
2014-03-25,541.5,545.75,539.59,544.99,9956036.0,535.402,530.892,533.5603333333333
2014-03-26,546.52,549.0,538.86,539.78,10530916.0,537.106,532.0135,533.2218333333333
2014-03-27,540.01,541.5,535.12,537.46,7877778.0,538.858,532.503,532.9375
2014-03-28,538.32,538.94,534.25,536.86,7068978.0,539.656,533.034,532.5348333333334
2014-03-31,539.23,540.81,535.93,536.73,5957782.0,539.164,533.4825000000001,532.2615000000001
2014-04-01,537.76,541.87,536.77,541.65,7135437.0,538.496,534.0029999999999,532.2726666666666
2014-04-02,542.38,543.48,540.26,542.55,6387115.0,539.05,534.5125,532.2496666666667
2014-04-03,541.39,542.5,537.64,538.79,5774737.0,539.316,534.9145000000001,532.2289999999999
2014-04-04,539.81,540.0,530.58,531.82,9778646.0,538.308,534.9835,532.035
2014-04-07,528.02,530.9,521.89,523.47,10250516.0,535.656,534.611,531.8176666666667
2014-04-08,525.19,526.12,518.7,523.44,8684407.0,532.014,533.9784999999999,531.6593333333333
2014-04-09,522.64,530.49,522.02,530.32,7312505.0,529.568,533.664,531.5691666666667
2014-04-10,530.68,532.24,523.17,523.48,8493543.0,526.5060000000001,533.3055,531.1873333333334
2014-04-11,519.0,522.83,517.14,519.61,9687084.0,524.064,533.0515,530.5581666666666
2014-04-14,521.9,522.16,517.21,521.68,7305003.0,523.706,532.7985,530.0153333333333
2014-04-15,520.27,521.64,511.33,517.96,9460375.0,522.61,532.1305,529.6368333333334
2014-04-16,518.05,521.09,514.13,519.01,7460654.0,520.348,531.5179999999999,529.1358333333334
2014-04-17,520.0,527.76,519.2,524.94,10086672.0,520.64,531.33,528.693
2014-04-21,525.34,532.14,523.96,531.17,6503377.0,522.952,531.245,528.2761666666667
2014-04-22,528.31,531.82,526.5,531.69,7201111.0,524.954,530.87,528.0364999999999
2014-04-23,529.06,531.13,524.45,524.75,9412480.0,526.312,529.858,527.6073333333333
2014-04-24,568.21,570.0,560.73,567.77,26993490.0,536.0640000000001,531.2575,528.6285
2014-04-25,564.53,571.99,563.96,571.94,13844013.0,545.464,532.9815,529.815
2014-04-28,572.8,595.75,572.55,594.09,23834137.0,558.048,535.8430000000001,531.3868333333334
2014-04-29,593.74,595.98,589.51,592.33,11948444.0,570.176,538.6229999999999,532.9156666666667
2014-04-30,592.64,599.43,589.8,590.09,16139441.0,583.244,541.045,534.3916666666667
2014-05-01,592.0,594.8,586.36,591.48,8693603.0,587.9860000000001,543.4915000000001,535.7698333333333
2014-05-02,592.34,594.2,589.71,592.58,6773534.0,592.114,546.181,537.103
2014-05-05,590.14,601.0,590.0,600.96,10008699.0,593.488,549.638,538.5771666666667
2014-05-06,601.8,604.41,594.41,594.41,13203343.0,593.904,553.1850000000001,539.8226666666667
2014-05-07,595.25,597.29,587.73,592.33,10043238.0,594.3520000000001,556.6295,540.8765
2014-05-08,588.25,595.32,586.4,587.99,8157473.0,593.654,559.513,541.7436666666666
2014-05-09,584.54,586.25,580.33,585.54,10381509.0,592.246,562.616,542.5708333333333
2014-05-12,587.49,593.66,587.4,592.83,7574251.0,590.62,566.277,543.3776666666666
2014-05-13,592.0,594.54,590.7,593.76,5685246.0,590.49,569.8810000000001,544.207
2014-05-14,592.43,597.4,591.74,593.87,5914424.0,590.798,573.6764999999999,545.0058333333334
2014-05-15,594.7,596.6,588.04,588.82,8183686.0,590.964,577.1670000000001,545.8633333333333
2014-05-16,588.63,597.53,585.4,597.51,9800339.0,593.358,580.7955,546.9693333333333
2014-05-19,597.85,607.33,597.33,604.59,11237928.0,595.71,584.4665,548.2916666666666
2014-05-20,604.51,606.4,600.73,604.71,8299732.0,597.9,588.1175000000001,549.5776666666666
2014-05-21,603.83,606.7,602.06,606.31,7021664.0,600.388,592.1955,550.9818333333334
2014-05-22,606.6,609.85,604.1,607.27,7156763.0,604.078,594.1705,552.4805
2014-05-23,607.25,614.72,606.47,614.13,8255316.0,607.402,596.28,553.9215
2014-05-27,615.88,625.86,615.63,625.63,12385615.0,611.61,597.8570000000001,555.578
2014-05-28,626.02,629.83,623.78,624.01,11197092.0,615.47,599.441,557.1821666666667
2014-05-29,627.85,636.87,627.77,635.38,13349622.0,621.284,601.7055,558.9178333333333
2014-05-30,637.98,644.17,628.9,633.0,20048504.0,626.4300000000001,603.7814999999999,560.5951666666666
2014-06-02,633.96,634.83,622.5,628.65,13149270.0,629.3340000000001,605.5849999999999,562.2268333333334
2014-06-03,628.46,638.74,628.25,637.54,10418117.0,631.716,607.414,564.0118333333335
2014-06-04,637.44,647.89,636.11,644.82,11948915.0,635.8779999999999,609.9345000000001,565.9101666666667
2014-06-05,646.2,649.37,642.61,647.35,10653582.0,638.2719999999999,612.6855,567.7645
2014-06-06,649.9,651.26,644.47,645.57,12444887.0,640.786,615.5645000000001,569.5805
2014-06-09,92.7,93.88,91.75,93.7,74772959.0,533.796,590.9725000000001,562.298
2014-06-10,94.73,95.05,93.57,94.25,62456975.0,425.13800000000003,566.0435,555.1239999999999
2014-06-11,94.13,94.76,93.47,93.86,45468152.0,314.946,541.0485,547.9093333333333
2014-06-12,94.04,94.12,91.9,92.29,54407287.0,203.93400000000003,515.9695,540.5921666666667
2014-06-13,92.2,92.44,90.88,91.28,54206612.0,93.076,491.0924999999999,533.2591666666667
2014-06-16,91.51,92.75,91.45,92.2,34969622.0,92.776,465.82700000000006,525.9841666666666
2014-06-17,92.31,92.7,91.8,92.08,29657413.0,92.34200000000001,440.2015,518.6376666666667
2014-06-18,92.27,92.29,91.35,92.18,33285334.0,92.006,414.575,511.1875
2014-06-19,92.29,92.3,91.34,91.86,35423532.0,91.92,388.8525,503.6353333333334
2014-06-20,91.85,92.55,90.9,90.91,88578875.0,91.846,363.0345,496.15416666666675
2014-06-23,91.32,91.62,90.6,90.83,43539287.0,91.57199999999999,336.86949999999996,488.7103333333333
2014-06-24,90.75,91.74,90.19,90.28,38894434.0,91.212,310.10200000000003,481.2673333333333
2014-06-25,90.21,90.7,89.65,90.36,36631760.0,90.848,283.4195,473.82783333333333
2014-06-26,90.37,91.05,89.8,90.9,32111724.0,90.65599999999999,256.1955,466.31533333333334
2014-06-27,90.82,92.0,90.77,91.96,50894644.0,90.866,229.1435,458.80550000000005
2014-06-30,92.1,93.72,92.09,92.93,49386780.0,91.286,202.35750000000002,451.3745
2014-07-01,93.52,94.07,93.13,93.52,38037121.0,91.934,175.1565,444.0695
2014-07-02,93.86,94.06,93.09,93.48,28343765.0,92.55799999999999,147.5895,436.903
2014-07-03,93.67,94.1,93.2,94.03,22886359.0,93.184,119.92350000000002,429.7461666666667
2014-07-07,94.14,95.99,94.1,95.96,54570619.0,93.98400000000001,92.443,422.5068333333334
2014-07-08,96.27,96.8,93.92,95.35,65074661.0,94.468,92.5255,415.3713333333333
2014-07-09,95.44,95.95,94.76,95.39,36236232.0,94.84200000000001,92.58250000000001,408.30100000000004
2014-07-10,93.76,95.55,93.52,95.03,39570082.0,95.152,92.64099999999999,401.1901666666667
2014-07-11,95.36,95.89,94.86,95.22,33914154.0,95.39,92.7875,394.1445
2014-07-14,95.86,96.89,95.65,96.45,42575961.0,95.488,93.046,387.10183333333333
2014-07-15,96.97,97.1,94.74,94.78,52974407.0,95.374,93.175,379.9325
2014-07-17,95.03,95.28,92.57,93.09,56733209.0,94.914,93.2255,372.6311666666667
2014-07-18,93.62,94.74,93.02,94.43,49301565.0,94.79400000000001,93.338,365.3435
2014-07-21,94.99,95.0,93.72,93.94,38644135.0,94.538,93.44200000000001,358.16333333333336
2014-07-22,94.68,94.89,94.12,94.72,49090426.0,94.19200000000001,93.63250000000001,350.27916666666664
2014-07-23,95.42,97.88,95.17,97.19,90553266.0,94.674,93.9505,342.3666666666667
2014-07-24,97.03,97.32,96.42,97.03,45397505.0,95.462,94.28800000000001,334.0823333333334
2014-07-25,96.85,97.84,96.64,97.67,42670488.0,96.11,94.6535,325.83799999999997
2014-07-28,97.82,99.24,97.55,99.02,53357141.0,97.126,95.0595,317.6535
2014-07-29,99.33,99.44,98.25,98.38,42823320.0,97.85799999999999,95.38050000000001,309.4351666666667
2014-07-30,98.44,98.7,97.67,98.15,32820948.0,98.05,95.6415,301.19466666666665
2014-07-31,97.16,97.45,95.33,95.6,56011277.0,97.764,95.7455,292.772
2014-08-01,94.9,96.62,94.81,96.13,48106779.0,97.45599999999999,95.878,284.46733333333333
2014-08-04,96.37,96.58,95.17,95.59,39482091.0,96.77000000000001,95.956,276.1883333333334
2014-08-05,95.36,95.68,94.36,95.12,55726491.0,96.11800000000001,95.914,267.97383333333335
2014-08-06,94.75,95.48,94.71,94.96,36470299.0,95.48,95.89450000000001,259.79749999999996
2014-08-07,94.93,95.95,94.1,94.48,45683802.0,95.256,95.849,251.49166666666667
2014-08-08,94.26,94.82,93.28,94.74,41687523.0,94.978,95.8345,243.1746666666667
2014-08-11,95.27,96.08,94.83,95.99,36373831.0,95.05799999999999,95.873,234.87666666666667
2014-08-12,96.04,96.88,95.61,95.97,33332465.0,95.228,95.849,226.6625
2014-08-13,96.15,97.24,96.04,97.24,31752828.0,95.684,95.97200000000001,218.32466666666667
2014-08-14,97.33,97.57,96.8,97.5,27995904.0,96.28799999999998,96.19250000000001,209.87316666666666
2014-08-15,97.9,98.19,96.86,97.98,48566668.0,96.936,96.37,201.42766666666668
2014-08-18,98.49,99.37,97.98,99.16,45923961.0,97.57000000000001,96.631,192.97516666666667
2014-08-19,99.41,100.68,99.32,100.53,68907841.0,98.482,96.9215,184.5295
2014-08-20,100.44,101.09,99.95,100.57,52013032.0,99.148,97.09049999999999,175.97016666666664
2014-08-21,100.57,100.94,100.11,100.58,33236081.0,99.764,97.268,167.21933333333334
2014-08-22,100.29,101.47,100.19,101.32,43668706.0,100.43199999999999,97.4505,158.50783333333337
2014-08-25,101.79,102.17,101.28,101.54,39998789.0,100.908,97.5765,149.61049999999997
2014-08-26,101.42,101.5,100.86,100.89,32786749.0,100.97999999999999,97.702,140.742
2014-08-27,101.02,102.57,100.7,102.13,46636284.0,101.292,97.901,131.96666666666667
2014-08-28,101.59,102.78,101.56,102.25,67850210.0,101.626,98.23349999999999,123.04516666666667
2014-08-29,102.86,102.9,102.2,102.5,43036344.0,101.862,98.55199999999999,114.0065
2014-09-02,103.06,103.74,102.72,103.3,53005018.0,102.214,98.9375,104.93900000000001
2014-09-03,103.1,103.2,98.58,98.94,124419956.0,101.824,99.1285,95.8285
2014-09-04,98.85,100.09,97.79,98.12,85177863.0,101.022,99.2865,95.90216666666667
2014-09-05,98.8,99.39,98.31,98.97,57315005.0,100.36600000000001,99.511,95.98083333333334
2014-09-08,99.3,99.31,98.05,98.35,45914526.0,99.536,99.69149999999999,96.05566666666667
2014-09-09,99.08,103.08,96.14,97.99,188968299.0,98.474,99.7915,96.15066666666667
2014-09-10,98.01,101.11,97.76,101.0,99914457.0,98.886,100.04299999999999,96.31266666666667
2014-09-11,100.41,101.44,99.62,101.43,61703948.0,99.548,100.2525,96.4665
2014-09-12,101.21,102.19,101.08,101.66,62377851.0,100.08599999999998,100.4605,96.62616666666668
2014-09-15,102.81,103.05,101.44,101.6,60922636.0,100.736,100.64150000000001,96.78316666666666
2014-09-16,99.8,101.26,98.89,100.86,66538949.0,101.30999999999999,100.7265,96.93316666666668
2014-09-17,101.27,101.8,100.59,101.58,60572156.0,101.426,100.779,97.111
2014-09-18,101.93,102.35,101.56,101.79,36684935.0,101.498,100.84,97.29366666666667
2014-09-19,102.29,102.35,100.5,100.96,64082802.0,101.358,100.859,97.47166666666666
2014-09-22,101.8,102.14,100.58,101.07,51828046.0,101.252,100.8465,97.65016666666666
2014-09-23,100.6,102.94,100.54,102.64,62457203.0,101.60799999999999,100.9015,97.84583333333333
2014-09-24,102.16,102.85,101.2,101.73,59683737.0,101.638,100.9435,98.00866666666666
2014-09-25,100.51,100.71,97.72,97.87,99212535.0,100.854,100.7305,98.091
2014-09-26,98.53,100.75,98.4,100.75,61969503.0,100.812,100.6555,98.21149999999999
2014-09-29,98.65,100.43,98.63,100.11,48358424.0,100.62,100.536,98.32200000000002
2014-09-30,100.81,101.54,100.53,100.75,53825369.0,100.242,100.4085,98.434
2014-10-01,100.59,100.69,98.7,99.18,50979438.0,99.732,100.4205,98.48766666666666
2014-10-02,99.27,100.22,98.04,99.9,46901901.0,100.138,100.5095,98.5635
2014-10-03,99.44,100.21,99.04,99.62,43294537.0,99.912,100.542,98.634
2014-10-06,99.95,100.65,99.42,99.62,36634150.0,99.81400000000001,100.6055,98.7105
2014-10-07,99.43,100.12,98.73,98.75,41682271.0,99.41400000000002,100.64349999999999,98.76933333333334
2014-10-08,98.76,101.11,98.31,100.8,57154990.0,99.738,100.6335,98.84183333333334
2014-10-09,101.54,102.38,100.61,101.02,76012441.0,99.962,100.613,98.94583333333334
2014-10-10,100.69,102.03,100.3,100.73,65815091.0,100.184,100.5665,99.07316666666667
2014-10-13,101.33,101.78,99.81,99.81,53195148.0,100.22200000000001,100.477,99.16283333333332
2014-10-14,100.39,100.52,98.57,98.75,63219839.0,100.22200000000001,100.3715,99.243
2014-10-15,97.97,99.15,95.18,97.54,99712880.0,99.57000000000001,100.1695,99.28999999999999
2014-10-16,95.55,97.72,95.41,96.26,71780146.0,98.61800000000001,99.893,99.2745
2014-10-17,97.5,99.0,96.81,97.67,67510006.0,98.006,99.72850000000001,99.28516666666665
2014-10-20,98.31,99.96,98.22,99.76,65923560.0,97.99600000000001,99.663,99.32
2014-10-21,103.02,103.02,101.27,102.47,93317209.0,98.74,99.65450000000001,99.3775
2014-10-22,102.84,104.11,102.6,102.99,66985937.0,99.83,99.7175,99.45433333333334
2014-10-23,104.08,105.05,103.63,104.83,69703727.0,101.544,100.0655,99.56566666666667
2014-10-24,105.18,105.49,104.53,105.22,44285746.0,103.054,100.289,99.72599999999998
2014-10-27,104.85,105.48,104.7,105.11,33575985.0,104.124,100.539,99.87566666666666
2014-10-28,105.4,106.74,105.35,106.74,44559449.0,104.978,100.8385,100.0615
2014-10-29,106.65,107.37,106.36,107.34,52422678.0,105.848,101.2465,100.26516666666666
2014-10-30,106.96,107.35,105.9,106.98,40432696.0,106.27799999999999,101.60050000000001,100.46549999999999
2014-10-31,108.01,108.04,107.21,108.0,43558852.0,106.83399999999999,102.01950000000001,100.69083333333333
2014-11-03,108.22,110.3,108.01,109.4,51850856.0,107.69200000000001,102.5085,100.93516666666667
2014-11-04,109.36,109.49,107.72,108.6,41338461.0,108.06400000000001,103.001,101.14533333333333
2014-11-05,109.1,109.3,108.12,108.86,34695092.0,108.36800000000001,103.404,101.36016666666667
2014-11-06,108.6,108.79,107.8,108.7,34394437.0,108.71199999999999,103.78799999999998,101.55116666666666
2014-11-07,108.75,109.32,108.55,109.01,31237676.0,108.91399999999999,104.202,101.743
2014-11-10,109.02,109.33,108.67,108.83,26990603.0,108.8,104.65299999999999,101.92383333333333
2014-11-11,108.7,109.75,108.4,109.7,27039663.0,109.02000000000001,105.2005,102.0995
2014-11-12,109.38,111.43,109.37,111.25,46248700.0,109.498,105.88600000000001,102.27816666666666
2014-11-13,111.8,113.45,111.6,112.82,59295310.0,110.322,106.71400000000001,102.48233333333333
2014-11-14,113.15,114.19,113.05,114.18,42988621.0,111.356,107.5395,102.709
2014-11-17,114.27,117.28,113.3,113.99,46505601.0,112.388,108.25100000000002,102.92016666666667
2014-11-18,113.94,115.69,113.89,115.47,42716607.0,113.542,108.901,103.15233333333335
2014-11-19,115.44,115.74,113.8,114.66,41693807.0,114.224,109.4845,103.38183333333333
2014-11-20,114.91,116.86,114.85,116.31,42799527.0,114.922,110.05849999999998,103.61816666666667
2014-11-21,117.51,117.57,116.03,116.35,56545658.0,115.356,110.61500000000001,103.85316666666667
2014-11-24,116.85,118.77,116.62,118.62,46178432.0,116.282,111.2905,104.12183333333333
2014-11-25,119.07,119.75,117.45,117.61,67418118.0,116.71,111.83400000000002,104.36033333333333
2014-11-26,117.94,119.1,117.83,119.0,40234040.0,117.578,112.417,104.69466666666668
2014-11-28,119.27,119.4,118.05,118.93,24813038.0,118.102,113.0145,105.0415
2014-12-01,118.81,119.25,111.27,115.05,83375327.0,117.84200000000001,113.367,105.3095
2014-12-02,113.5,115.75,112.75,114.63,59056541.0,117.04400000000001,113.62849999999999,105.58083333333333
2014-12-03,115.75,116.35,115.11,115.95,42561296.0,116.71200000000002,113.99600000000001,105.88016666666665
2014-12-04,115.77,117.2,115.29,115.46,41826869.0,116.00399999999999,114.326,106.12116666666665
2014-12-05,115.99,116.08,114.64,114.98,37853309.0,115.21400000000001,114.64000000000001,106.34700000000001
2014-12-08,114.1,114.64,111.62,112.4,57241451.0,114.684,114.8095,106.526
2014-12-09,110.19,114.3,109.35,114.13,59979644.0,114.58399999999999,115.07449999999999,106.73483333333334
2014-12-10,114.41,114.85,111.54,111.99,44291075.0,113.792,115.18900000000001,106.92033333333332
2014-12-11,112.26,113.8,111.34,111.62,41199481.0,113.024,115.20750000000001,107.08766666666665
2014-12-12,110.46,111.87,109.58,109.85,55294242.0,111.998,115.059,107.222
2014-12-15,110.7,111.6,106.35,108.24,66952449.0,111.16599999999998,114.76199999999999,107.34333333333332
2014-12-16,106.37,110.16,106.26,106.69,60213091.0,109.678,114.397,107.437
2014-12-17,107.12,109.84,106.82,109.29,52822001.0,109.13799999999999,114.088,107.54783333333333
2014-12-18,111.87,112.65,110.66,112.65,58115649.0,109.34400000000001,113.9875,107.72983333333333
2014-12-19,112.26,113.24,111.66,111.78,77769246.0,109.72999999999999,113.76100000000001,107.96166666666666
2014-12-22,112.16,113.49,111.97,112.94,42983036.0,110.67,113.59049999999999,108.16483333333333
2014-12-23,113.23,113.33,112.46,112.54,25694516.0,111.84,113.2865,108.372
2014-12-24,112.58,112.71,112.01,112.01,14477978.0,112.38400000000001,113.00649999999999,108.55966666666667
2014-12-26,112.1,114.52,112.01,113.99,33376330.0,112.652,112.756,108.8065
2014-12-29,113.79,114.77,113.7,113.91,27403882.0,113.078,112.505,109.03999999999999
2014-12-30,113.64,113.92,112.11,112.52,28898816.0,112.994,112.3785,109.25500000000001
2014-12-31,112.82,113.13,110.21,110.38,40897671.0,112.56199999999998,112.16600000000001,109.43433333333333
2015-01-02,111.39,111.44,107.35,109.33,53096191.0,112.026,111.835,109.61066666666667
2015-01-05,108.29,108.65,105.41,106.25,61065973.0,110.478,111.37449999999998,109.7015
2015-01-06,106.54,107.43,104.63,106.26,65565949.0,108.94800000000001,110.9385,109.78883333333333
2015-01-07,107.2,108.2,106.69,107.75,39723689.0,107.994,110.70600000000002,109.90583333333332
2015-01-08,109.23,112.15,108.7,111.87,58761565.0,108.292,110.593,110.10683333333333
2015-01-09,112.67,113.25,110.21,112.01,53452528.0,108.828,110.59399999999998,110.32783333333333
2015-01-12,112.6,112.63,108.8,109.25,49297135.0,109.428,110.47549999999998,110.523
2015-01-13,111.43,112.8,108.91,110.16,66704571.0,110.20800000000001,110.49100000000001,110.75466666666667
2015-01-14,109.04,110.49,108.5,109.7,48197982.0,110.598,110.56400000000001,110.95516666666667
2015-01-15,110.0,110.06,106.66,106.86,58558205.0,109.596,110.57250000000002,111.0735
2015-01-16,107.03,107.58,105.2,105.94,76790477.0,108.38199999999999,110.40500000000002,111.13133333333333
2015-01-20,107.84,108.96,106.5,108.78,47700888.0,108.28799999999998,110.2115,111.22783333333334
2015-01-21,108.95,111.06,108.27,110.37,22291410.0,108.33,110.14099999999999,111.32016666666667
2015-01-22,110.26,112.47,109.72,112.4,49684704.0,108.87,110.11399999999999,111.43983333333334
2015-01-23,112.3,113.75,111.53,112.98,45951078.0,110.09400000000001,110.136,111.571
2015-01-26,113.74,114.36,112.8,113.1,52580597.0,111.526,110.1905,111.67699999999999
2015-01-27,112.42,112.48,109.03,109.13,77719040.0,111.596,109.94749999999999,111.70683333333334
2015-01-28,117.62,118.12,115.31,115.31,145104646.0,112.58399999999999,110.0175,111.84566666666667
2015-01-29,116.32,119.19,115.56,118.9,83729464.0,113.88400000000001,110.3365,112.02733333333335
2015-01-30,118.4,120.0,116.85,117.16,82447706.0,114.72,110.67549999999999,112.15666666666667
2015-02-02,118.05,119.17,116.08,118.63,62078735.0,115.826,111.1405,112.32383333333334
2015-02-03,118.5,119.09,117.61,118.57,51573567.0,117.71399999999998,111.7565,112.48566666666666
2015-02-04,118.5,120.51,118.31,119.56,69707153.0,118.56400000000001,112.4215,112.66666666666667
2015-02-05,120.02,120.23,119.25,119.94,42049717.0,118.772,113.03099999999999,112.84883333333332
2015-02-06,120.02,120.25,118.45,118.93,43327287.0,119.126,113.38399999999999,113.01716666666667
2015-02-09,118.55,119.84,118.43,119.7,37748448.0,119.34,113.76850000000002,113.18383333333333
2015-02-10,120.17,122.15,120.16,122.02,61615410.0,120.03,114.40700000000001,113.36333333333333
2015-02-11,122.77,124.92,122.5,124.88,72734227.0,121.09400000000001,115.14299999999999,113.56433333333334
2015-02-12,126.06,127.48,125.57,126.41,73386944.0,122.38799999999999,115.97850000000001,113.76816666666667
2015-02-13,127.28,127.28,125.65,127.08,52053515.0,124.018,116.98949999999999,113.98633333333333
2015-02-17,127.49,128.88,126.92,127.83,62947443.0,125.644,118.08399999999999,114.19233333333334
2015-02-18,127.62,128.78,127.45,128.71,44050161.0,126.982,119.0805,114.4265
2015-02-19,128.48,129.03,128.33,128.45,37172719.0,127.696,119.9845,114.62883333333333
2015-02-20,128.62,129.5,128.05,129.49,48442705.0,128.312,120.83900000000001,114.84783333333333
2015-02-23,130.02,133.0,129.66,133.0,67810009.0,129.496,121.84,115.0875
2015-02-24,132.94,133.6,131.17,132.17,68916484.0,130.364,122.79350000000002,115.33016666666666
2015-02-25,131.56,131.6,128.15,128.73,73773018.0,130.368,123.77350000000001,115.49233333333333
2015-02-26,128.78,130.87,126.61,130.41,88008744.0,130.76,124.52850000000001,115.68366666666667
2015-02-27,130.0,130.57,128.24,128.48,61180707.0,130.558,125.00750000000001,115.9075
2015-03-02,129.25,130.28,128.3,129.09,47911463.0,129.77599999999998,125.604,116.1485
2015-03-03,128.96,129.52,128.09,129.37,37341916.0,129.21599999999998,126.141,116.37216666666667
2015-03-04,129.1,129.56,128.32,128.54,30327290.0,129.178,126.6395,116.59016666666666
2015-03-05,128.58,128.75,125.76,126.38,55911547.0,128.372,126.9805,116.78016666666666
2015-03-06,128.4,129.37,126.26,126.6,72129896.0,127.99600000000001,127.3135,117.01683333333334
2015-03-09,127.96,129.57,125.06,127.09,88277136.0,127.596,127.72149999999999,117.23283333333333
2015-03-10,126.41,127.22,123.8,124.55,68119299.0,126.63199999999999,127.96399999999998,117.44216666666668
2015-03-11,124.75,124.77,122.11,122.24,68140747.0,125.372,127.975,117.61916666666667
2015-03-12,122.31,124.9,121.63,124.45,48061226.0,124.98600000000002,127.9535,117.8625
2015-03-13,124.4,125.39,122.58,123.54,51551864.0,124.374,127.80999999999999,118.1175
2015-03-16,123.88,124.95,122.87,124.95,35419236.0,123.946,127.70349999999999,118.42183333333332
2015-03-17,125.9,127.32,125.65,127.04,50809550.0,124.444,127.66399999999999,118.71766666666666
2015-03-18,127.0,129.16,126.37,128.5,64987351.0,125.696,127.65349999999998,118.98183333333333
2015-03-19,128.75,129.24,127.4,127.49,45582287.0,126.304,127.6055,119.24366666666667
2015-03-20,128.25,128.4,125.16,126.05,64530868.0,126.806,127.43350000000001,119.46216666666666
2015-03-23,127.12,127.85,126.52,127.21,36732439.0,127.258,127.14399999999998,119.70666666666666
2015-03-24,127.23,128.04,126.56,126.69,32630243.0,127.18799999999999,126.86999999999998,119.95133333333334
2015-03-25,126.54,126.82,123.38,123.38,51018821.0,126.16399999999999,126.60249999999999,120.10783333333333
2015-03-26,122.76,124.88,122.6,124.24,47331485.0,125.51399999999998,126.29400000000001,120.28
2015-03-27,124.57,124.7,122.91,123.25,39008160.0,124.954,126.0325,120.45883333333333
2015-03-30,124.05,126.4,124.0,126.37,46765028.0,124.78599999999999,125.89650000000002,120.72533333333334
2015-03-31,126.09,126.49,124.35,124.43,41524877.0,124.33399999999999,125.64949999999999,120.977
2015-04-01,124.82,125.12,123.1,124.23,40281311.0,124.50399999999999,125.434,121.27666666666666
2015-04-02,125.03,125.56,124.19,125.31,32025449.0,124.718,125.38049999999998,121.59416666666668
2015-04-06,124.47,127.51,124.33,127.35,36810662.0,125.53799999999998,125.41799999999998,121.92083333333333
2015-04-07,127.64,128.12,125.98,126.01,34783598.0,125.46599999999998,125.364,122.15650000000001
2015-04-08,125.85,126.4,124.97,125.6,37155299.0,125.7,125.4165,122.38300000000001
2015-04-09,125.85,126.58,124.66,126.56,32051764.0,126.16600000000001,125.63250000000001,122.6715
2015-04-10,125.95,127.21,125.26,127.1,40006020.0,126.524,125.76500000000001,122.95383333333334
2015-04-13,128.37,128.57,126.61,126.85,35920646.0,126.424,125.93050000000001,123.23966666666665
2015-04-14,127.0,127.29,125.91,126.3,25308109.0,126.482,125.998,123.56366666666666
2015-04-15,126.41,127.13,126.01,126.77,28723069.0,126.71599999999998,125.9845,123.91083333333334
2015-04-16,126.28,127.1,126.11,126.17,27820704.0,126.638,125.86799999999998,124.20066666666666
2015-04-17,125.55,126.14,124.46,124.75,51200870.0,126.168,125.731,124.44033333333333
2015-04-20,125.57,128.12,125.17,127.6,46904457.0,126.31799999999998,125.80849999999998,124.69366666666666
2015-04-21,128.1,128.2,126.67,126.91,32151426.0,126.44000000000001,125.79350000000002,124.92583333333332
2015-04-22,126.99,128.87,126.32,128.62,37353142.0,126.80999999999999,125.89000000000001,125.1845
2015-04-23,128.3,130.42,128.14,129.67,45364469.0,127.50999999999999,126.20450000000001,125.52683333333333
2015-04-24,130.49,130.63,129.23,130.28,43082986.0,128.61599999999999,126.50649999999999,125.77633333333333
2015-04-27,132.31,133.13,131.15,132.65,80014663.0,129.626,126.97649999999999,126.0055
2015-04-28,134.45,134.54,129.57,130.56,118453393.0,130.356,127.18599999999999,126.22883333333334
2015-04-29,130.16,131.59,128.3,128.64,58838154.0,130.35999999999999,127.39649999999999,126.39566666666666
2015-04-30,127.5,127.88,124.58,125.15,82218415.0,129.456,127.4425,126.50533333333334
2015-05-01,126.1,130.13,125.3,128.95,56985694.0,129.19,127.62450000000001,126.66183333333333
2015-05-04,129.5,130.57,128.26,128.7,50694608.0,128.4,127.69200000000001,126.80783333333333
2015-05-05,128.15,128.45,125.78,125.8,48842861.0,127.44800000000001,127.6815,126.92233333333334
2015-05-06,126.56,126.75,123.36,125.01,71773614.0,126.72200000000001,127.652,127.01083333333334
2015-05-07,124.77,126.08,124.02,125.24,42348847.0,126.73999999999998,127.58600000000001,127.0645
2015-05-08,126.68,127.62,126.11,127.52,55529272.0,126.454,127.607,127.10849999999999
2015-05-11,127.39,127.56,125.62,126.32,41477605.0,125.978,127.58049999999999,127.107
2015-05-12,125.6,126.88,124.82,125.86,47108261.0,125.98999999999998,127.55850000000001,127.08666666666666
2015-05-13,126.15,127.19,125.87,126.01,34288330.0,126.19000000000001,127.5205,127.05633333333334
2015-05-14,127.41,128.95,127.16,128.95,44176463.0,126.93199999999999,127.65950000000001,127.06033333333333
2015-05-15,129.07,129.49,128.21,128.75,37816314.0,127.178,127.8595,127.06533333333333
2015-05-18,128.38,130.72,128.36,130.19,49831842.0,127.952,127.989,127.077
2015-05-19,130.69,130.88,129.64,130.07,44273523.0,128.794,128.147,127.02816666666668
2015-05-20,130.0,130.98,129.34,130.11,35942565.0,129.61399999999998,128.2215,126.99383333333334
2015-05-21,130.07,131.63,129.83,131.39,39297340.0,130.102,128.30749999999998,127.03816666666667
2015-05-22,131.6,132.97,131.4,132.54,45079070.0,130.85999999999999,128.4205,127.07366666666667
2015-05-26,132.6,132.91,129.12,129.62,65519215.0,130.746,128.269,127.09266666666667
2015-05-27,130.34,132.26,130.05,132.04,45563271.0,131.14000000000001,128.34300000000002,127.14183333333334
2015-05-28,131.86,131.95,131.1,131.78,30638331.0,131.474,128.5,127.182
2015-05-29,131.23,131.45,129.9,130.32,46672858.0,131.26000000000002,128.7585,127.21166666666666
2015-06-01,131.2,131.39,130.05,130.53,31951288.0,130.858,128.8375,127.28083333333333
2015-06-02,129.86,130.65,129.32,129.96,33548717.0,130.926,128.9005,127.33683333333333
2015-06-03,130.66,130.94,129.9,130.16,30856938.0,130.55,129.11849999999998,127.38799999999999
2015-06-04,129.58,130.58,128.91,129.36,38191860.0,130.066,129.336,127.46816666666665
2015-06-05,129.5,129.69,128.36,128.65,35243828.0,129.732,129.5065,127.575
2015-06-08,128.9,129.21,126.83,127.8,52527641.0,129.186,129.5205,127.63083333333333
2015-06-09,126.7,128.08,125.62,127.42,55746184.0,128.678,129.5755,127.6955
2015-06-10,127.92,129.34,127.85,128.88,38898205.0,128.422,129.7265,127.761
2015-06-11,129.18,130.18,128.47,128.59,35080002.0,128.268,129.85549999999998,127.78683333333333
2015-06-12,128.18,128.33,127.11,127.17,36697451.0,127.97200000000001,129.7665,127.76466666666667
2015-06-15,126.1,127.24,125.71,126.92,39646000.0,127.796,129.675,127.75516666666667
2015-06-16,127.03,127.85,126.37,127.6,31313044.0,127.832,129.5455,127.781
2015-06-17,127.72,127.88,126.74,127.3,32670853.0,127.516,129.407,127.7825
2015-06-18,127.23,128.31,127.22,127.85,35211674.0,127.36799999999998,129.294,127.80183333333333
2015-06-19,127.71,127.82,126.4,126.6,49048480.0,127.25399999999999,129.05450000000002,127.85549999999999
2015-06-22,127.49,128.06,127.08,127.61,33799604.0,127.39200000000001,128.80800000000002,127.91166666666666
2015-06-23,127.48,127.61,126.88,127.03,29950032.0,127.27799999999999,128.67849999999999,127.97466666666666
2015-06-24,127.21,129.8,127.12,128.18,54924245.0,127.454,128.4855,128.00483333333332
2015-06-25,128.86,129.2,127.5,127.5,31798666.0,127.38399999999999,128.2715,128.05599999999998
2015-06-26,127.67,127.99,126.51,126.79,37976986.0,127.422,128.095,128.09866666666667
2015-06-29,125.46,126.47,124.48,124.55,48849032.0,126.80999999999999,127.79599999999998,128.08599999999998
2015-06-30,125.57,126.12,124.86,125.42,43794410.0,126.48800000000001,127.569,128.05383333333333
2015-07-01,126.9,126.94,125.99,126.52,30028055.0,126.15599999999999,127.38699999999999,128.06233333333333
2015-07-02,126.43,126.69,125.77,126.4,26997705.0,125.93599999999999,127.239,128.07566666666668
2015-07-06,124.94,126.23,124.85,126.0,27844079.0,125.77799999999999,127.10650000000001,128.06633333333335
2015-07-07,125.89,126.15,123.77,125.69,46692274.0,126.006,127.001,128.04283333333333
2015-07-08,124.48,124.64,122.54,122.59,60291169.0,125.44000000000001,126.7595,127.97183333333334
2015-07-09,123.85,124.06,119.22,120.07,77719722.0,124.15,126.319,127.868
2015-07-10,121.94,123.85,121.21,123.3,60995670.0,123.53,126.0545,127.81016666666666
2015-07-13,125.03,125.75,124.32,125.66,37144543.0,123.46200000000002,125.979,127.80166666666666
2015-07-14,126.04,126.37,125.04,125.6,31494459.0,123.44399999999999,125.91299999999998,127.81583333333333
2015-07-15,125.72,127.15,125.58,126.82,33425557.0,124.28999999999999,125.874,127.80283333333334
2015-07-16,127.74,128.57,127.35,128.49,35758398.0,125.974,125.93350000000001,127.82916666666667
2015-07-17,129.08,129.62,128.31,129.57,45638110.0,127.228,126.0195,127.84500000000001
2015-07-20,130.97,132.97,130.7,132.07,54109241.0,128.51,126.293,127.885
2015-07-21,132.85,132.92,130.32,130.71,58670648.0,129.53199999999998,126.44800000000001,127.89216666666667
2015-07-22,121.99,125.5,121.99,125.14,114535846.0,129.196,126.35350000000001,127.767
2015-07-23,126.2,127.09,125.06,125.16,50322371.0,128.53000000000003,126.20249999999999,127.67699999999999
2015-07-24,125.32,125.74,123.9,124.48,41021612.0,127.51199999999999,126.05149999999999,127.60766666666667
2015-07-27,123.09,123.61,122.12,122.89,44233507.0,125.676,125.85650000000001,127.57
2015-07-28,123.38,123.91,122.55,123.32,33346467.0,124.19800000000001,125.795,127.47616666666666
2015-07-29,123.15,123.5,122.27,122.99,35803824.0,123.76799999999999,125.67350000000002,127.381
2015-07-30,122.32,122.57,121.71,122.38,31949522.0,123.21199999999999,125.4665,127.324
2015-07-31,122.6,122.64,120.91,121.46,41840314.0,122.60799999999999,125.2195,127.26483333333333
2015-08-03,121.5,122.57,117.52,118.43,69287823.0,121.71600000000001,124.84100000000001,127.15133333333333
2015-08-04,117.42,117.7,113.25,114.64,123109831.0,119.97999999999999,124.2885,126.93666666666667
2015-08-05,112.95,117.44,112.1,115.4,99099556.0,118.46199999999999,123.929,126.75466666666667
2015-08-06,115.97,116.5,114.11,115.17,52522639.0,117.02000000000001,123.68400000000001,126.5765
2015-08-07,114.58,116.25,114.5,115.51,38400676.0,115.83000000000001,123.2945,126.4015
2015-08-10,116.53,119.99,116.53,119.69,54369105.0,116.08200000000002,122.99600000000001,126.24716666666667
2015-08-11,117.81,118.18,113.33,113.55,95642638.0,115.864,122.39350000000002,125.99383333333334
2015-08-12,112.53,115.42,109.63,115.24,100940069.0,115.832,121.8145,125.74466666666667
2015-08-13,116.04,116.4,114.54,115.15,48169510.0,115.828,121.14750000000001,125.496
2015-08-14,114.32,116.31,114.01,116.0,42648949.0,115.926,120.46900000000001,125.26083333333332
2015-08-17,116.04,117.65,115.5,117.16,40691480.0,115.42,119.72349999999999,125.02366666666667
2015-08-18,116.43,117.44,116.01,116.5,34430532.0,116.00999999999999,119.01299999999999,124.75633333333333
2015-08-19,116.1,116.52,114.68,115.01,47393371.0,115.96399999999998,118.5065,124.51283333333332
2015-08-20,114.08,114.35,111.63,112.65,67628667.0,115.46400000000001,117.88100000000001,124.18966666666667
2015-08-21,110.43,111.9,105.64,106.05,126102401.0,113.474,116.9595,123.76083333333334
2015-08-24,94.87,108.8,92.0,103.15,161237945.0,110.672,115.9725,123.308
2015-08-25,111.11,111.11,103.5,103.74,102075436.0,108.12,114.9935,122.86149999999999
2015-08-26,107.08,109.89,105.05,109.62,96088856.0,107.042,114.325,122.5225
2015-08-27,112.23,113.24,110.02,112.84,83056017.0,107.08,113.848,122.23383333333332
2015-08-28,112.17,113.31,111.54,113.28,52848964.0,108.526,113.43900000000001,121.96583333333334
2015-08-31,112.03,114.53,112.0,112.76,55818896.0,110.44800000000001,113.15549999999999,121.701
2015-09-01,110.15,111.88,107.36,107.96,75779924.0,111.292,112.82149999999999,121.37033333333333
2015-09-02,110.23,112.34,109.13,112.34,61456220.0,111.83600000000001,112.6685,121.119
2015-09-03,112.49,112.78,110.04,110.37,52876736.0,111.34200000000001,112.42849999999999,120.8105
2015-09-04,108.97,110.45,108.51,109.27,49588899.0,110.54,112.1165,120.4885
2015-09-08,111.65,112.56,110.32,112.31,53918828.0,110.45,111.74749999999999,120.24083333333333
2015-09-09,113.76,114.02,109.77,110.15,84256455.0,110.888,111.57749999999999,119.96133333333334
2015-09-10,110.27,113.28,109.9,112.57,62646669.0,110.93400000000001,111.444,119.71083333333333
2015-09-11,111.79,114.21,111.76,114.21,49380376.0,111.702,111.397,119.49266666666668
2015-09-14,116.58,116.89,114.86,115.3,57795498.0,112.90799999999999,111.362,119.2835
2015-09-15,115.93,116.53,114.42,116.28,42897721.0,113.702,111.31800000000001,119.11149999999999
2015-09-16,116.25,116.54,115.44,116.35,36896469.0,114.94200000000001,111.3105,118.92383333333333
2015-09-17,115.66,116.49,113.71,113.93,63355565.0,115.21399999999998,111.2565,118.7055
2015-09-18,112.21,114.3,111.87,113.45,71116161.0,115.06200000000001,111.2965,118.46
2015-09-21,113.67,115.37,113.66,115.21,46068491.0,115.04400000000001,111.75450000000001,118.25516666666665
2015-09-22,113.38,114.18,112.52,113.43,49721342.0,114.474,112.26849999999999,118.0325
2015-09-23,113.63,114.72,113.3,114.32,35549888.0,114.06800000000001,112.79750000000001,117.862
2015-09-24,113.25,115.5,112.37,115.0,49555865.0,114.282,113.06649999999999,117.68833333333332
2015-09-25,116.44,116.69,114.02,114.72,55710956.0,114.53600000000002,113.1605,117.49166666666666
2015-09-28,113.85,114.57,112.44,112.44,51609501.0,113.982,113.1185,117.259
2015-09-29,112.83,113.51,107.86,109.17,73002489.0,113.13,112.93900000000001,116.97849999999998
2015-09-30,110.17,111.54,108.73,109.95,65855140.0,112.256,113.0385,116.71616666666667
2015-10-01,109.07,109.62,107.31,109.57,63521560.0,111.16999999999999,112.9,116.49916666666667
2015-10-02,108.01,111.01,107.55,110.28,57475884.0,110.282,112.89550000000001,116.336
2015-10-05,109.88,111.37,109.07,110.78,51702594.0,109.95,112.971,116.12733333333334
2015-10-06,110.63,111.74,109.76,111.31,48391545.0,110.378,112.921,115.88816666666666
2015-10-07,111.74,111.77,109.41,110.67,46589157.0,110.522,112.947,115.63933333333333
2015-10-08,110.19,110.19,108.21,109.5,61633372.0,110.508,112.7935,115.35066666666667
2015-10-09,110.0,112.28,109.49,112.09,51847168.0,110.87,112.6875,115.07733333333334
2015-10-12,112.73,112.75,111.44,111.58,30060536.0,111.03,112.50150000000001,114.77749999999999
2015-10-13,110.82,112.45,110.68,111.79,32245682.0,111.126,112.277,114.4395
2015-10-14,111.29,111.52,109.56,110.21,44169251.0,111.03399999999999,111.97,114.09783333333333
2015-10-15,110.93,112.1,110.49,111.8,37330049.0,111.494,111.86350000000002,113.87550000000002
2015-10-16,111.78,112.0,110.53,111.02,38149742.0,111.28,111.742,113.63983333333333
2015-10-19,110.8,111.75,110.11,111.73,29595225.0,111.30999999999999,111.56800000000001,113.42733333333334
2015-10-20,111.34,114.17,110.82,113.78,48758213.0,111.708,111.5855,113.2755
2015-10-21,114.0,115.58,113.7,113.76,41735296.0,112.41799999999998,111.5575,113.11616666666667
2015-10-22,114.33,115.5,114.1,115.47,41007136.0,113.152,111.58099999999999,112.99083333333334
2015-10-23,116.7,119.22,116.33,119.09,58815443.0,114.766,111.79950000000001,112.93599999999999
2015-10-26,118.08,118.13,114.92,115.21,65967988.0,115.46200000000002,111.93800000000002,112.83183333333334
2015-10-27,115.4,116.54,113.99,114.55,57725775.0,115.61599999999999,112.207,112.76716666666667
2015-10-28,116.93,119.3,116.06,119.29,84799574.0,116.72200000000001,112.674,112.84466666666667
2015-10-29,118.7,120.69,118.27,120.53,50131673.0,117.734,113.22200000000001,112.93016666666666
2015-10-30,120.99,121.22,119.45,119.5,48522708.0,117.816,113.68299999999999,113.00233333333333
2015-11-02,119.87,121.36,119.61,121.18,31744041.0,119.01000000000002,114.203,113.09683333333332
2015-11-03,120.79,123.49,120.7,122.57,45205251.0,120.614,114.766,113.14483333333332
2015-11-04,123.13,123.82,121.62,122.0,44315025.0,121.15599999999999,115.33250000000001,113.28566666666666
2015-11-05,121.85,122.69,120.18,120.92,39390763.0,121.23400000000001,115.90350000000001,113.38033333333333
2015-11-06,121.11,121.81,120.62,121.06,32946033.0,121.546,116.352,113.47883333333334
2015-11-09,120.96,121.81,120.05,120.57,33671674.0,121.424,116.80149999999999,113.555
2015-11-10,116.9,118.07,116.06,116.73,58718419.0,120.256,117.04849999999999,113.54783333333333
2015-11-11,116.37,117.42,115.21,116.12,45106003.0,119.08,117.34400000000001,113.5415
2015-11-12,116.26,116.82,115.65,115.72,32280318.0,118.04,117.53999999999999,113.55333333333334
2015-11-13,115.2,115.57,112.27,112.34,45174623.0,116.296,117.606,113.54816666666666
2015-11-16,111.38,114.24,111.0,114.17,37732241.0,115.016,117.728,113.6835
2015-11-17,114.92,115.05,113.32,113.69,27271168.0,114.40799999999999,117.72350000000002,113.85916666666667
2015-11-18,115.76,117.49,115.5,117.29,46168632.0,114.64200000000001,117.9,114.08500000000001
2015-11-19,117.64,119.75,116.76,118.78,42908979.0,115.25399999999999,118.0655,114.23766666666667
2015-11-20,119.2,119.92,118.85,119.3,34116462.0,116.646,118.076,114.34533333333334
2015-11-23,119.27,119.73,117.34,117.76,32331458.0,117.364,118.20349999999999,114.42000000000002
2015-11-24,117.33,119.35,117.12,118.88,42428511.0,118.402,118.42,114.522
2015-11-25,119.21,119.23,117.92,118.03,21323962.0,118.55,118.35700000000001,114.68983333333334
2015-11-27,118.29,118.41,117.6,117.81,13043720.0,118.356,118.221,114.78099999999999
2015-11-30,117.99,119.41,117.75,118.35,37741074.0,118.16600000000001,118.1635,114.914
2015-12-01,118.75,118.81,116.86,117.34,34707566.0,118.082,117.97150000000002,115.0485
2015-12-02,117.05,118.11,116.08,116.28,33242860.0,117.56199999999998,117.657,115.11466666666666
2015-12-03,116.55,116.79,114.22,115.2,41481588.0,116.99600000000001,117.31700000000001,115.19883333333333
2015-12-04,115.29,119.25,115.11,119.03,57329283.0,117.24000000000001,117.2225,115.3065
2015-12-07,118.98,119.86,117.81,118.27,32023214.0,117.224,117.083,115.37416666666667
2015-12-08,117.52,118.6,116.86,118.23,34258913.0,117.402,116.96600000000001,115.423
2015-12-09,117.64,117.69,115.08,115.62,45024538.0,117.27000000000001,116.9105,115.412
2015-12-10,116.04,116.94,115.51,116.17,29105438.0,117.46400000000001,116.91299999999998,115.409
2015-12-11,115.19,115.39,112.85,113.18,46658825.0,116.29400000000001,116.78600000000002,115.3965
2015-12-14,112.18,112.68,109.79,112.45,64424377.0,115.13,116.7915,115.37983333333335
2015-12-15,111.94,112.8,110.35,110.46,53109075.0,113.576,116.606,115.30066666666667
2015-12-16,111.07,111.99,108.8,111.33,55998747.0,112.71799999999999,116.48799999999999,115.26566666666668
2015-12-17,112.02,112.25,108.98,109.0,44577847.0,111.28400000000002,116.0735,115.177
2015-12-18,108.91,109.52,105.81,105.9,95840992.0,109.828,115.4295,115.02533333333334
2015-12-21,107.28,107.37,105.57,107.33,47200280.0,108.804,114.83099999999999,114.90216666666667
2015-12-22,107.4,107.72,106.45,107.23,32692694.0,108.15799999999999,114.3045,114.81533333333333
2015-12-23,107.27,108.85,107.2,108.62,32563176.0,107.61600000000001,113.7915,114.80616666666668
2015-12-24,109.0,109.0,107.95,108.03,13595753.0,107.422,113.2915,114.77416666666666
2015-12-28,107.59,107.69,106.18,106.82,26589783.0,107.606,112.742,114.72833333333332
2015-12-29,106.96,109.43,106.86,108.74,30856272.0,107.88799999999999,112.2615,114.70266666666666
2015-12-30,108.58,108.7,107.18,107.32,25119371.0,107.90599999999999,111.76050000000001,114.645
2015-12-31,107.01,107.03,104.82,105.23,40662306.0,107.228,111.20800000000001,114.54366666666667
2016-01-04,102.61,105.36,102.0,105.33,67350475.0,106.68799999999999,110.7145,114.45466666666667
2016-01-05,105.75,105.85,102.41,102.71,55324704.0,105.86599999999999,109.89850000000001,114.3415
2016-01-06,100.56,102.37,99.87,100.7,68253944.0,104.258,109.02000000000001,114.15166666666667
2016-01-07,98.68,100.13,96.43,96.56,80471152.0,102.106,107.9365,113.90133333333333
2016-01-08,98.55,99.11,96.76,96.96,70534672.0,100.452,107.0035,113.65416666666667
2016-01-11,98.97,99.06,97.34,98.53,49570798.0,99.092,106.1215,113.45949999999999
2016-01-12,100.55,100.69,98.84,99.97,48885086.0,98.54400000000001,105.46100000000001,113.26233333333333
2016-01-13,100.32,101.19,97.3,97.37,62207388.0,97.878,104.707,113.03483333333334
2016-01-14,97.96,100.48,95.74,99.52,62427712.0,98.47,104.16,112.83133333333333
2016-01-15,96.2,97.71,95.36,97.05,79056816.0,98.48799999999999,103.446,112.5525
2016-01-19,98.41,98.65,95.5,96.68,52843989.0,98.11800000000001,102.83,112.26783333333333
2016-01-20,95.1,98.19,93.42,96.82,72020767.0,97.48799999999999,102.376,111.95699999999998
2016-01-21,97.06,97.88,94.94,96.29,52063481.0,97.27199999999999,101.824,111.57700000000001
2016-01-22,98.63,101.46,98.37,101.42,65567471.0,97.652,101.5335,111.34716666666667
2016-01-25,101.52,101.53,99.21,99.41,51296581.0,98.124,101.073,111.09483333333334
2016-01-26,99.93,100.88,98.07,99.99,65735133.0,98.78599999999999,100.67099999999999,110.77316666666667
2016-01-27,96.04,96.63,93.34,93.42,133162294.0,98.10600000000001,100.001,110.32133333333334
2016-01-28,93.79,94.52,92.39,94.09,55626535.0,97.66600000000001,99.26849999999999,109.89783333333335
2016-01-29,94.79,97.34,94.35,97.34,64335619.0,96.85,98.76950000000001,109.5005
2016-02-01,96.47,96.71,95.4,96.43,40815093.0,96.254,98.32950000000001,109.06483333333334
2016-02-02,95.42,96.04,94.28,94.48,37204107.0,95.15200000000002,97.787,108.60616666666668
2016-02-03,95.0,96.84,94.08,96.35,45881429.0,95.738,97.46900000000001,108.19666666666667
2016-02-04,95.86,97.33,95.19,96.6,46425539.0,96.24000000000001,97.264,107.789
2016-02-05,96.52,96.92,93.69,94.02,46327213.0,95.576,97.137,107.3465
2016-02-08,93.13,95.7,93.04,95.01,53989732.0,95.292,97.0395,106.9845
2016-02-09,94.29,95.94,93.93,94.99,44290152.0,95.39399999999999,96.8625,106.63233333333332
2016-02-10,95.92,96.35,94.1,94.27,42300225.0,94.978,96.5775,106.27483333333333
2016-02-11,93.79,94.72,92.59,93.7,50023107.0,94.398,96.39399999999999,105.96416666666667
2016-02-12,94.19,94.5,93.01,93.99,40323252.0,94.392,96.11749999999999,105.62783333333333
2016-02-16,95.02,96.85,94.61,96.64,48123160.0,94.718,96.09700000000001,105.34366666666666
2016-02-17,96.67,98.21,96.15,98.12,44814070.0,95.34400000000001,96.169,105.02416666666666
2016-02-18,98.84,98.89,96.09,96.26,38915119.0,95.742,96.14099999999999,104.64883333333334
2016-02-19,96.0,96.76,95.8,96.04,35304263.0,96.21,96.1285,104.26116666666667
2016-02-22,96.31,96.9,95.92,96.88,34248101.0,96.78800000000001,95.9015,103.91316666666667
2016-02-23,96.4,96.5,94.55,94.69,31858749.0,96.398,95.66550000000001,103.50999999999999
2016-02-24,93.98,96.38,93.32,96.1,36195864.0,95.994,95.471,103.14450000000001
2016-02-25,96.05,96.76,95.25,96.76,27527313.0,96.094,95.638,102.79366666666668
2016-02-26,97.2,98.02,96.58,96.91,28951699.0,96.268,95.77900000000001,102.43633333333334
2016-02-29,96.86,98.23,96.65,96.69,35134974.0,96.23,95.7465,102.09216666666666
2016-03-01,97.65,100.77,97.42,100.53,50306260.0,97.398,95.95150000000001,101.82966666666667
2016-03-02,100.51,100.89,99.64,100.75,33130261.0,98.328,96.26500000000001,101.58883333333333
2016-03-03,100.58,101.71,100.45,101.5,36887816.0,99.276,96.52250000000001,101.29666666666665
2016-03-04,102.37,103.75,101.37,103.01,46028635.0,100.49600000000001,96.843,101.04233333333333
2016-03-07,102.39,102.83,100.96,101.87,35894097.0,101.532,97.2355,100.76966666666665
2016-03-08,100.78,101.76,100.4,101.03,31540011.0,101.632,97.5365,100.5265
2016-03-09,101.31,101.58,100.27,101.12,27149730.0,101.706,97.843,100.27566666666667
2016-03-10,101.41,102.24,100.15,101.17,33494298.0,101.64000000000001,98.188,100.0755
2016-03-11,102.24,102.28,101.5,102.26,27411975.0,101.49000000000001,98.61600000000001,99.90566666666665
2016-03-14,101.91,102.91,101.78,102.52,25059912.0,101.62,99.0425,99.77333333333334
2016-03-15,103.96,105.18,103.85,104.58,40028408.0,102.33,99.4395,99.66083333333333
2016-03-16,104.61,106.31,104.59,105.97,38250029.0,103.3,99.83200000000001,99.61033333333333
2016-03-17,105.52,106.47,104.96,105.8,34395898.0,104.226,100.309,99.60866666666666
2016-03-18,106.34,106.5,105.19,105.92,43588345.0,104.958,100.80300000000001,99.58516666666667
2016-03-21,105.93,107.65,105.14,105.91,35461853.0,105.63600000000001,101.2545,99.56316666666666
2016-03-22,105.25,107.29,105.21,106.72,32348253.0,106.064,101.856,99.5315
2016-03-23,106.48,107.07,105.9,106.13,25687967.0,106.096,102.3575,99.49983333333333
2016-03-24,105.47,106.25,104.89,105.67,25881055.0,106.07000000000001,102.803,99.48066666666666
2016-03-28,106.0,106.19,105.06,105.19,19375349.0,105.924,103.21700000000001,99.42150000000001
2016-03-29,104.89,107.79,104.88,107.68,31156123.0,106.27799999999999,103.7665,99.4275
2016-03-30,108.65,110.42,108.6,109.56,45553831.0,106.846,104.218,99.49966666666667
2016-03-31,109.72,109.9,108.88,108.99,25870281.0,107.41799999999998,104.63,99.56066666666668
2016-04-01,108.78,110.0,108.2,109.99,25824427.0,108.282,105.05449999999999,99.682
2016-04-04,110.42,112.19,110.27,111.12,37325902.0,109.468,105.46,99.85566666666665
2016-04-05,109.51,110.73,109.42,109.81,26562168.0,109.894,105.857,100.0765
2016-04-06,110.23,110.98,109.2,110.96,26370512.0,110.174,106.35350000000001,100.30983333333333
2016-04-07,109.95,110.42,108.12,108.54,31741981.0,110.08399999999999,106.72449999999999,100.47666666666667
2016-04-08,108.91,109.77,108.17,108.66,23554920.0,109.81800000000001,107.099,100.6215
2016-04-11,108.97,110.61,108.83,109.02,29362091.0,109.398,107.43699999999998,100.81566666666667
2016-04-12,109.34,110.5,108.66,110.44,27153415.0,109.524,107.833,100.99766666666666
2016-04-13,110.8,112.34,110.8,112.04,33229215.0,109.74000000000001,108.20599999999999,101.2475
2016-04-14,111.62,112.39,111.33,112.1,25367601.0,110.452,108.5125,101.50450000000001
2016-04-15,112.11,112.3,109.73,109.85,46884697.0,110.69000000000001,108.715,101.72166666666666
2016-04-18,108.89,108.95,106.94,107.48,60787091.0,110.38200000000002,108.79299999999998,101.90816666666666
2016-04-19,107.88,108.0,106.23,106.91,32343740.0,109.676,108.843,101.99966666666667
2016-04-20,106.64,108.09,106.06,107.13,30585716.0,108.694,108.8635,102.12833333333333
2016-04-21,106.93,106.93,105.52,105.97,31439426.0,107.46799999999999,108.8555,102.22800000000001
2016-04-22,105.01,106.48,104.62,105.68,33661909.0,106.63400000000001,108.856,102.43233333333333
2016-04-25,105.0,105.65,104.51,105.08,28011101.0,106.154,108.85050000000001,102.61549999999998
2016-04-26,103.91,105.3,103.91,104.35,53916253.0,105.64200000000001,108.68400000000001,102.73233333333334
2016-04-27,96.0,98.71,95.68,97.82,114481056.0,103.78,108.09699999999998,102.7555
2016-04-28,97.61,97.88,94.25,94.83,82145557.0,101.55199999999999,107.38899999999998,102.76133333333333
2016-04-29,93.99,94.72,92.51,93.74,68449915.0,99.164,106.57649999999998,102.71783333333333
2016-05-02,93.96,94.08,92.4,93.64,47880187.0,96.876,105.70250000000001,102.6685
2016-05-03,94.2,95.74,93.68,95.18,56778182.0,95.042,104.971,102.68783333333334
2016-05-04,95.2,95.9,93.82,94.19,40987290.0,94.316,104.13249999999998,102.67416666666666
2016-05-05,94.0,94.07,92.68,93.24,35853612.0,93.998,103.36749999999999,102.645
2016-05-06,93.37,93.45,91.85,92.72,43669334.0,93.794,102.5705,102.61916666666666
2016-05-09,93.0,93.77,92.59,92.79,32899501.0,93.624,101.759,102.604
2016-05-10,93.33,93.57,92.11,93.42,33655288.0,93.272,100.908,102.5945
2016-05-11,93.48,93.57,92.46,92.51,28672877.0,92.936,99.9315,102.52566666666667
2016-05-12,92.72,92.78,89.47,90.34,76194690.0,92.356,98.84349999999999,102.396
2016-05-13,90.0,91.67,90.0,90.52,44337703.0,91.91600000000001,97.877,102.30033333333333
2016-05-16,92.39,94.39,91.65,93.88,61195802.0,92.134,97.197,102.26433333333333
2016-05-17,94.55,94.7,93.01,93.49,46862564.0,92.148,96.526,102.20783333333333
2016-05-18,94.16,95.21,93.89,94.56,42019707.0,92.55799999999999,95.89750000000001,102.20566666666667
2016-05-19,94.64,94.64,93.57,94.2,30418556.0,93.33,95.309,102.17399999999999
2016-05-20,94.64,95.43,94.52,95.22,31840795.0,94.27,94.786,102.14833333333333
2016-05-23,95.87,97.19,95.67,96.43,37978108.0,94.78,94.3535,102.14033333333333
2016-05-24,97.22,98.09,96.84,97.9,35093988.0,95.662,94.031,102.1605
2016-05-25,98.67,99.74,98.11,99.62,38264530.0,96.674,94.121,102.14533333333334
2016-05-26,99.68,100.73,98.64,100.41,56308978.0,97.916,94.4,102.13966666666667
2016-05-27,99.44,100.47,99.24,100.35,36309750.0,98.94200000000001,94.73049999999999,102.1205
2016-05-31,99.6,100.4,98.82,99.86,42269041.0,99.628,95.0415,102.068
2016-06-01,99.02,99.54,98.33,98.46,29141459.0,99.74,95.2055,102.01116666666667
2016-06-02,97.6,97.84,96.63,97.72,40173487.0,99.35999999999999,95.382,101.95599999999999
2016-06-03,97.79,98.27,97.45,97.92,28488266.0,98.862,95.616,101.90266666666666
2016-06-06,97.99,101.89,97.55,98.63,23269272.0,98.518,95.9115,101.86033333333333
2016-06-07,99.25,99.87,98.96,99.03,22389975.0,98.352,96.2235,101.8065
2016-06-08,99.02,99.56,98.68,98.94,20839962.0,98.44800000000001,96.4995,101.74683333333333
2016-06-09,98.5,99.99,98.46,99.65,26576389.0,98.834,96.8565,101.66466666666666
2016-06-10,98.53,99.34,98.48,98.83,31673522.0,99.01599999999999,97.281,101.54566666666666
2016-06-13,98.69,99.12,97.1,97.34,37963009.0,98.75800000000001,97.622,101.40466666666667
2016-06-14,97.32,98.47,96.75,97.46,31904866.0,98.44399999999999,97.801,101.26366666666668
2016-06-15,97.82,98.41,97.03,97.14,29414892.0,98.08399999999999,97.98349999999999,101.11749999999999
2016-06-16,96.45,97.75,96.07,97.55,31256237.0,97.664,98.133,100.96466666666667
2016-06-17,96.62,96.65,95.3,95.33,60899727.0,96.964,98.1895,100.78466666666667
2016-06-20,96.0,96.57,95.03,95.1,34359678.0,96.51599999999999,98.1835,100.6085
2016-06-21,94.94,96.35,94.67,95.91,35433857.0,96.20599999999999,98.1575,100.45383333333332
2016-06-22,96.25,96.89,95.35,95.55,29163295.0,95.888,98.03999999999999,100.25166666666668
2016-06-23,95.94,96.29,95.25,96.1,32046033.0,95.598,97.864,100.02733333333332
2016-06-24,92.91,94.65,92.65,93.4,75226324.0,95.212,97.5135,99.7675
2016-06-27,93.0,93.05,91.91,91.92,5199206.0,94.576,97.09200000000001,99.46633333333334
2016-06-28,92.9,93.66,92.14,93.59,40396753.0,94.112,96.7785,99.17416666666668
2016-06-29,93.97,94.55,93.63,94.4,36508623.0,93.882,96.5755,98.91733333333333
2016-06-30,94.44,95.77,94.3,95.6,35819997.0,93.78200000000001,96.4695,98.66133333333333
2016-07-01,95.49,96.46,95.33,95.89,25982640.0,94.28,96.36800000000001,98.45049999999999
2016-07-05,95.39,95.4,94.46,95.04,27692895.0,94.904,96.1885,98.2235
2016-07-06,94.6,95.66,94.37,95.53,30877539.0,95.292,96.0135,97.99866666666665
2016-07-07,95.7,96.5,95.62,95.94,24463250.0,95.6,95.8635,97.757
2016-07-08,96.49,96.89,96.05,96.68,28878352.0,95.816,95.715,97.501
2016-07-11,96.75,97.65,96.73,96.98,23320137.0,96.03400000000002,95.62249999999999,97.249
2016-07-12,97.17,97.7,97.12,97.42,24129808.0,96.51,95.6265,97.04183333333334
2016-07-13,97.41,97.67,96.84,96.87,25880916.0,96.77799999999999,95.59700000000001,96.865
2016-07-14,97.39,98.99,97.32,98.79,38890562.0,97.348,95.6795,96.72966666666666
2016-07-15,98.92,99.3,98.5,98.78,30048063.0,97.768,95.741,96.59049999999999
2016-07-18,98.7,100.13,98.6,99.83,36482746.0,98.338,95.966,96.48816666666667
2016-07-19,99.56,100.0,99.34,99.87,23767714.0,98.828,96.20450000000001,96.39133333333334
2016-07-20,100.0,100.46,99.73,99.96,26238016.0,99.446,96.407,96.30600000000001
2016-07-21,99.83,101.0,99.13,99.43,32713153.0,99.574,96.601,96.22399999999999
2016-07-22,99.26,99.3,98.31,98.66,28259407.0,99.55,96.72900000000001,96.238
2016-07-25,98.25,98.84,96.92,97.34,40295391.0,99.05199999999999,96.926,96.27983333333333
2016-07-26,96.82,97.97,96.42,96.67,54525662.0,98.412,97.1635,96.32866666666668
2016-07-27,104.26,104.35,102.75,102.95,92153927.0,99.01,97.6315,96.48383333333332
2016-07-28,102.83,104.45,102.82,104.34,38781019.0,99.992,98.1285,96.6365
2016-07-29,104.19,104.55,103.68,104.21,27703415.0,101.102,98.559,96.8035
2016-08-01,104.41,106.15,104.41,106.05,38050547.0,102.84400000000001,99.067,97.01700000000001
2016-08-02,106.05,106.07,104.0,104.48,33771402.0,104.40599999999999,99.539,97.21300000000001
2016-08-03,104.81,105.84,104.77,105.79,30155882.0,104.974,100.05199999999999,97.42966666666668
2016-08-04,105.58,106.0,105.28,105.87,26787586.0,105.28,100.5485,97.63716666666667
2016-08-05,106.27,107.65,106.18,107.48,39553042.0,105.934,101.08850000000001,97.88666666666667
2016-08-08,107.52,108.37,107.16,108.37,28012348.0,106.398,101.658,98.18716666666666
2016-08-09,108.23,108.94,108.01,108.81,26298170.0,107.26400000000001,102.22749999999999,98.492
2016-08-10,108.71,108.9,107.76,108.0,23865560.0,107.70599999999999,102.78399999999999,98.72733333333333
2016-08-11,108.52,108.93,107.85,107.93,27460690.0,108.11800000000001,103.24100000000001,98.96800000000002
2016-08-12,107.78,108.44,107.78,108.18,18650951.0,108.258,103.71099999999998,99.195
2016-08-15,108.14,109.54,108.08,109.48,25713808.0,108.47999999999999,104.1935,99.44966666666667
2016-08-16,109.63,110.23,109.21,109.38,33758908.0,108.59400000000001,104.66900000000001,99.68566666666668
2016-08-17,109.1,109.37,108.34,109.22,25330383.0,108.83800000000001,105.13199999999999,99.89883333333333
2016-08-18,109.23,109.6,109.02,109.08,21937570.0,109.06800000000001,105.61449999999999,100.08516666666667
2016-08-19,108.77,109.69,108.36,109.36,25110724.0,109.304,106.14949999999999,100.2475
2016-08-22,108.86,109.1,107.85,108.51,25792882.0,109.10999999999999,106.70800000000001,100.38250000000001
2016-08-23,108.59,109.32,108.53,108.85,21238293.0,109.00399999999999,107.31700000000001,100.52416666666666
2016-08-24,108.56,108.75,107.68,108.03,23607398.0,108.766,107.571,100.66033333333333
2016-08-25,107.39,107.88,106.68,107.57,25056494.0,108.46400000000001,107.7325,100.81216666666667
2016-08-26,107.41,107.95,106.31,106.94,27744430.0,107.97999999999999,107.869,100.96583333333334
2016-08-29,106.62,107.44,106.29,106.82,24935895.0,107.64200000000001,107.90749999999998,101.11416666666666
2016-08-30,105.8,106.5,105.5,106.0,24820535.0,107.072,107.98349999999998,101.237
2016-08-31,105.66,106.57,105.64,106.1,31643037.0,106.68599999999999,107.999,101.35483333333333
2016-09-01,106.14,106.8,105.62,106.73,26677458.0,106.518,108.042,101.48466666666668
2016-09-02,107.7,108.0,106.82,107.73,26446979.0,106.676,108.0545,101.61933333333333
2016-09-06,107.9,108.3,107.51,107.7,26672175.0,106.852,108.021,101.76716666666667
2016-09-07,107.83,108.76,107.07,108.36,42256233.0,107.324,107.9985,101.95083333333334
2016-09-08,107.25,107.27,105.24,105.52,52962240.0,107.208,107.87450000000001,102.08516666666667
2016-09-09,104.64,105.72,103.13,103.13,46469296.0,106.48799999999999,107.63449999999997,102.185
2016-09-12,102.65,105.72,102.53,105.44,45123027.0,106.03,107.49749999999999,102.31649999999999
2016-09-13,107.51,108.79,107.24,107.95,62090266.0,106.08,107.421,102.52683333333334
2016-09-14,108.73,113.03,108.6,111.77,111188584.0,106.76199999999999,107.5405,102.80466666666666
2016-09-15,113.86,115.73,113.49,115.57,90480397.0,108.772,107.85799999999999,103.13233333333332
2016-09-16,115.12,116.13,114.04,114.92,79774346.0,111.13,108.15,103.45516666666666
2016-09-19,115.19,116.18,113.25,113.58,46942749.0,112.758,108.36099999999999,103.7465
2016-09-20,113.05,114.12,112.51,113.57,34497736.0,113.88199999999999,108.61399999999999,104.08266666666667
2016-09-21,113.85,113.99,112.44,113.55,35954094.0,114.23799999999999,108.849,104.44316666666667
2016-09-22,114.35,114.94,114.0,114.62,31048487.0,114.048,109.17850000000001,104.79366666666667
2016-09-23,114.42,114.79,111.55,112.71,52423526.0,113.606,109.4355,105.09883333333333
2016-09-26,111.64,113.39,111.55,112.88,29817758.0,113.46599999999998,109.73249999999999,105.38683333333331
2016-09-27,113.0,113.18,112.34,113.09,24588226.0,113.37,110.046,105.6735
2016-09-28,113.69,114.64,113.43,113.95,29613175.0,113.45,110.44350000000001,105.98866666666667
2016-09-29,113.16,113.8,111.8,112.18,35855884.0,112.96199999999999,110.74749999999999,106.26616666666668
2016-09-30,112.46,113.37,111.8,113.05,36343003.0,113.03,111.0635,106.55133333333333
2016-10-03,112.71,113.05,112.28,112.52,21688897.0,112.958,111.303,106.81533333333333
2016-10-04,113.06,114.31,112.63,113.0,29709251.0,112.93999999999998,111.56800000000001,107.08233333333334
2016-10-05,113.4,113.66,112.69,113.05,21409495.0,112.75999999999999,111.80249999999998,107.34283333333333
2016-10-06,113.7,114.34,113.13,113.89,28748170.0,113.102,112.22099999999998,107.62650000000001
2016-10-07,114.31,114.56,113.51,114.06,24339516.0,113.304,112.76750000000001,107.88100000000001
2016-10-10,115.02,116.75,114.72,116.05,36129675.0,114.00999999999999,113.298,108.16883333333334
2016-10-11,117.7,118.69,116.2,116.3,63967575.0,114.67,113.71549999999999,108.44333333333333
2016-10-12,117.35,117.98,116.75,117.34,37538535.0,115.52799999999999,113.99399999999999,108.7345
2016-10-13,116.79,117.44,115.72,116.98,35049854.0,116.146,114.0645,109.01816666666666
2016-10-14,117.88,118.17,117.13,117.63,35633687.0,116.85999999999999,114.2,109.3215
2016-10-17,117.33,117.84,116.78,117.55,23598247.0,117.16000000000001,114.39850000000001,109.63633333333334
2016-10-18,118.18,118.21,117.45,117.47,24506854.0,117.394,114.59349999999999,109.97183333333334
2016-10-19,117.25,117.76,113.8,117.12,19992614.0,117.35,114.77199999999998,110.31266666666667
2016-10-20,116.86,117.38,116.33,117.06,24105541.0,117.36599999999999,114.894,110.54783333333334
2016-10-21,116.81,116.91,116.28,116.6,22529486.0,117.16,115.0885,110.75216666666667
2016-10-24,117.1,117.74,117.0,117.65,23506417.0,117.17999999999999,115.32700000000003,110.97616666666667
2016-10-25,117.95,118.36,117.31,118.25,47394866.0,117.33599999999998,115.58500000000001,111.1795
2016-10-26,114.31,115.7,113.31,115.59,66031410.0,117.03,115.66699999999999,111.36466666666665
2016-10-27,115.39,115.86,114.1,114.48,34422012.0,116.51399999999998,115.782,111.50949999999999
2016-10-28,113.87,115.21,113.45,113.72,36795783.0,115.93800000000002,115.8155,111.64033333333333
2016-10-31,113.65,114.23,113.2,113.54,26379632.0,115.11600000000001,115.8665,111.74133333333334
2016-11-01,113.46,113.77,110.53,111.49,43661178.0,113.76399999999998,115.79099999999998,111.79333333333334
2016-11-02,111.4,112.35,111.23,111.59,28191471.0,112.96400000000001,115.718,111.83966666666667
2016-11-03,110.98,111.46,109.55,109.83,26541093.0,112.03399999999999,115.51500000000001,111.87016666666666
2016-11-04,108.53,110.25,108.11,108.84,30804148.0,111.05799999999999,115.25399999999999,111.88533333333334
2016-11-07,110.08,110.51,109.46,110.41,32364590.0,110.43199999999999,114.97200000000001,111.9225
2016-11-08,110.31,111.72,109.7,111.06,24132181.0,110.346,114.71,111.94883333333333
2016-11-09,109.88,111.32,108.05,110.88,59156836.0,110.204,114.38700000000001,111.97383333333332
2016-11-10,111.09,111.09,105.83,107.79,57105664.0,109.796,113.92750000000001,111.95
2016-11-11,107.12,108.87,106.55,108.43,34125281.0,109.71400000000001,113.4675,111.93916666666668
2016-11-14,107.71,107.81,104.08,105.71,50907153.0,108.774,112.87549999999999,111.87833333333333
2016-11-15,106.57,107.68,106.16,107.11,32230627.0,107.984,112.3575,111.85499999999999
2016-11-16,106.7,110.23,106.6,109.99,58809804.0,107.806,112.00100000000002,111.87400000000001
2016-11-17,109.81,110.35,108.83,109.95,27624576.0,108.23800000000001,111.6455,111.906
2016-11-18,109.72,110.54,109.66,110.06,28331669.0,108.564,111.3185,111.94749999999999
2016-11-21,110.12,111.99,110.01,111.73,29170024.0,109.768,111.0225,112.02733333333335
2016-11-22,111.95,112.42,111.4,111.8,25936177.0,110.70599999999999,110.7,112.11033333333334
2016-11-23,111.36,111.51,110.33,111.23,27420959.0,110.954,110.48200000000001,112.1975
2016-11-25,111.13,111.87,110.95,111.79,11475922.0,111.322,110.34750000000001,112.29233333333333
2016-11-28,111.43,112.46,111.39,111.57,27099626.0,111.624,110.23999999999998,112.37299999999999
2016-11-29,110.78,112.03,110.07,111.46,28510409.0,111.57000000000001,110.136,112.43516666666666
2016-11-30,111.6,112.2,110.27,110.52,36152776.0,111.314,110.0875,112.48216666666667
2016-12-01,110.36,110.94,109.03,109.49,37035119.0,110.96599999999998,109.9825,112.50099999999999
2016-12-02,109.17,110.09,108.85,109.9,26482265.0,110.58800000000001,109.98600000000002,112.57400000000001
2016-12-05,110.0,110.03,108.25,109.11,34114147.0,110.096,109.99949999999998,112.67366666666666
2016-12-06,109.5,110.36,109.19,109.95,26165916.0,109.79400000000001,109.97650000000002,112.74883333333334
2016-12-07,109.26,111.19,109.16,111.03,29978926.0,109.896,109.975,112.80016666666666
2016-12-08,110.86,112.43,110.6,112.12,27053247.0,110.422,110.03699999999999,112.806
2016-12-09,112.31,114.7,112.31,113.95,34376027.0,111.23200000000001,110.345,112.77900000000001
2016-12-12,113.29,115.0,112.49,113.3,26180189.0,112.07000000000001,110.5885,112.752
2016-12-13,113.84,115.92,113.75,115.19,43296981.0,113.11800000000001,111.0625,112.77883333333334
2016-12-14,115.04,116.2,114.98,115.19,33968745.0,113.95,111.4665,112.80583333333333
2016-12-15,115.38,116.73,115.23,115.82,46286513.0,114.68999999999998,111.758,112.84366666666666
2016-12-16,116.47,116.5,115.64,115.97,44285171.0,115.09400000000001,112.059,112.86616666666666
2016-12-19,115.8,117.38,115.75,116.64,27759619.0,115.76199999999999,112.388,112.93166666666666
2016-12-20,116.74,117.5,116.68,116.95,21401196.0,116.11399999999999,112.649,112.9995
2016-12-21,116.8,117.4,116.78,117.06,23724774.0,116.48799999999999,112.91199999999999,113.06566666666667
2016-12-22,116.35,116.51,115.64,116.29,26044771.0,116.582,113.16499999999999,113.10466666666666
2016-12-23,115.59,116.52,115.59,116.52,14244752.0,116.69200000000001,113.40149999999998,113.17699999999999
2016-12-27,116.52,117.8,116.49,117.26,18133456.0,116.816,113.686,113.24716666666667
2016-12-28,117.52,118.01,116.2,116.76,20691106.0,116.77799999999999,113.951,113.31783333333333
2016-12-29,116.45,117.11,116.4,116.73,14980035.0,116.71199999999999,114.2615,113.37999999999998
2016-12-30,116.65,117.2,115.43,115.82,30561669.0,116.61800000000001,114.578,113.42616666666667
2017-01-03,115.8,116.33,114.76,116.15,28763145.0,116.54400000000001,114.8905,113.46383333333333
2017-01-04,115.85,116.51,115.75,116.02,21082181.0,116.296,115.23600000000002,113.4965
2017-01-05,115.92,116.86,115.81,116.61,22115396.0,116.266,115.56899999999999,113.50583333333334
2017-01-06,116.78,118.16,116.47,117.91,31717029.0,116.502,115.91300000000001,113.53266666666667
2017-01-09,117.95,119.43,117.94,118.99,33523959.0,117.136,116.2565,113.56016666666666
2017-01-10,118.77,119.38,118.3,119.11,24434145.0,117.728,116.5145,113.59566666666667
2017-01-11,118.74,119.93,118.6,119.75,27453380.0,118.474,116.83700000000002,113.63100000000001
2017-01-12,118.89,119.3,118.21,119.25,27065129.0,119.002,117.04,113.65933333333334
2017-01-13,119.11,119.62,118.81,119.04,26087411.0,119.228,117.2325,113.6855
2017-01-17,118.34,120.24,118.22,120.0,34413608.0,119.42999999999999,117.44149999999999,113.7335
2017-01-18,120.0,120.5,119.71,119.99,23687925.0,119.606,117.64250000000001,113.78233333333333
2017-01-19,119.4,120.09,119.37,119.78,25556709.0,119.612,117.7995,113.83533333333334
2017-01-20,120.45,120.45,119.73,120.0,29923001.0,119.76199999999999,117.952,113.87449999999998
2017-01-23,120.0,120.81,119.77,120.08,21985311.0,119.97,118.103,113.90499999999999
2017-01-24,119.55,120.1,119.5,119.97,23193797.0,119.96400000000001,118.287,113.97800000000001
2017-01-25,120.42,122.1,120.28,121.88,32564729.0,120.34200000000001,118.55499999999999,114.10133333333333
2017-01-26,121.67,122.44,121.6,121.94,26322394.0,120.774,118.78899999999999,114.23833333333332
2017-01-27,122.14,122.35,121.6,121.95,20496585.0,121.16400000000002,119.04850000000002,114.3785
2017-01-30,120.93,121.63,120.66,121.63,30329859.0,121.474,119.2935,114.54749999999999
2017-01-31,121.15,121.39,120.62,121.35,48247083.0,121.75,119.57000000000001,114.71016666666667
2017-02-01,127.03,130.49,127.01,128.75,111855283.0,123.124,120.2,115.0255
2017-02-02,127.97,129.39,127.78,128.53,33672447.0,124.44200000000001,120.82549999999999,115.35366666666665
2017-02-03,128.31,129.19,128.16,129.08,24471696.0,125.86799999999998,121.449,115.66483333333332
2017-02-06,129.13,130.5,128.9,130.29,26793715.0,127.6,122.06799999999998,115.98533333333333
2017-02-07,130.54,132.09,130.45,131.53,38161997.0,129.63600000000002,122.69500000000001,116.32950000000001
2017-02-08,131.35,132.22,131.22,132.04,22945646.0,130.294,123.3415,116.73366666666668
2017-02-09,131.65,132.44,131.12,132.42,28323962.0,131.07199999999997,123.975,117.1335
2017-02-10,132.46,132.94,132.05,132.12,20050615.0,131.68,124.6185,117.57366666666667
2017-02-13,133.08,133.82,132.75,133.29,22998364.0,132.28,125.33099999999999,118.01
2017-02-14,133.47,135.09,133.25,135.02,33064858.0,132.978,126.082,118.42716666666665
2017-02-15,135.52,136.27,134.62,135.51,35579916.0,133.672,126.85799999999999,118.85316666666667
2017-02-16,135.67,135.9,134.84,135.34,22543246.0,134.25600000000003,127.636,119.2745
2017-02-17,135.1,135.83,135.1,135.72,22180744.0,134.97600000000003,128.422,119.67433333333334
2017-02-21,136.23,136.75,135.98,136.7,24488341.0,135.658,129.253,120.08933333333333
2017-02-22,136.43,137.12,136.11,137.11,20794431.0,136.076,130.10999999999999,120.52066666666666
2017-02-23,137.38,137.48,136.3,136.53,20762716.0,136.28,130.84250000000003,120.933
2017-02-24,135.91,136.66,135.28,136.66,21755623.0,136.544,131.57850000000002,121.35116666666667
2017-02-27,137.14,137.43,136.28,136.93,20224176.0,136.786,132.3275,121.77566666666667
2017-02-28,137.08,137.43,136.7,136.99,23449576.0,136.844,133.09550000000002,122.21683333333334
2017-03-01,137.89,140.15,137.59,139.79,36363807.0,137.38,134.01749999999998,122.72183333333334
2017-03-02,140.0,140.28,138.76,138.96,26182197.0,137.866,134.528,123.20616666666666
2017-03-03,138.78,139.83,138.59,139.78,21556130.0,138.49,135.0905,123.71733333333333
2017-03-06,139.36,139.77,138.59,139.34,21230350.0,138.972,135.6035,124.20716666666667
2017-03-07,139.06,139.98,138.79,139.52,17439815.0,139.478,136.065,124.682
2017-03-08,138.95,139.8,138.82,139.0,18697403.0,139.32,136.4385,125.13000000000001
2017-03-09,138.74,138.79,137.05,138.68,22134841.0,139.264,136.7705,125.54216666666666
2017-03-10,139.25,139.35,138.64,139.14,19586140.0,139.13600000000002,137.1065,125.97283333333334
2017-03-13,138.85,139.43,138.82,139.2,17052208.0,139.108,137.4605,126.373
2017-03-14,139.3,139.65,138.84,138.99,15291388.0,139.002,137.74550000000002,126.76966666666667
2017-03-15,139.41,140.75,139.02,140.46,25678446.0,139.294,138.0175,127.18033333333332
2017-03-16,140.72,141.02,140.26,140.69,19214921.0,139.696,138.2765,127.59233333333333
2017-03-17,141.0,141.0,139.89,139.99,43710004.0,139.86599999999999,138.50900000000001,127.98150000000001
2017-03-20,140.4,141.5,140.23,141.46,21479678.0,140.318,138.796,128.39000000000001
2017-03-21,142.11,142.8,139.73,139.84,39463155.0,140.488,138.95300000000003,128.76966666666667
2017-03-22,139.84,141.6,139.76,141.42,25811516.0,140.68,139.1685,129.1885
2017-03-23,141.26,141.58,140.61,140.92,20299845.0,140.72600000000003,139.38799999999998,129.59516666666667
2017-03-24,141.5,141.74,140.35,140.64,22365272.0,140.856,139.587,129.98483333333334
2017-03-27,139.39,141.22,138.62,140.88,23562018.0,140.74,139.7845,130.38683333333333
2017-03-28,140.91,144.04,140.62,143.8,33353285.0,141.53199999999998,140.125,130.83800000000002
2017-03-29,143.68,144.49,143.19,144.12,29174267.0,142.072,140.3415,131.30966666666666
2017-03-30,144.19,144.5,143.5,143.93,21189560.0,142.67400000000004,140.58999999999997,131.77266666666665
2017-03-31,143.72,144.27,143.01,143.66,19642715.0,143.278,140.78400000000002,132.23333333333332
2017-04-03,143.71,144.12,143.05,143.7,19975980.0,143.84199999999998,141.002,132.68483333333333
2017-04-04,143.25,144.89,143.17,144.77,19877676.0,144.036,141.2645,133.1325
2017-04-05,144.22,145.46,143.81,144.02,27663728.0,144.01600000000002,141.5155,133.54966666666667
2017-04-06,144.29,144.52,143.45,143.66,21132002.0,143.96200000000002,141.7645,133.95883333333333
2017-04-07,143.73,144.18,143.27,143.34,16659657.0,143.898,141.97449999999998,134.352
2017-04-10,143.6,143.88,142.9,143.17,18905364.0,143.792,142.173,134.75066666666666
2017-04-11,142.94,143.35,140.06,141.63,30353007.0,143.16400000000002,142.305,135.12716666666668
2017-04-12,141.6,142.15,141.01,141.8,20321631.0,142.71999999999997,142.372,135.4905
2017-04-13,141.91,142.38,141.05,141.05,17778143.0,142.198,142.39000000000001,135.8415
2017-04-17,141.48,141.88,140.87,141.83,16557234.0,141.89600000000002,142.482,136.209
2017-04-18,141.41,142.04,141.11,141.2,14677941.0,141.502,142.469,136.56233333333333
2017-04-19,141.88,142.0,140.45,140.68,17303881.0,141.312,142.511,136.90566666666666
2017-04-20,141.22,142.92,141.16,142.44,23297505.0,141.44,142.562,137.28016666666664
2017-04-21,142.44,142.68,141.85,142.27,17297819.0,141.68400000000003,142.6295,137.62
2017-04-24,143.5,143.95,143.18,143.64,17118457.0,142.046,142.7795,137.98166666666665
2017-04-25,143.91,144.9,143.87,144.53,18671987.0,142.71200000000002,142.96200000000002,138.358
2017-04-26,144.47,144.6,143.37,143.68,20016925.0,143.31199999999998,142.956,138.7255
2017-04-27,143.92,144.16,143.31,143.79,14207643.0,143.58200000000002,142.9395,139.09949999999998
2017-04-28,144.09,144.3,143.27,143.65,20831183.0,143.858,142.9255,139.34783333333334
2017-05-01,145.1,147.2,144.96,146.58,33527080.0,144.446,143.0715,139.64866666666666
2017-05-02,147.54,148.09,146.84,147.51,44432690.0,145.042,143.262,139.95583333333335
2017-05-03,145.59,147.49,144.27,147.06,45609582.0,145.71800000000002,143.37650000000002,140.23533333333336
2017-05-04,146.52,147.14,145.81,146.53,23346293.0,146.266,143.502,140.48533333333333
2017-05-05,146.76,148.98,146.76,148.96,27290897.0,147.328,143.767,140.76733333333334
2017-05-08,149.03,153.7,149.03,153.01,48684137.0,148.61399999999998,144.25050000000002,141.11050000000003
2017-05-09,153.87,154.88,153.45,153.99,39031970.0,149.91,144.79149999999998,141.475
2017-05-10,153.63,153.94,152.11,153.26,25780583.0,151.15,145.373,141.80783333333335
2017-05-11,152.45,154.07,152.31,153.95,27239428.0,152.63400000000001,145.9805,142.12333333333333
2017-05-12,154.7,156.42,154.67,156.1,32498413.0,154.06199999999998,146.733,142.4665
2017-05-15,156.01,156.65,155.05,155.7,25915047.0,154.6,147.4265,142.80583333333334
2017-05-16,155.94,156.06,154.72,155.47,19996232.0,154.89600000000002,148.14,143.13500000000002
2017-05-17,153.6,154.57,149.71,150.25,50679848.0,154.294,148.61849999999998,143.36083333333332
2017-05-18,151.27,153.34,151.13,152.54,33525106.0,154.012,149.12349999999998,143.618
2017-05-19,153.38,153.98,152.63,153.06,26933815.0,153.404,149.66299999999998,143.89350000000002
2017-05-22,154.0,154.58,152.91,153.99,22934398.0,153.06199999999998,150.1805,144.18233333333333
2017-05-23,154.9,154.9,153.31,153.8,19908957.0,152.728,150.64399999999998,144.46349999999998
2017-05-24,153.84,154.17,152.67,153.34,19207232.0,153.346,151.127,144.736
2017-05-25,153.73,154.35,153.03,153.87,19219081.0,153.612,151.631,144.97066666666666
2017-05-26,154.0,154.24,153.31,153.61,21902211.0,153.72200000000004,152.129,145.21483333333336
2017-05-30,153.42,154.43,153.33,153.67,20119009.0,153.65800000000002,152.4835,145.44633333333334
2017-05-31,153.97,154.17,152.38,152.76,24455800.0,153.45,152.74599999999998,145.67
2017-06-01,153.17,153.33,152.22,153.18,16384407.0,153.418,153.052,145.89766666666665
2017-06-02,153.58,155.45,152.89,155.45,27732984.0,153.734,153.498,146.17183333333332
2017-06-05,154.34,154.45,153.46,153.93,25284641.0,153.79799999999997,153.74650000000003,146.42600000000002
2017-06-06,153.9,155.81,153.78,154.45,26593991.0,153.954,153.8185,146.68116666666666
2017-06-07,155.02,155.98,154.48,155.37,21020366.0,154.476,153.8875,146.95066666666668
2017-06-08,155.25,155.54,154.4,154.99,21146643.0,154.83800000000002,153.974,147.21733333333333
2017-06-09,155.19,155.19,146.02,148.98,64788624.0,153.544,153.7255,147.35933333333332
2017-06-12,145.74,146.09,142.51,145.42,72202819.0,151.842,153.1915,147.43816666666666
2017-06-13,147.16,147.45,145.15,146.59,34096538.0,150.26999999999998,152.736,147.54816666666665
2017-06-14,147.5,147.5,143.84,145.16,31455996.0,148.228,152.2205,147.60983333333334
2017-06-15,143.32,144.48,142.21,144.29,31662421.0,146.088,151.92249999999999,147.68400000000003
2017-06-16,143.78,144.5,142.2,142.27,50267760.0,144.746,151.40900000000002,147.69816666666668
2017-06-19,143.66,146.74,143.66,146.34,32466322.0,144.93,151.073,147.7885
2017-06-20,146.87,146.87,144.94,145.01,24886167.0,144.61399999999998,150.624,147.86133333333333
2017-06-21,145.52,146.07,144.61,145.87,21248410.0,144.756,150.22750000000002,147.9445
2017-06-22,145.77,146.7,145.12,145.63,19086118.0,145.024,149.842,147.975
2017-06-23,145.13,147.16,145.11,146.28,35423678.0,145.826,149.4625,148.011
2017-06-26,147.17,148.28,145.38,145.82,25679183.0,145.722,149.073,148.0425
2017-06-27,145.01,146.16,143.62,143.73,24731399.0,145.46599999999998,148.576,148.04366666666664
2017-06-28,144.49,146.11,143.16,145.83,22056060.0,145.458,148.2295,148.07916666666668
2017-06-29,144.71,145.13,142.28,143.68,31454522.0,145.068,147.75449999999998,148.061
2017-06-30,144.45,144.96,143.78,144.02,23004137.0,144.616,147.183,148.061
2017-07-03,144.88,145.3,143.1,143.5,14277848.0,144.152,146.6615,148.05833333333334
2017-07-05,143.69,144.79,142.72,144.09,21551200.0,144.224,146.1435,148.07083333333333
2017-07-06,143.02,143.5,142.41,142.73,24110718.0,143.60399999999998,145.5115,148.0635
2017-07-07,142.9,144.75,142.9,144.18,19201712.0,143.704,144.971,148.10600000000002
2017-07-10,144.11,145.95,143.37,145.06,21090636.0,143.91199999999998,144.775,148.1603333333333
2017-07-11,144.72,145.85,144.38,145.53,12952980.0,144.318,144.78050000000002,148.235
2017-07-12,145.9,146.18,144.82,145.74,15622552.0,144.648,144.738,148.30016666666668
2017-07-13,145.58,148.49,145.5,147.77,15984458.0,145.656,144.8685,148.40966666666665
2017-07-14,148.0,149.33,147.33,149.04,12909463.0,146.628,145.106,148.54899999999998
2017-07-17,148.91,150.87,148.57,149.56,16357705.0,147.528,145.4705,148.6676666666667
2017-07-18,149.2,150.13,148.67,150.08,11481325.0,148.43800000000002,145.6575,148.79783333333336
2017-07-19,150.48,151.42,149.95,151.02,20922969.0,149.494,145.958,148.92083333333332
2017-07-20,151.64,151.74,150.19,150.34,10861372.0,150.00799999999998,146.1815,149.01766666666666
2017-07-21,149.89,150.44,148.88,150.27,17818298.0,150.25400000000002,146.4135,149.1275
2017-07-24,150.56,152.43,149.9,152.09,14446538.0,150.76,146.704,149.26583333333335
2017-07-25,152.24,153.84,152.24,152.74,12179278.0,151.292,147.05,149.41733333333332
2017-07-26,153.4,153.93,153.06,153.46,10545034.0,151.78,147.5365,149.532
2017-07-27,153.75,153.99,147.3,150.56,32476337.0,151.824,147.773,149.58283333333333
2017-07-28,149.72,150.23,149.19,149.5,11174280.0,151.67000000000002,148.06400000000002,149.6235
2017-07-31,149.9,150.33,148.13,148.73,19845920.0,150.998,148.29950000000002,149.66016666666667
2017-08-01,149.27,150.22,148.41,150.05,20354202.0,150.45999999999998,148.627,149.67833333333334
2017-08-02,159.5,159.75,156.16,157.14,44794779.0,151.196,149.2795,149.74716666666666
2017-08-03,157.03,157.2,155.02,155.57,17882106.0,152.198,149.9215,149.77349999999998
2017-08-04,156.12,157.4,155.69,156.39,13787215.0,153.57599999999996,150.53199999999998,149.82566666666665
2017-08-07,157.0,158.92,156.68,158.81,14999747.0,155.59199999999998,151.21949999999998,149.9066666666667
2017-08-08,158.57,161.83,158.27,160.08,23260923.0,157.598,151.947,149.973
2017-08-09,159.26,161.27,159.11,161.06,26131530.0,158.382,152.713,150.06233333333333
2017-08-10,159.9,160.0,154.63,155.32,40804273.0,158.332,153.0905,150.05983333333333
2017-08-11,156.5,158.57,156.07,157.48,26257096.0,158.55,153.5125,150.18033333333332
2017-08-14,159.32,160.21,158.75,159.85,22122734.0,158.75799999999998,154.027,150.30216666666666
2017-08-15,160.66,162.19,160.14,161.6,29465487.0,159.06199999999998,154.603,150.4445
2017-08-16,161.94,162.51,160.15,160.95,27671612.0,159.04000000000002,155.0995,150.56050000000002
2017-08-17,160.52,160.71,157.84,157.86,27940565.0,159.548,155.47549999999998,150.6281666666667
2017-08-18,157.86,159.5,156.72,157.5,27428069.0,159.552,155.837,150.69750000000002
2017-08-21,157.5,157.89,155.11,157.21,26368528.0,159.024,156.093,150.7531666666667
2017-08-22,158.23,160.0,158.02,159.78,21604585.0,158.66,156.445,150.85599999999997
2017-08-23,159.07,160.47,158.88,159.98,19399081.0,158.46599999999998,156.77100000000002,150.96116666666666
2017-08-24,160.43,160.74,158.55,159.27,19818918.0,158.748,157.2065,151.06966666666668
2017-08-25,159.65,160.56,159.27,159.86,25480063.0,159.22000000000003,157.7245,151.181
2017-08-28,160.14,162.0,159.93,161.47,25965972.0,160.072,158.3615,151.28133333333332
2017-08-29,160.1,163.12,160.0,162.91,29516910.0,160.698,159.00449999999998,151.43099999999998
2017-08-30,163.8,163.89,162.61,163.35,27269584.0,161.372,159.315,151.57933333333332
2017-08-31,163.64,164.52,163.48,164.0,26785096.0,162.31799999999998,159.7365,151.72316666666666
2017-09-01,164.8,164.94,163.63,164.05,16591051.0,163.156,160.1195,151.87416666666667
2017-09-05,163.75,164.25,160.56,162.08,29536314.0,163.27800000000002,160.283,152.09250000000003
2017-09-06,162.71,162.99,160.52,161.91,21651726.0,163.078,160.3745,152.36733333333333
2017-09-07,162.09,162.24,160.36,161.26,21928502.0,162.66000000000003,160.3845,152.61183333333335
2017-09-08,160.86,161.15,158.53,158.63,28611535.0,161.586,160.55,152.83633333333333
2017-09-11,160.5,162.05,159.89,161.5,31580798.0,161.076,160.751,153.12316666666666
2017-09-12,162.61,163.96,158.77,160.86,71714046.0,160.832,160.8015,153.433
2017-09-13,159.87,159.96,157.91,159.65,44907361.0,160.38,160.704,153.65483333333336
2017-09-14,158.99,159.4,158.09,158.28,23760749.0,159.784,160.57049999999998,153.87600000000003
2017-09-15,158.47,160.97,158.0,159.88,49114602.0,160.034,160.6715,154.1095
2017-09-18,160.11,160.5,158.0,158.67,28269435.0,159.468,160.73000000000002,154.32683333333335
2017-09-19,159.51,159.77,158.44,158.73,20810632.0,159.04199999999997,160.806,154.53433333333334
2017-09-20,157.9,158.26,153.83,156.07,52951364.0,158.326,160.6205,154.70516666666666
2017-09-21,155.8,155.8,152.75,153.39,37511661.0,157.348,160.291,154.8661666666667
2017-09-22,152.02,152.27,150.56,151.89,46645443.0,155.75,159.922,154.96716666666669
2017-09-25,149.99,151.83,149.16,150.55,44387336.0,154.12599999999998,159.45649999999998,155.08166666666665
2017-09-26,151.78,153.92,151.69,153.14,36660045.0,153.00799999999998,159.04000000000002,155.23366666666666
2017-09-27,153.8,154.72,153.54,154.23,25504227.0,152.64,158.606,155.4125
2017-09-28,153.89,154.28,152.7,153.28,22005455.0,152.618,158.1025,155.5656666666667
2017-09-29,153.21,154.13,152.0,154.12,26299810.0,153.064,157.6085,155.7555
2017-10-02,154.26,154.45,152.72,153.81,18698842.0,153.716,157.0965,155.916
2017-10-03,154.01,155.09,153.91,154.48,16230293.0,153.984,156.7165,156.073
2017-10-04,153.63,153.86,152.46,153.48,20163750.0,153.834,156.295,156.2055
2017-10-05,154.18,155.44,154.05,155.39,21283769.0,154.256,156.00150000000002,156.36633333333333
2017-10-06,154.97,155.49,154.56,155.3,17407558.0,154.49200000000002,155.83499999999998,156.49183333333335
2017-10-09,155.81,156.73,155.49,155.84,16262923.0,154.898,155.552,156.6051666666667
2017-10-10,156.06,158.0,155.1,155.9,15617014.0,155.182,155.304,156.71083333333334
2017-10-11,155.97,156.98,155.75,156.55,16905640.0,155.796,155.149,156.81866666666664
2017-10-12,156.35,157.37,155.73,156.0,16125054.0,155.918,155.035,156.90166666666667
2017-10-13,156.73,157.28,156.41,156.99,16394188.0,156.256,154.8905,157.0125
2017-10-16,157.9,160.0,157.65,159.88,24121452.0,157.06400000000002,154.951,157.1726666666667
2017-10-17,159.78,160.87,159.23,160.47,18997275.0,157.978,155.03799999999998,157.31233333333333
2017-10-18,160.42,160.71,159.6,159.76,16374164.0,158.62,155.2225,157.42933333333335
2017-10-19,156.75,157.08,155.02,155.98,42584166.0,158.616,155.352,157.47133333333332
2017-10-20,156.61,157.75,155.96,156.25,23974146.0,158.46800000000002,155.57,157.56616666666665
2017-10-23,156.89,157.69,155.5,156.17,21984327.0,157.726,155.851,157.67733333333334
2017-10-24,156.29,157.42,156.2,157.1,17757230.0,157.052,156.04899999999998,157.81683333333334
2017-10-25,156.91,157.55,155.27,156.41,21207098.0,156.382,156.15800000000002,157.92283333333333
2017-10-26,157.23,157.83,156.78,157.41,17000469.0,156.66799999999998,156.3645,157.92733333333334
2017-10-27,159.29,163.6,158.7,163.05,44454160.0,158.028,156.811,158.05200000000002
2017-10-30,163.89,168.07,163.72,166.72,44700772.0,160.138,157.4565,158.2241666666667
2017-10-31,167.9,169.65,166.94,169.04,36046828.0,162.526,158.1845,158.39466666666664
2017-11-01,169.87,169.94,165.61,166.89,33637762.0,164.622,158.855,158.50816666666665
2017-11-02,167.64,168.5,165.28,168.11,41393373.0,166.762,159.49099999999999,158.62566666666666
2017-11-03,174.1,174.25,171.12,172.5,59398631.0,168.652,160.351,158.91199999999998
2017-11-06,172.37,174.99,171.72,174.25,35026306.0,170.158,161.2715,159.1915
2017-11-07,173.91,175.25,173.6,174.81,24361485.0,171.31199999999998,162.21699999999998,159.44083333333336
2017-11-08,174.66,176.24,174.33,176.24,24409527.0,173.182,163.2015,159.68483333333333
2017-11-09,175.11,176.1,173.14,175.88,29482596.0,174.736,164.1955,159.93366666666665
2017-11-10,175.11,175.38,174.27,174.67,25145500.0,175.17,165.0795,160.21383333333333
2017-11-13,173.5,174.5,173.4,173.97,16982080.0,175.11399999999998,165.784,160.48833333333334
2017-11-14,173.04,173.48,171.18,171.34,24782487.0,174.42000000000002,166.32750000000001,160.72383333333335
2017-11-15,169.97,170.32,168.38,169.08,29158070.0,172.988,166.7935,160.87883333333335
2017-11-16,171.18,171.87,170.3,171.1,23637484.0,172.032,167.54950000000002,161.06416666666664
2017-11-17,171.04,171.39,169.64,170.15,21899544.0,171.128,168.24450000000002,161.24550000000002
2017-11-20,170.29,170.56,169.56,169.98,16262447.0,170.33,168.935,161.41416666666666
2017-11-21,170.78,173.7,170.78,173.14,25131295.0,170.69,169.73700000000002,161.60866666666666
2017-11-22,173.36,175.0,173.05,174.96,25588925.0,171.86599999999999,170.6645,161.8095
2017-11-24,175.1,175.5,174.65,174.97,14026673.0,172.64000000000001,171.5425,162.0031666666667
2017-11-27,175.05,175.08,173.34,174.09,20716802.0,173.428,172.09449999999998,162.17133333333334
2017-11-28,174.3,174.87,171.86,173.07,26428802.0,174.046,172.412,162.32166666666666
2017-11-29,172.63,172.92,167.16,169.48,41666364.0,173.314,172.43400000000003,162.445
2017-11-30,170.43,172.14,168.44,171.85,41527218.0,172.692,172.68200000000002,162.61066666666665
2017-12-01,169.95,171.67,168.5,171.05,39759288.0,171.908,172.829,162.7738333333333
2017-12-04,172.48,172.62,169.63,169.8,32542385.0,171.05,172.69400000000002,162.96
2017-12-05,169.06,171.52,168.4,169.64,27350154.0,170.364,172.4635,163.09566666666666
2017-12-06,167.5,170.2,166.46,169.01,28560000.0,170.27,172.17350000000002,163.23149999999998
2017-12-07,169.03,170.44,168.91,169.32,25673308.0,169.76399999999998,171.8275,163.39266666666666
2017-12-08,170.49,171.0,168.82,169.37,23355231.0,169.428,171.502,163.5775
2017-12-11,169.2,172.89,168.79,172.67,35273759.0,170.002,171.402,163.79066666666668
2017-12-12,172.15,172.39,171.46,171.7,19409230.0,170.414,171.2885,164.0078333333333
2017-12-13,172.5,173.54,172.0,172.27,23818447.0,171.06599999999997,171.335,164.2335
2017-12-14,172.4,173.13,171.65,172.22,20476541.0,171.64600000000002,171.492,164.50266666666667
2017-12-15,173.63,174.17,172.46,173.97,40169307.0,172.566,171.6355,164.84566666666666
2017-12-18,174.88,177.2,174.86,176.42,29421114.0,173.316,171.94899999999998,165.2545
2017-12-19,175.03,175.39,174.09,174.54,27436447.0,173.884,172.177,165.65433333333334
2017-12-20,174.87,175.42,173.25,174.35,23475649.0,174.3,172.2375,166.0078333333333
2017-12-21,174.17,176.02,174.1,175.01,20949896.0,174.858,172.23999999999998,166.35416666666666
2017-12-22,174.68,175.42,174.5,175.01,16349444.0,175.06599999999997,172.24200000000002,166.71633333333332
2017-12-26,170.8,171.47,169.68,170.57,33185536.0,173.89600000000002,172.06599999999997,166.9905
2017-12-27,170.1,170.78,169.71,170.6,21498213.0,173.108,171.9425,167.27033333333335
2017-12-28,171.0,171.85,170.48,171.08,16480187.0,172.454,172.02249999999998,167.547
2017-12-29,170.52,170.59,169.22,169.23,25999922.0,171.298,171.8915,167.80949999999999
2018-01-02,170.16,172.3,169.26,172.26,25555934.0,170.748,171.952,168.09066666666666
2018-01-03,172.53,174.55,171.96,172.23,29517899.0,171.08,172.0735,168.37283333333332
2018-01-04,172.54,173.47,172.08,173.03,22434597.0,171.566,172.243,168.65933333333334
2018-01-05,173.44,175.37,173.05,175.0,23660018.0,172.35,172.5425,168.97766666666666
2018-01-08,174.35,175.61,173.93,174.35,20567766.0,173.37399999999997,172.794,169.27433333333335
2018-01-09,174.55,175.06,173.41,174.33,21583997.0,173.78799999999998,173.04199999999997,169.57983333333334
2018-01-10,173.16,174.3,173.0,174.29,23959895.0,174.2,173.123,169.86816666666667
2018-01-11,174.59,175.49,174.49,175.28,18667729.0,174.65,173.302,170.12483333333333
2018-01-12,176.18,177.36,175.65,177.09,25418080.0,175.06799999999998,173.54299999999998,170.40183333333334
2018-01-16,177.9,179.39,176.14,176.19,29565947.0,175.436,173.7415,170.67566666666664
2018-01-17,176.15,179.25,175.07,179.1,34386836.0,176.39000000000001,173.998,171.061
2018-01-18,179.37,180.1,178.25,179.26,31193352.0,177.38400000000001,174.14000000000001,171.4445
2018-01-19,178.61,179.58,177.41,178.46,32425067.0,178.01999999999998,174.33599999999998,171.816
2018-01-22,177.3,177.78,176.6,177.0,27108551.0,178.002,174.4685,172.14766666666668
2018-01-23,177.3,179.44,176.82,177.04,32689146.0,178.172,174.57,172.4915
2018-01-24,177.25,177.3,173.2,174.22,51105090.0,177.196,174.5305,172.77166666666665
2018-01-25,174.51,174.95,170.53,171.11,41529004.0,175.56599999999997,174.5575,172.90599999999998
2018-01-26,172.0,172.0,170.06,171.51,39143011.0,174.176,174.603,172.98583333333332
2018-01-29,170.16,170.16,167.07,167.96,50640406.0,172.368,174.447,172.96783333333335
2018-01-30,165.53,167.37,164.7,166.97,46048185.0,170.35399999999998,174.334,172.96916666666667
2018-01-31,166.87,168.44,166.5,167.43,32478930.0,168.996,174.0925,172.95783333333335
2018-02-01,167.17,168.62,166.76,167.78,47230787.0,168.33,173.87,172.87916666666666
2018-02-02,166.0,166.8,160.1,160.5,86593825.0,166.12800000000001,173.24349999999998,172.65
2018-02-05,159.1,163.88,156.0,156.49,72738522.0,163.834,172.31799999999998,172.34466666666665
2018-02-06,154.83,163.72,154.0,163.03,68243838.0,163.046,171.752,172.12449999999998
2018-02-07,163.09,163.4,159.07,159.54,51608580.0,161.468,171.0125,171.85216666666668
2018-02-08,160.29,161.0,155.03,155.15,54390516.0,158.942,170.0555,171.52683333333334
2018-02-09,157.07,157.89,150.24,156.41,70672608.0,158.124,169.112,171.23416666666665
2018-02-12,158.5,163.89,157.51,162.71,60819539.0,159.368,168.393,171.0903333333333
2018-02-13,161.95,164.75,161.65,164.34,32549163.0,159.63,167.8005,171.0113333333333
2018-02-14,163.04,167.54,162.88,167.37,40644933.0,161.196,167.214,170.94916666666668
2018-02-15,169.79,173.09,169.0,172.99,51147171.0,164.76399999999998,166.90050000000002,170.9965
2018-02-16,172.36,174.82,171.77,172.43,40176091.0,167.96800000000002,166.599,171.03733333333332
2018-02-20,172.05,174.26,171.42,171.85,33930540.0,169.796,166.3415,171.01583333333335
2018-02-21,172.83,174.12,171.01,171.07,37471623.0,171.142,166.043,170.951
2018-02-22,171.8,173.95,171.71,172.5,30991940.0,172.168,165.95700000000002,170.90983333333332
2018-02-23,173.67,175.65,173.54,175.5,33812360.0,172.67000000000002,166.1765,170.93333333333334
2018-02-26,176.35,179.39,176.21,178.97,38162174.0,173.978,166.5495,171.03166666666667
2018-02-27,179.1,180.48,178.16,178.39,38928125.0,175.286,167.07099999999997,171.18016666666665
2018-02-28,179.26,180.62,178.05,178.12,37782138.0,176.696,167.6285,171.28466666666665
2018-03-01,178.54,179.78,172.66,175.0,48801970.0,177.196,168.007,171.3505
2018-03-02,172.8,176.3,172.45,176.21,38453950.0,177.33800000000002,168.4285,171.45733333333334
2018-03-05,175.21,177.74,174.52,176.82,28401366.0,176.908,169.2445,171.57700000000003
2018-03-06,177.91,178.25,176.13,176.67,23788506.0,176.564,170.2535,171.70466666666667
2018-03-07,174.94,175.85,174.27,175.03,31703462.0,175.946,170.8535,171.79983333333334
2018-03-08,175.48,177.12,175.07,176.94,23774107.0,176.334,171.7235,171.926
2018-03-09,177.96,180.0,177.39,179.98,32185162.0,177.08800000000002,172.96499999999997,172.04783333333333
2018-03-12,180.29,182.39,180.21,181.72,32207081.0,178.06799999999998,174.2305,172.21483333333336
2018-03-13,182.59,183.5,179.24,179.97,31693529.0,178.728,175.0935,172.34316666666666
2018-03-14,180.32,180.52,177.81,178.44,29368356.0,179.41,175.7985,172.44683333333336
2018-03-15,178.5,180.24,178.07,178.65,22743798.0,179.752,176.3625,172.52483333333333
2018-03-16,178.65,179.12,177.62,178.02,39404688.0,179.35999999999999,176.61399999999998,172.5515
2018-03-19,177.32,177.47,173.66,175.3,33446771.0,178.076,176.7575,172.56416666666667
2018-03-20,175.24,176.8,174.94,175.24,19649350.0,177.13000000000002,176.927,172.579
2018-03-21,175.04,175.09,171.26,171.27,37054935.0,175.696,176.93699999999998,172.51666666666668
2018-03-22,170.0,172.68,168.6,168.85,41490767.0,173.73600000000002,176.75449999999998,172.41400000000002
2018-03-23,168.39,169.92,164.94,164.94,41028784.0,171.12,176.2265,172.32016666666667
2018-03-26,168.07,173.1,166.44,172.77,37541236.0,170.61399999999998,175.91649999999998,172.3563333333333
2018-03-27,173.68,175.15,166.92,168.34,40922579.0,169.23399999999998,175.41400000000002,172.31066666666666
2018-03-28,167.25,170.02,165.19,166.48,41668545.0,168.276,174.832,172.2648333333333
2018-03-29,167.81,171.75,166.9,167.78,38398505.0,168.06199999999998,174.471,172.19016666666667
2018-04-02,167.88,168.94,164.47,166.68,37445578.0,168.41000000000003,173.9945,172.09766666666667
2018-04-03,167.64,168.75,164.88,168.39,30278046.0,167.534,173.573,172.02033333333333
2018-04-04,164.88,172.01,164.77,171.61,34605489.0,168.18800000000002,173.32,171.96383333333333
2018-04-05,172.58,174.23,172.08,172.8,26933197.0,169.452,173.20850000000002,171.938
2018-04-06,170.97,172.48,168.2,168.38,35005290.0,169.572,172.78050000000002,171.83883333333333
2018-04-09,169.88,173.09,169.85,170.05,29017718.0,170.246,172.28400000000002,171.76816666666667
2018-04-10,173.0,174.0,171.53,173.25,28614241.0,171.21800000000002,171.8605,171.73433333333332
2018-04-11,172.23,173.92,171.7,172.44,22431640.0,171.384,171.484,171.65683333333334
2018-04-12,173.41,175.0,173.04,174.14,22889285.0,171.652,171.269,171.62266666666667
2018-04-13,174.78,175.84,173.85,174.73,25124255.0,172.922,171.073,171.54983333333334
2018-04-16,175.03,176.19,174.83,175.82,21578420.0,174.07599999999996,170.96300000000002,171.4925
2018-04-17,176.49,178.94,176.41,178.24,26605442.0,175.07399999999998,171.10999999999999,171.48883333333333
2018-04-18,177.81,178.82,176.88,177.84,20754538.0,176.154,171.24,171.50283333333334
2018-04-19,174.95,175.39,172.66,172.8,34808800.0,175.88600000000002,171.3165,171.43216666666666
2018-04-20,170.6,171.22,165.43,165.72,65491140.0,174.084,171.16000000000003,171.2905
2018-04-23,166.83,166.92,164.09,165.24,36515477.0,171.96800000000002,171.175,171.19266666666667
2018-04-24,165.67,166.33,161.22,162.94,33692017.0,168.90800000000002,170.6835,171.04983333333334
2018-04-25,162.62,165.42,162.41,163.65,28382084.0,166.07,170.449,170.97799999999998
2018-04-26,164.12,165.73,163.37,164.22,27963014.0,164.35399999999998,170.336,170.93216666666666
2018-04-27,164.0,164.33,160.63,162.32,35655839.0,163.67399999999998,170.063,170.847
2018-04-30,162.13,167.26,161.84,165.26,42427424.0,163.67799999999997,169.99200000000002,170.805
2018-05-01,166.41,169.2,165.27,169.1,53569376.0,164.91,170.0275,170.94833333333335
2018-05-02,175.23,177.75,173.8,176.57,66539371.0,167.494,170.2755,171.28300000000002
2018-05-03,175.88,177.5,174.44,176.89,34068180.0,170.028,170.48,171.514
2018-05-04,178.25,184.25,178.17,183.83,56201317.0,174.32999999999998,171.2525,171.9188333333333
2018-05-07,185.18,187.67,184.75,185.16,42451423.0,178.31,172.00799999999998,172.41899999999998
2018-05-08,184.99,186.22,183.67,186.05,28402777.0,181.7,172.648,172.913
2018-05-09,186.55,187.4,185.22,187.36,23211241.0,183.858,173.394,173.32383333333334
2018-05-10,187.74,190.37,187.65,190.04,27989289.0,186.488,174.18900000000002,173.75216666666668
2018-05-11,189.49,190.06,187.45,188.59,26212221.0,187.44,174.882,174.10583333333335
2018-05-14,189.01,189.53,187.86,188.15,20778772.0,188.038,175.49849999999998,174.3585
2018-05-15,186.78,187.07,185.1,186.44,23695159.0,188.116,175.9085,174.592
2018-05-16,186.07,188.46,186.0,188.18,19183064.0,188.28000000000003,176.4255,174.86416666666665
2018-05-17,188.0,188.91,186.36,186.99,17294029.0,187.67000000000002,177.13500000000002,175.1295
2018-05-18,187.19,187.81,186.13,186.31,18297728.0,187.214,178.1645,175.35966666666667
2018-05-21,188.0,189.27,186.91,187.63,18400787.0,187.11,179.28400000000002,175.5618333333333
2018-05-22,188.38,188.88,186.78,187.16,15240704.0,187.254,180.495,175.69833333333332
2018-05-23,186.35,188.5,185.76,188.36,20058415.0,187.29,181.7305,175.86450000000002
2018-05-24,188.77,188.84,186.21,188.15,23233975.0,187.52200000000002,182.92700000000002,176.03166666666667
2018-05-25,188.23,189.65,187.65,188.58,17460963.0,187.976,184.24,176.25799999999998
2018-05-29,187.6,188.75,186.87,187.9,22514075.0,188.03000000000003,185.372,176.45283333333333
2018-05-30,187.72,188.0,186.78,187.5,18690547.0,188.098,186.292,176.63083333333333
2018-05-31,187.22,188.23,186.14,186.87,27482793.0,187.8,186.80700000000002,176.80083333333332
2018-06-01,187.99,190.26,187.75,190.24,23442510.0,188.218,187.47449999999998,177.05433333333335
2018-06-04,191.64,193.42,191.35,191.83,26266174.0,188.868,187.8745,177.30249999999998
2018-06-05,193.07,193.94,192.36,193.31,21565963.0,189.95000000000002,188.282,177.5246666666667
2018-06-06,193.63,194.08,191.92,193.98,20933619.0,191.246,188.6785,177.72899999999998
2018-06-07,194.14,194.2,192.34,193.46,21347180.0,192.56400000000002,188.9835,177.95383333333334
2018-06-08,191.17,192.0,189.77,191.7,26656799.0,192.856,189.0665,178.17483333333334
2018-06-11,191.35,191.97,190.21,191.23,18308460.0,192.73600000000002,189.19850000000002,178.3845
2018-06-12,191.39,192.61,191.15,192.28,16911141.0,192.53,189.405,178.62216666666666
2018-06-13,192.42,192.88,190.44,190.7,21638393.0,191.874,189.618,178.87883333333332
2018-06-14,191.55,191.57,190.22,190.8,21610074.0,191.342,189.749,179.13816666666668
2018-06-15,190.03,190.16,188.26,188.84,61719160.0,190.76999999999998,189.8415,179.431
2018-06-18,187.88,189.22,187.2,188.74,18484865.0,190.272,189.96300000000002,179.7625
2018-06-19,185.14,186.33,183.45,185.69,33578455.0,188.954,189.86599999999999,180.10833333333332
2018-06-20,186.35,187.2,185.73,186.5,20628701.0,188.114,189.833,180.33716666666666
2018-06-21,187.25,188.35,184.94,185.46,25711898.0,187.046,189.688,180.6225
2018-06-22,186.12,186.15,184.7,184.92,27200447.0,186.262,189.5265,180.92983333333333
2018-06-25,183.4,184.92,180.73,182.17,31663096.0,184.94799999999998,189.206,181.16966666666667
2018-06-26,182.99,186.53,182.54,184.43,24569201.0,184.696,189.03249999999997,181.4655
2018-06-27,185.23,187.28,184.03,184.16,25285328.0,184.228,188.8655,181.72833333333335
2018-06-28,184.1,186.21,183.8,185.5,17365235.0,184.236,188.797,181.95983333333334
2018-06-29,186.29,187.19,182.91,185.11,22737666.0,184.274,188.5405,182.16500000000002
2018-07-02,183.82,187.3,183.42,187.18,17731343.0,185.276,188.308,182.47833333333332
2018-07-03,187.79,187.95,183.54,183.92,13954806.0,185.174,187.8385,182.7095
2018-07-05,185.26,186.41,184.28,185.4,16604248.0,185.422,187.40949999999998,182.912
2018-07-06,185.42,188.43,185.2,187.97,17485245.0,185.916,187.135,183.17083333333332
2018-07-09,189.5,190.68,189.3,190.58,19756634.0,187.01,187.079,183.44483333333335
2018-07-10,190.71,191.28,190.18,190.35,15939149.0,187.64399999999998,187.035,183.70516666666668
2018-07-11,188.5,189.78,187.61,187.88,18831470.0,188.43599999999998,186.815,183.90616666666665
2018-07-12,189.53,191.41,189.31,191.03,18041131.0,189.56199999999998,186.8315,184.11933333333334
2018-07-13,191.08,191.84,190.9,191.33,12519792.0,190.23399999999998,186.858,184.34416666666667
2018-07-16,191.52,192.65,190.42,190.91,15043110.0,190.3,186.9615,184.64600000000002
2018-07-17,189.75,191.87,189.2,191.45,15534523.0,190.52,187.09699999999998,185.07483333333337
2018-07-18,191.78,191.8,189.93,190.4,16393381.0,191.024,187.3325,185.4941666666667
2018-07-19,189.69,192.55,189.69,191.88,20286752.0,191.194,187.6015,185.97650000000002
2018-07-20,191.78,192.43,190.17,191.44,20706042.0,191.216,187.90050000000002,186.43966666666668
2018-07-23,190.68,191.96,189.56,191.61,15989365.0,191.35600000000002,188.235,186.8961666666667
2018-07-24,192.45,193.66,192.05,193.0,18697898.0,191.666,188.7765,187.4075
2018-07-25,193.06,194.85,192.43,194.82,16826483.0,192.55,189.296,187.90016666666668
2018-07-26,194.61,195.96,193.61,194.21,19075964.0,193.01600000000002,189.7985,188.31866666666664
2018-07-27,194.99,195.19,190.1,190.98,24023972.0,192.924,190.0725,188.55883333333333
2018-07-30,191.9,192.2,189.07,189.91,21029535.0,192.584,190.3125,188.7758333333333
2018-07-31,190.3,192.14,189.34,190.29,39373038.0,192.04199999999997,190.46800000000002,188.8835
2018-08-01,199.13,201.76,197.31,201.5,67935716.0,193.378,191.347,189.15583333333333
2018-08-02,200.58,208.38,200.35,207.39,62404012.0,196.01399999999998,192.4465,189.51149999999998
2018-08-03,207.03,208.74,205.48,207.99,33447396.0,199.416,193.4475,189.85533333333333
2018-08-06,208.0,209.25,207.07,209.07,25425387.0,203.248,194.372,190.1725
2018-08-07,209.32,209.5,206.76,207.11,25587387.0,206.612,195.21,190.48116666666664
2018-08-08,206.05,207.81,204.52,207.25,22525487.0,207.762,196.1785,190.7995
2018-08-09,207.28,209.78,207.2,208.88,23492626.0,208.06,197.07099999999997,191.1735
2018-08-10,207.36,209.1,206.67,207.53,24611202.0,207.96800000000002,197.881,191.496
2018-08-13,207.7,210.95,207.7,208.87,25890880.0,207.92799999999997,198.779,191.86066666666665
2018-08-14,210.16,210.56,208.26,209.75,20748010.0,208.456,199.69400000000002,192.25133333333332
2018-08-15,209.22,210.74,208.33,210.24,28807564.0,209.054,200.686,192.6281666666667
2018-08-16,211.75,213.81,211.47,213.32,28500367.0,209.942,201.75799999999998,193.06416666666667
2018-08-17,213.44,217.95,213.16,217.58,35426997.0,211.952,203.065,193.55116666666666
2018-08-20,218.1,219.18,215.11,215.46,30287695.0,213.26999999999998,204.2575,194.00633333333334
2018-08-21,216.8,217.19,214.03,215.04,26159755.0,214.32800000000003,205.35949999999997,194.44733333333335
2018-08-22,214.1,216.36,213.84,215.05,19018131.0,215.29000000000002,206.371,194.89983333333333
2018-08-23,214.65,217.05,214.6,215.49,18883224.0,215.72400000000002,207.435,195.36633333333333
2018-08-24,216.6,216.9,215.11,216.16,18476356.0,215.44,208.69400000000002,195.8545
2018-08-27,217.15,218.74,216.33,217.94,20525117.0,215.936,210.0955,196.31616666666667
2018-08-28,219.01,220.54,218.92,219.7,22776766.0,216.86800000000002,211.56599999999997,196.78066666666666
2018-08-29,220.15,223.49,219.41,222.98,27254804.0,218.454,212.64000000000001,197.27516666666665
2018-08-30,223.25,228.26,222.4,225.03,48793824.0,220.362,213.522,197.79266666666666
2018-08-31,226.64,228.87,226.0,227.63,43340134.0,222.656,214.504,198.36216666666667
2018-09-04,228.41,229.18,226.63,228.36,27390132.0,224.73999999999995,215.4685,198.97316666666666
2018-09-05,228.99,229.67,225.1,226.87,33332960.0,226.17399999999998,216.4565,199.56716666666668
2018-09-06,226.23,227.35,221.3,223.1,34289976.0,226.198,217.24900000000002,200.08083333333335
2018-09-07,221.85,225.37,220.71,221.3,37619810.0,225.452,217.87000000000003,200.59083333333334
2018-09-10,220.95,221.85,216.47,218.33,39516453.0,223.592,218.41000000000003,201.04966666666667
2018-09-11,218.01,224.3,216.56,223.85,35749049.0,222.69,219.15899999999996,201.63316666666665
2018-09-12,224.94,225.0,219.84,221.07,49278740.0,221.53000000000003,219.725,202.172
2018-09-13,223.52,228.35,222.57,226.41,41706377.0,222.192,220.5335,202.85066666666668
2018-09-14,225.75,226.84,222.52,223.84,31999289.0,222.7,221.0595,203.473
2018-09-17,222.15,222.95,217.27,217.88,37195133.0,222.60999999999999,221.07450000000003,204.01333333333332
2018-09-18,217.79,221.85,217.12,218.24,31571712.0,221.488,221.2135,204.56866666666667
2018-09-19,218.5,219.62,215.3,218.37,27123833.0,220.948,221.38000000000002,205.172
2018-09-20,220.24,222.28,219.15,220.03,26608794.0,219.67199999999997,221.629,205.76533333333333
2018-09-21,220.78,221.36,217.29,217.66,96246748.0,218.436,221.7375,206.32366666666667
2018-09-24,216.82,221.26,216.63,220.79,27693358.0,219.01800000000003,221.969,206.9118333333333
2018-09-25,219.75,222.82,219.7,222.19,24554379.0,219.808,222.1815,207.52983333333333
2018-09-26,221.0,223.75,219.76,220.42,23984706.0,220.218,222.21750000000003,208.08383333333333
2018-09-27,223.82,226.44,223.54,224.95,30181227.0,221.202,222.31599999999997,208.76766666666668
2018-09-28,224.79,225.84,224.02,225.74,22929364.0,222.81799999999998,222.3515,209.44
2018-10-01,227.95,229.42,226.35,227.26,23600802.0,224.112,222.333,210.09483333333336
2018-10-02,227.25,230.0,226.63,229.28,24788170.0,225.52999999999997,222.379,210.73983333333334
2018-10-03,230.05,233.47,229.78,232.07,28654799.0,227.85999999999999,222.63900000000004,211.43516666666665
2018-10-04,230.78,232.35,226.73,227.99,32042000.0,228.46800000000002,222.8835,212.1036666666667
2018-10-05,227.96,228.41,220.58,224.29,33580463.0,228.17800000000003,223.033,212.658
2018-10-08,222.21,224.8,220.2,223.77,29663923.0,227.48000000000002,223.30499999999998,213.19866666666667
2018-10-09,223.64,227.27,222.25,226.87,26891029.0,226.998,223.456,213.79799999999997
2018-10-10,225.46,226.35,216.05,216.36,41990554.0,223.856,223.2205,214.2131666666667
2018-10-11,214.52,219.5,212.32,214.45,53124392.0,221.148,222.6225,214.614
2018-10-12,220.42,222.88,216.84,222.11,40337851.0,220.712,222.53599999999997,215.11783333333332
2018-10-15,221.16,221.83,217.27,217.36,30791007.0,219.43,222.51,215.54983333333334
2018-10-16,218.93,222.99,216.76,222.15,29183963.0,218.48600000000002,222.70549999999997,216.05883333333333
2018-10-17,222.3,222.64,219.34,221.19,22885397.0,219.452,222.84650000000002,216.52866666666665
2018-10-18,217.86,219.74,213.0,216.02,32581315.0,219.766,222.64600000000002,216.882
2018-10-19,218.06,221.26,217.43,219.31,33078726.0,219.206,222.72850000000003,217.30033333333333
2018-10-22,219.79,223.36,218.94,220.65,28792082.0,219.86399999999998,222.72150000000002,217.79483333333334
2018-10-23,215.83,223.25,214.7,222.73,38767846.0,219.98000000000002,222.7485,218.3418333333333
2018-10-24,222.6,224.23,214.54,215.09,40925163.0,218.76,222.48199999999997,218.75516666666667
2018-10-25,217.71,221.38,216.75,219.8,29855768.0,219.516,222.22449999999998,219.06016666666667
2018-10-26,215.9,220.19,212.67,216.3,47258375.0,218.91400000000004,221.7525,219.2086666666667
2018-10-29,219.19,219.69,206.09,212.24,45935520.0,217.23200000000003,221.0015,219.2795
2018-10-30,211.15,215.18,209.27,213.3,36659990.0,215.346,220.20250000000001,219.35
2018-10-31,216.88,220.45,216.62,218.86,38358933.0,216.1,219.54199999999997,219.54583333333332
2018-11-01,219.05,222.36,216.81,222.22,58323180.0,216.584,219.25349999999997,219.79533333333336
2018-11-02,209.55,213.65,205.43,207.48,91328654.0,214.82000000000002,218.413,219.772
2018-11-05,204.3,204.39,198.17,201.59,66163669.0,212.69,217.304,219.67300000000003
2018-11-06,201.92,204.72,201.69,203.77,31882881.0,210.78400000000002,216.14900000000003,219.58800000000002
2018-11-07,205.97,210.06,204.13,209.95,33424434.0,209.002,215.8285,219.59133333333332
2018-11-08,209.98,210.12,206.75,208.49,25362636.0,206.256,215.5305,219.56216666666666
2018-11-09,205.55,206.01,202.25,204.47,34365750.0,205.654,214.6485,219.41466666666668
2018-11-12,199.0,199.85,193.79,194.17,51135518.0,204.17000000000002,213.48900000000003,219.02450000000002
2018-11-13,191.63,197.18,191.45,192.23,46882936.0,201.862,211.99300000000002,218.63733333333332
2018-11-14,193.9,194.48,185.93,186.8,60800957.0,197.232,210.2735,218.16666666666666
2018-11-15,188.39,191.97,186.9,191.41,46478801.0,193.81599999999997,209.04300000000003,217.77266666666665
2018-11-16,190.5,194.97,189.46,193.53,36928253.0,191.628,207.754,217.40666666666667
2018-11-19,190.0,190.7,184.99,185.86,41920872.0,189.96599999999998,206.0145,216.90166666666667
2018-11-20,178.37,181.47,175.51,176.98,67825247.0,186.916,203.727,216.219
2018-11-21,179.73,180.27,176.55,176.78,31124210.0,184.91199999999998,201.8115,215.50366666666667
2018-11-23,174.94,176.6,172.1,172.29,23623972.0,181.08800000000002,199.436,214.65883333333335
2018-11-26,174.24,174.95,170.26,174.62,44998520.0,177.306,197.352,213.81866666666667
2018-11-27,171.51,174.77,170.88,174.24,41387377.0,174.98200000000003,195.452,212.92883333333336
2018-11-28,176.73,181.29,174.93,180.94,46062539.0,175.774,193.834,212.13850000000002
2018-11-29,182.66,182.8,177.7,179.55,41769992.0,176.328,191.86849999999998,211.34983333333332
2018-11-30,180.29,180.33,177.03,178.58,39531549.0,177.586,189.6865,210.60783333333333
2018-12-03,184.46,184.94,181.21,184.82,40798002.0,179.626,188.5535,209.99983333333333
2018-12-04,180.95,182.39,176.27,176.69,41344282.0,180.11599999999999,187.3085,209.30583333333334
2018-12-06,171.76,174.78,170.42,174.72,43098410.0,178.872,185.856,208.487
2018-12-07,173.49,174.49,168.3,168.49,42281631.0,176.66,183.78300000000002,207.61066666666665
2018-12-10,165.0,170.09,163.33,169.6,62025994.0,174.864,181.8385,206.66383333333334
2018-12-11,171.66,171.79,167.0,168.63,47281665.0,171.626,180.0465,205.74366666666668
2018-12-12,170.4,171.92,169.02,169.1,35627674.0,170.108,178.793,204.93066666666667
2018-12-13,170.49,172.57,169.55,170.95,31897827.0,169.35399999999998,177.72899999999998,204.14249999999998
2018-12-14,169.0,169.08,165.28,165.48,40703710.0,168.752,176.66299999999998,203.261
2018-12-17,165.45,168.35,162.73,163.94,44287922.0,167.61999999999998,175.2895,202.32616666666667
2018-12-18,165.38,167.53,164.39,166.07,33841518.0,167.108,173.91649999999998,201.46633333333332
2018-12-19,166.0,167.45,159.09,160.89,49047297.0,165.46599999999998,172.668,200.468
2018-12-20,160.4,162.11,155.3,156.83,64772960.0,162.642,171.6605,199.37866666666665
2018-12-21,156.86,158.16,149.63,150.73,95744384.0,159.692,170.358,198.21716666666669
2018-12-24,148.15,151.55,146.59,146.83,37169232.0,156.26999999999998,169.08499999999998,196.91516666666666
2018-12-26,148.3,157.23,146.72,157.17,58582544.0,154.49,168.2125,195.77233333333334
2018-12-27,155.84,156.77,150.07,156.15,53117065.0,153.542,167.308,194.58716666666666
2018-12-28,157.5,158.52,154.55,156.23,42291424.0,153.42199999999997,166.0725,193.36966666666666
2018-12-31,158.53,159.35,156.51,157.74,35003466.0,154.82399999999998,164.982,192.13083333333333
2019-01-02,154.89,158.85,154.23,157.92,37039737.0,157.042,163.949,190.96300000000002
2019-01-03,143.98,145.72,142.0,142.19,91312195.0,154.046,161.8175,189.59466666666668
2019-01-04,144.53,148.55,143.8,148.26,58607070.0,152.468,160.39600000000002,188.33616666666666
2019-01-07,148.7,148.83,145.9,147.93,54777764.0,150.808,159.0565,187.02050000000003
2019-01-08,149.56,151.82,148.52,150.75,41025314.0,149.41,158.1695,185.92700000000002
2019-01-09,151.29,154.53,149.63,153.31,45099081.0,148.488,157.355,184.908
2019-01-10,152.5,153.97,150.86,153.8,35780670.0,150.81,156.6135,183.7695
2019-01-11,152.88,153.7,151.51,152.29,27023241.0,151.616,155.773,182.685
2019-01-14,150.85,151.27,149.22,150.0,32439186.0,152.03,154.7255,181.48250000000002
2019-01-15,150.27,153.39,150.05,153.07,28710324.0,152.494,154.105,180.34716666666665
2019-01-16,153.08,155.88,153.0,154.94,30569706.0,152.82,153.655,179.32916666666668
2019-01-17,154.2,157.66,153.26,155.86,29821160.0,153.232,153.1445,178.27166666666665
2019-01-18,157.6,157.87,155.98,156.82,33751023.0,154.138,152.941,177.20783333333335
2019-01-22,156.41,156.73,152.62,153.3,30393970.0,154.798,152.7645,176.05066666666667
2019-01-23,154.15,155.14,151.7,153.92,23130570.0,154.96800000000002,152.924,175.03116666666668
2019-01-24,154.11,154.48,151.74,152.7,25441549.0,154.52,153.2175,173.9128333333333
2019-01-25,155.48,158.13,154.32,157.76,33547893.0,154.9,153.247,172.93716666666666
2019-01-28,155.79,156.33,153.66,156.3,26192058.0,154.796,153.2545,172.00483333333335
2019-01-29,156.25,158.13,154.11,154.68,41587239.0,155.072,153.177,171.02783333333335
2019-01-30,163.25,166.15,160.23,165.25,61109780.0,157.33800000000002,153.5525,170.13433333333336
2019-01-31,166.11,169.0,164.56,166.44,40739649.0,160.08599999999998,153.9785,169.20466666666664
2019-02-01,166.96,168.98,165.93,166.52,32668138.0,161.83800000000002,155.195,168.522
2019-02-04,167.41,171.66,167.28,171.25,31495582.0,164.82800000000003,156.34449999999998,168.01633333333334
2019-02-05,172.86,175.08,172.35,174.18,36101628.0,168.728,157.65699999999998,167.52316666666667
2019-02-06,174.65,175.57,172.85,174.24,28239591.0,170.526,158.8315,166.928
2019-02-07,172.4,173.94,170.34,170.94,31741690.0,171.42600000000002,159.71300000000002,166.3021666666667
2019-02-08,168.99,170.66,168.42,170.41,23819966.0,172.204,160.5435,165.7345
2019-02-11,171.05,171.21,169.25,169.43,20993425.0,171.83999999999997,161.4005,165.32216666666667
2019-02-12,170.1,171.0,169.7,170.89,22283523.0,171.182,162.445,164.9665
2019-02-13,171.39,172.48,169.92,170.18,22490233.0,170.37,163.3005,164.6895
2019-02-14,169.71,171.26,169.38,170.8,21835747.0,170.342,164.0935,164.346
2019-02-15,171.25,171.7,169.75,170.42,24626814.0,170.344,164.8215,163.96083333333334
2019-02-19,169.71,171.44,169.49,170.93,18972826.0,170.644,165.527,163.712
2019-02-20,171.19,173.32,170.99,172.03,26114362.0,170.872,166.4635,163.6295
2019-02-21,171.8,172.37,170.3,171.06,17249670.0,171.048,167.32049999999998,163.53416666666666
2019-02-22,171.58,173.0,171.38,172.97,18913154.0,171.48200000000003,168.334,163.5455
2019-02-25,174.16,175.87,173.95,174.23,21873358.0,172.24399999999997,169.1575,163.53900000000002
2019-02-26,173.71,175.3,173.17,174.33,17070211.0,172.924,170.059,163.5405
2019-02-27,173.21,175.0,172.73,174.87,27835389.0,173.49200000000002,171.0685,163.4393333333333
2019-02-28,174.32,174.91,172.92,173.15,28215416.0,173.91,171.4635,163.33266666666665
2019-03-01,174.28,175.15,172.89,174.97,25886167.0,174.31,171.89000000000001,163.2725
2019-03-04,175.69,177.75,173.97,175.85,27436203.0,174.63400000000001,172.3565,163.12300000000002
2019-03-05,175.94,176.0,174.54,175.53,19737419.0,174.874,172.57049999999998,163.10366666666667
2019-03-06,174.67,175.49,173.94,174.52,20810384.0,174.804,172.5875,163.10033333333334
2019-03-07,173.87,174.44,172.02,172.5,24796374.0,174.674,172.5005,163.16716666666667
2019-03-08,170.32,173.07,169.5,172.91,23999358.0,174.262,172.599,163.22233333333332
2019-03-11,175.49,179.12,175.35,178.9,32011034.0,174.872,173.02349999999998,163.3935
2019-03-12,180.0,182.67,179.37,180.91,32467584.0,175.948,173.59750000000003,163.59033333333335
2019-03-13,182.25,183.3,180.92,181.71,31032524.0,177.38600000000002,174.1385,163.76966666666667
2019-03-14,183.9,184.1,182.56,183.73,23579508.0,179.632,174.816,164.07383333333334
2019-03-15,184.85,187.33,183.74,186.12,39042912.0,182.27399999999997,175.582,164.4435
2019-03-18,185.8,188.39,185.79,188.02,26219832.0,184.098,176.46200000000002,164.8093333333333
2019-03-19,188.35,188.99,185.92,186.53,31646369.0,185.222,177.24200000000002,165.23666666666668
2019-03-20,186.23,189.49,184.73,188.16,31035231.0,186.512,178.04850000000002,165.75883333333334
2019-03-21,190.02,196.33,189.81,195.09,51034237.0,188.784,179.25,166.49816666666666
2019-03-22,195.34,197.69,190.78,191.05,42407666.0,189.76999999999998,180.154,167.23516666666666
2019-03-25,191.51,191.98,186.6,188.74,43845293.0,189.914,180.8795,167.76133333333334
2019-03-26,191.66,192.88,184.58,186.79,49800538.0,189.966,181.5025,168.272
2019-03-27,188.75,189.76,186.55,188.47,29848427.0,190.02800000000002,182.1825,168.8093333333333
2019-03-28,188.95,189.56,187.53,188.72,20780363.0,188.754,182.961,169.32566666666668
2019-03-29,189.83,190.08,188.54,189.95,23563961.0,188.53400000000002,183.70999999999998,169.8595
2019-04-01,191.64,191.68,188.38,191.24,27861964.0,189.03400000000002,184.47949999999997,170.677
2019-04-02,191.09,194.46,191.05,194.02,22765732.0,190.48,185.404,171.43966666666665
2019-04-03,193.25,196.5,193.15,195.35,23271830.0,191.85600000000002,186.4455,172.23
2019-04-04,194.79,196.37,193.14,195.69,19114275.0,193.25,187.60500000000002,172.97899999999998
2019-04-05,196.45,197.1,195.93,197.0,18526644.0,194.66,188.8095,173.70716666666667
2019-04-08,196.42,200.23,196.34,200.1,25881697.0,196.432,189.86950000000002,174.47883333333337
2019-04-09,200.32,202.85,199.23,199.5,35768237.0,197.528,190.799,175.26566666666668
2019-04-10,198.68,200.74,198.18,200.62,21695288.0,198.582,191.7445,176.10933333333332
2019-04-11,200.85,201.0,198.44,198.95,20900808.0,199.234,192.50549999999998,176.874
2019-04-12,199.2,200.14,196.21,198.87,27760668.0,199.608,193.143,177.60616666666664
2019-04-15,198.58,199.85,198.01,199.23,17536646.0,199.434,193.70350000000002,178.32900000000004
2019-04-16,199.46,201.37,198.56,199.25,25696385.0,199.384,194.3395,179.03616666666667
2019-04-17,199.54,203.38,198.61,203.13,28906780.0,199.886,195.088,179.86666666666667
2019-04-18,203.45,204.15,202.52,203.86,24195766.0,200.868,195.5265,180.699
2019-04-22,202.83,204.94,202.34,204.53,19439545.0,202.0,196.2005,181.56283333333334
2019-04-23,204.43,207.75,203.9,207.48,23322991.0,203.65,197.1375,182.39150000000004
2019-04-24,207.36,208.48,207.05,207.16,17540609.0,205.23200000000003,198.156,183.23916666666668
2019-04-25,206.83,207.76,205.12,205.28,18543206.0,205.66199999999998,198.9965,184.08249999999998
2019-04-26,204.9,205.0,202.12,204.3,18649102.0,205.75,199.7755,184.73333333333332
2019-04-29,204.4,205.97,203.86,204.61,22204716.0,205.76600000000002,200.5085,185.3695
2019-04-30,203.06,203.4,199.11,200.67,46534923.0,204.404,200.98000000000002,185.93866666666665
2019-05-01,209.88,215.31,209.23,210.52,64827328.0,205.07599999999996,201.805,186.59316666666666
2019-05-02,209.84,212.65,208.13,209.15,31996324.0,205.85,202.49499999999998,187.176
2019-05-03,210.89,211.84,210.23,211.75,20892378.0,207.34,203.298,187.80116666666666
2019-05-06,204.29,208.84,203.5,208.48,32443113.0,208.11399999999998,203.87199999999999,188.42683333333332
2019-05-07,205.88,207.42,200.83,202.86,38763698.0,208.552,204.01,188.96766666666664
2019-05-08,201.9,205.34,201.75,202.9,26339504.0,207.02799999999996,204.18,189.5255
2019-05-09,200.4,201.68,196.66,200.72,34908607.0,205.342,204.185,190.02266666666668
2019-05-10,197.42,198.85,192.77,197.18,41208712.0,202.428,204.09650000000002,190.47266666666667
2019-05-13,187.71,189.48,182.85,185.72,57430623.0,197.876,203.439,190.72133333333335
2019-05-14,186.41,189.7,185.41,188.66,36529677.0,195.036,202.9105,191.02533333333335
2019-05-15,186.27,191.75,186.02,190.92,26544718.0,192.64000000000001,202.49399999999997,191.3585
2019-05-16,189.91,192.47,188.84,190.08,33031364.0,190.512,201.84150000000002,191.65933333333334
2019-05-17,186.93,190.9,186.76,189.0,32879090.0,188.876,201.0985,191.95833333333334
2019-05-20,183.52,184.35,180.28,183.09,38612290.0,188.35,200.0265,192.127
2019-05-21,185.22,188.0,184.7,186.6,28364848.0,187.93800000000002,198.9825,192.33316666666667
2019-05-22,184.66,185.71,182.55,182.78,29748556.0,186.31,197.7635,192.474
2019-05-23,179.8,180.54,177.81,179.66,36529736.0,184.226,196.48250000000002,192.55383333333333
2019-05-24,180.2,182.13,178.62,178.97,23714686.0,182.22,195.216,192.65083333333334
2019-05-28,178.92,180.59,177.91,178.23,27948160.0,181.248,193.897,192.70516666666666
2019-05-29,176.42,179.35,176.0,177.38,28481165.0,179.404,192.7325,192.73066666666665
2019-05-30,177.95,179.23,176.67,178.3,21218412.0,178.50799999999998,191.1215,192.77683333333334
2019-05-31,176.23,177.99,174.99,175.07,27043584.0,177.59,189.4175,192.786
2019-06-03,175.6,177.92,170.27,173.3,40396069.0,176.456,187.495,192.79933333333332
2019-06-04,175.44,179.83,174.52,179.64,30967961.0,176.738,186.05300000000003,192.91150000000002
2019-06-05,184.28,184.99,181.14,182.54,29773427.0,177.76999999999998,185.037,192.97216666666665
2019-06-06,183.08,185.47,182.15,185.22,22526311.0,179.154,184.153,193.044
2019-06-07,186.51,191.92,185.77,190.15,30684393.0,182.17,183.6245,193.18466666666666
2019-06-10,191.81,195.37,191.62,192.58,26220851.0,186.026,183.3945,193.33216666666667
2019-06-11,194.86,196.0,193.6,194.81,26932882.0,189.06,183.849,193.47699999999998
2019-06-12,193.95,195.97,193.39,194.19,18253189.0,191.39,184.1255,193.57983333333334
2019-06-13,194.7,196.79,193.6,194.15,21674625.0,193.17600000000002,184.287,193.70683333333332
2019-06-14,191.55,193.59,190.3,192.74,18761474.0,193.69400000000002,184.42,193.78316666666666
2019-06-17,192.9,194.96,192.17,193.89,14669144.0,193.956,184.6645,193.76316666666668
2019-06-18,196.05,200.29,195.21,198.45,26551004.0,194.684,185.4325,193.8865
2019-06-19,199.68,199.88,197.31,197.87,21124235.0,195.42000000000002,185.996,194.03866666666667
2019-06-20,200.37,200.61,198.03,199.46,21513988.0,196.48200000000003,186.82999999999998,194.24983333333333
2019-06-21,198.8,200.85,198.15,198.78,47800589.0,197.69,187.786,194.42166666666668
2019-06-24,198.54,200.16,198.17,198.58,18220421.0,198.628,188.7665,194.58599999999998
2019-06-25,198.43,199.26,195.29,195.57,21070334.0,198.052,189.6335,194.6796666666667
2019-06-26,197.77,200.99,197.35,199.8,26067512.0,198.43800000000002,190.7545,194.82233333333335
2019-06-27,200.29,201.57,199.57,199.74,20899717.0,198.494,191.8265,194.9176666666667
2019-06-28,198.68,199.5,197.05,197.92,31110642.0,198.322,192.969,194.96050000000002
2019-07-01,203.17,204.49,200.65,201.55,27316739.0,198.916,194.38150000000002,195.05816666666666
2019-07-02,201.41,203.13,201.36,202.73,16935217.0,200.348,195.536,195.15366666666665
2019-07-03,203.28,204.44,202.69,204.41,11362045.0,201.26999999999998,196.62949999999998,195.22549999999998
2019-07-05,203.35,205.08,202.9,204.23,17265518.0,202.16799999999998,197.57999999999998,195.30433333333332
2019-07-08,200.81,201.4,198.41,200.02,25338628.0,202.58800000000002,198.0735,195.29433333333333
2019-07-09,199.2,201.51,198.81,201.24,20578015.0,202.526,198.50650000000002,195.33249999999998
2019-07-10,201.85,203.73,201.56,203.23,17897138.0,202.626,198.9275,195.4051666666667
2019-07-11,203.31,204.39,201.71,201.75,20191842.0,202.094,199.3055,195.44716666666667
2019-07-12,202.45,204.0,202.2,203.3,17595212.0,201.90800000000002,199.76299999999998,195.51466666666664
2019-07-15,204.09,205.87,204.0,205.21,16947420.0,202.946,200.3865,195.54933333333332
2019-07-16,204.59,206.11,203.5,204.5,16866816.0,203.598,200.91699999999997,195.55999999999997
2019-07-17,204.05,205.09,203.27,203.35,14107450.0,203.622,201.162,195.54033333333334
2019-07-18,204.0,205.88,203.7,205.66,18582161.0,204.404,201.5515,195.50999999999996
2019-07-19,205.79,206.5,202.36,202.59,20929307.0,204.262,201.70800000000003,195.43383333333333
2019-07-22,203.65,207.23,203.61,207.22,22277932.0,204.664,202.13,195.46616666666668
2019-07-23,208.46,208.91,207.29,208.84,18355210.0,205.53199999999998,202.643,195.54183333333333
2019-07-24,207.67,209.15,207.17,208.67,14991567.0,206.596,203.298,195.6095
2019-07-25,208.89,209.24,206.73,207.02,13909562.0,206.868,203.65900000000002,195.71533333333335
2019-07-26,207.48,209.73,207.14,207.74,17618874.0,207.898,204.059,195.66899999999998
2019-07-29,208.46,210.64,208.44,209.68,21673389.0,208.39000000000001,204.647,195.67783333333333
2019-07-30,208.76,210.16,207.31,208.78,33935718.0,208.378,205.0085,195.62833333333336
2019-07-31,216.42,221.37,211.3,213.04,69281361.0,209.252,205.52400000000003,195.70433333333332
2019-08-01,213.9,218.03,206.74,208.43,54017922.0,209.53400000000002,205.725,195.79716666666667
2019-08-02,205.53,206.43,201.63,204.02,40862122.0,208.79000000000002,205.7145,195.81583333333336
2019-08-05,197.99,198.65,192.58,193.34,52392969.0,205.522,205.38050000000004,195.69283333333334
2019-08-06,196.31,198.07,194.04,197.0,35824787.0,203.166,205.1685,195.68983333333333
2019-08-07,195.41,199.56,193.82,199.04,33364400.0,200.366,204.959,195.9118333333333
2019-08-08,200.2,203.53,199.39,203.43,27009523.0,199.36599999999999,205.04299999999998,196.158
2019-08-09,201.3,202.76,199.29,200.99,24619746.0,198.76,204.9275,196.32583333333332
2019-08-12,199.62,202.05,199.15,200.48,22481889.0,200.188,204.691,196.49916666666667
2019-08-13,201.02,212.14,200.83,208.97,47539786.0,202.582,204.9145,196.832
2019-08-14,203.16,206.44,202.59,202.75,36547443.0,203.324,204.88449999999997,197.15966666666665
2019-08-15,203.46,205.14,199.67,201.74,27883363.0,202.98600000000002,204.6885,197.41199999999998
2019-08-16,204.28,207.16,203.84,206.5,28813624.0,204.08800000000002,204.88400000000001,197.80733333333333
2019-08-19,210.62,212.73,210.03,210.35,24431915.0,206.06199999999998,205.0405,198.31883333333334
2019-08-20,210.88,213.35,210.32,210.36,26919529.0,206.34,205.1165,198.842
2019-08-21,212.99,213.65,211.6,212.64,21564747.0,208.31799999999998,205.315,199.4155
2019-08-22,213.19,214.44,210.75,212.46,22267819.0,210.462,205.587,200.00016666666667
2019-08-23,209.43,212.05,201.0,202.64,46882843.0,209.69,205.33200000000002,200.40583333333333
2019-08-26,205.86,207.19,205.06,206.49,26066130.0,208.91799999999998,205.17249999999999,200.92950000000002
2019-08-27,207.86,208.55,203.53,204.16,25897344.0,207.67799999999997,204.9415,201.44383333333334
2019-08-28,204.1,205.72,203.32,205.53,15957632.0,206.256,204.566,201.87533333333334
2019-08-29,208.5,209.32,206.66,209.01,21007652.0,205.56599999999997,204.595,202.3165
2019-08-30,210.16,210.45,207.2,208.74,21162561.0,206.786,204.831,202.70850000000002
2019-09-03,206.43,206.98,204.22,205.7,20059574.0,206.62800000000001,205.449,202.96766666666664
2019-09-04,208.39,209.48,207.32,209.19,19216820.0,207.63400000000001,206.0585,203.2445
2019-09-05,212.0,213.97,211.51,213.28,23946984.0,209.18400000000003,206.7705,203.55233333333337
2019-09-06,214.05,214.42,212.51,213.26,19362294.0,210.03400000000002,207.262,203.87016666666665
2019-09-09,214.84,216.44,211.07,214.17,27309401.0,211.11999999999998,207.921,204.20383333333334
2019-09-10,213.86,216.78,211.71,216.7,31777931.0,213.32,208.73200000000003,204.60316666666668
2019-09-11,218.07,223.71,217.73,223.59,44289646.0,216.2,209.46299999999997,205.09816666666666
2019-09-12,224.8,226.42,222.86,223.09,32226669.0,218.16199999999998,210.47999999999996,205.50883333333334
2019-09-13,220.0,220.79,217.02,218.75,39763296.0,219.26,211.33049999999997,205.85683333333333
2019-09-16,217.73,220.13,217.56,219.9,21158141.0,220.406,212.00050000000002,206.19750000000002
2019-09-17,219.96,220.82,219.12,220.7,18386468.0,221.206,212.51799999999997,206.56283333333334
2019-09-18,221.06,222.85,219.44,222.77,25643093.0,221.042,213.13849999999996,206.96599999999998
2019-09-19,222.01,223.76,220.37,220.96,22187876.0,220.61600000000004,213.55450000000002,207.38916666666668
2019-09-20,221.38,222.56,217.47,217.73,57977094.0,220.41199999999998,213.81799999999998,207.68800000000002
2019-09-23,218.95,219.84,217.65,218.72,19419648.0,220.176,214.622,208.0043333333333
2019-09-24,221.03,222.49,217.19,217.68,31434367.0,219.57200000000003,215.1815,208.3336666666667
2019-09-25,218.55,221.5,217.14,221.03,22481006.0,219.22400000000002,216.025,208.65833333333333
2019-09-26,220.0,220.94,218.83,219.89,19088312.0,219.01,216.74300000000002,208.94433333333333
2019-09-27,220.54,220.96,217.28,218.82,25361285.0,219.22799999999998,217.2335,209.18449999999999
2019-09-30,220.9,224.58,220.79,223.97,26318583.0,220.27799999999996,217.99500000000003,209.51350000000002
2019-10-01,225.07,228.22,224.2,224.59,36187163.0,221.66,218.9395,209.92300000000003
2019-10-02,223.06,223.58,217.93,218.96,35767257.0,221.246,219.42800000000003,210.21833333333333
2019-10-03,218.43,220.96,215.13,220.82,30352686.0,221.43199999999996,219.805,210.51149999999998
2019-10-04,225.64,227.49,223.89,227.01,34755553.0,223.07,220.4925,210.93249999999998
2019-10-07,226.27,229.93,225.84,227.06,30889269.0,223.68800000000002,221.137,211.3285
2019-10-08,225.82,228.06,224.33,224.4,29282700.0,223.65,221.52200000000002,211.64833333333337
2019-10-09,227.03,227.79,225.64,227.03,19029424.0,225.26399999999998,221.69400000000002,212.02383333333333
2019-10-10,227.93,230.44,227.3,230.09,28962984.0,227.118,222.044,212.4695
2019-10-11,232.95,237.64,232.31,236.21,41990210.0,228.958,222.917,212.9786666666667
2019-10-14,234.9,238.13,234.67,235.87,24413484.0,230.72000000000003,223.71550000000002,213.53333333333333
2019-10-15,236.39,237.65,234.88,235.32,23040483.0,232.904,224.44650000000001,214.00166666666664
2019-10-16,233.37,235.24,233.2,234.37,19286694.0,234.37199999999999,225.0265,214.42716666666666
2019-10-17,235.09,236.15,233.52,235.28,17272897.0,235.41000000000003,225.7425,214.87066666666666
2019-10-18,234.59,237.58,234.29,236.41,24377166.0,235.45,226.67650000000003,215.36050000000003
2019-10-21,237.52,240.99,237.32,240.51,22367483.0,236.37800000000001,227.766,215.9066666666667
2019-10-22,241.16,242.2,239.62,239.96,22684001.0,237.30599999999998,228.87999999999997,216.41133333333335
2019-10-23,242.1,243.24,241.22,243.18,19932545.0,239.06799999999998,229.9875,216.98466666666667
2019-10-24,244.51,244.8,241.81,243.58,17916255.0,240.728,231.17199999999997,217.49366666666668
2019-10-25,243.16,246.73,242.88,246.58,18369296.0,242.762,232.56,218.1295
2019-10-28,247.42,249.25,246.72,249.05,24143241.0,244.47000000000003,233.814,218.88
2019-10-29,248.97,249.75,242.57,243.29,35709867.0,245.13600000000002,234.74899999999997,219.7125
2019-10-30,244.76,245.3,241.21,243.26,31130522.0,245.152,235.964,220.4835
2019-10-31,247.24,249.17,237.26,248.76,34790520.0,246.18800000000002,237.36100000000002,221.31216666666668
2019-11-01,249.54,255.93,249.16,255.82,37781334.0,248.036,238.80149999999998,222.18533333333335
2019-11-04,257.33,257.85,255.38,257.5,25817952.0,249.72600000000003,240.32350000000002,223.12716666666668
2019-11-05,257.05,258.19,256.32,257.13,19974427.0,252.49399999999997,241.95999999999998,224.0713333333333
2019-11-06,256.77,257.49,255.37,257.24,18966124.0,255.28999999999996,243.4705,224.87583333333333
2019-11-07,258.74,260.35,258.11,259.43,23735083.0,257.424,244.9375,225.82049999999998
2019-11-08,258.69,260.44,256.85,260.14,17520495.0,258.288,246.13399999999996,226.79383333333334
2019-11-11,258.3,262.47,258.28,262.2,20507459.0,259.22799999999995,247.4505,227.72216666666665
2019-11-12,261.55,262.79,260.92,261.96,21847226.0,260.19399999999996,248.78249999999997,228.58233333333334
2019-11-13,261.13,264.78,261.07,264.47,25817593.0,261.64,250.2875,229.48416666666665
2019-11-14,263.75,264.88,262.1,262.64,22395556.0,262.28200000000004,251.6555,230.3175
2019-11-15,263.68,265.78,263.01,265.76,25093666.0,263.406,253.123,231.20583333333335
2019-11-18,265.8,267.43,264.23,267.1,21700897.0,264.38599999999997,254.45250000000001,232.28016666666664
2019-11-19,267.9,268.0,265.39,266.29,19069597.0,265.25200000000007,255.769,233.27683333333334
2019-11-20,265.54,266.08,260.4,263.19,26609919.0,264.996,256.7695,234.26066666666665
2019-11-21,263.69,264.01,261.18,262.01,30348778.0,264.87,257.691,235.20199999999997
2019-11-22,262.59,263.18,260.84,261.78,16331263.0,264.07399999999996,258.451,236.08150000000003
2019-11-25,262.71,266.44,262.52,266.37,21029517.0,263.928,259.317,237.04199999999997
2019-11-26,266.94,267.16,262.5,264.29,26334882.0,263.52799999999996,260.367,238.01850000000002
2019-11-27,265.58,267.98,265.31,267.84,16386122.0,264.45799999999997,261.596,238.996
2019-11-29,266.6,268.0,265.9,267.25,11654363.0,265.506,262.52049999999997,239.8955
2019-12-02,267.27,268.25,263.45,264.16,23693550.0,265.982,262.9375,240.74383333333336
2019-12-03,258.31,259.53,256.29,259.45,29377268.0,264.598,263.03499999999997,241.4985
2019-12-04,261.07,263.31,260.68,261.74,16810388.0,264.088,263.2655,242.24916666666667
2019-12-05,263.79,265.89,262.73,265.58,18661343.0,263.636,263.6825,242.949
2019-12-06,267.48,271.0,267.3,270.71,26547493.0,264.32800000000003,264.24649999999997,243.74266666666665
2019-12-09,270.0,270.8,264.91,266.92,32182645.0,264.88,264.5855,244.5455
2019-12-10,268.6,270.07,265.86,268.48,22632383.0,266.686,264.89950000000005,245.35516666666666
2019-12-11,268.81,271.1,268.5,270.77,19723391.0,268.492,265.34000000000003,246.18966666666665
2019-12-12,267.78,272.56,267.32,271.46,34437042.0,269.668,265.6895,247.00116666666665
2019-12-13,271.46,275.3,270.93,275.15,33432806.0,270.556,266.315,247.90433333333334
2019-12-16,277.0,280.79,276.98,279.86,32081105.0,273.144,267.02,248.93983333333333
2019-12-17,279.57,281.77,278.8,280.41,28575798.0,275.53,267.6855,249.968
2019-12-18,279.8,281.9,279.12,279.74,29024687.0,277.324,268.358,251.00233333333335
2019-12-19,279.5,281.18,278.95,280.02,24626947.0,279.036,269.1995,251.98549999999997
2019-12-20,282.23,282.65,278.56,279.44,69032743.0,279.894,270.071,252.978
2019-12-23,280.53,284.25,280.37,284.0,24677883.0,280.72200000000004,271.18199999999996,254.06433333333334
2019-12-24,284.69,284.89,282.92,284.27,12119714.0,281.494,272.077,255.06933333333333
2019-12-26,284.82,289.98,284.7,289.91,23334004.0,283.52799999999996,273.358,256.158
2019-12-27,291.12,293.97,288.12,289.8,36592936.0,285.48400000000004,274.456,257.33866666666665
2019-12-30,289.46,292.69,285.22,291.52,36059614.0,287.9,275.66949999999997,258.517
2019-12-31,289.93,293.68,289.52,293.65,25247625.0,289.83,277.144,259.62766666666664
2020-01-02,296.24,300.6,295.19,300.35,33911864.0,293.046,279.18899999999996,260.8491666666667
2020-01-03,297.15,300.58,296.5,297.43,36633878.0,294.55,280.9735,262.0663333333333
2020-01-06,293.79,299.96,292.75,299.8,29644644.0,296.55,282.6845,263.27916666666664
2020-01-07,299.84,300.9,297.48,298.39,27877655.0,297.924,284.0685,264.4175
2020-01-08,297.16,304.44,297.16,303.19,33090946.0,299.832,285.882,265.5338333333333
2020-01-09,307.24,310.43,306.2,309.63,42621542.0,301.688,287.9395,266.7631666666667
2020-01-10,310.6,312.67,308.25,310.33,35217272.0,304.26800000000003,289.9175,268.0133333333334
2020-01-13,311.64,317.07,311.15,316.96,30521722.0,307.7,292.1925,269.38983333333334
2020-01-14,316.7,317.57,312.17,312.68,40653457.0,310.558,294.06899999999996,270.6798333333333
2020-01-15,311.85,315.5,309.55,311.34,30480882.0,312.188,295.643,271.92866666666663
2020-01-16,313.59,315.7,312.09,315.24,27207254.0,313.30999999999995,297.3845,273.1741666666667
2020-01-17,316.27,318.74,315.0,318.73,34454117.0,314.98999999999995,299.334,274.487
2020-01-21,317.19,319.02,316.0,316.57,27710814.0,314.912,301.1615,275.7101666666667
2020-01-22,318.58,319.99,317.31,317.7,25458115.0,315.916,303.0745,276.9455
2020-01-23,317.92,319.56,315.65,319.23,26117993.0,317.49399999999997,304.836,278.15633333333335
2020-01-24,320.25,323.33,317.52,318.31,36634380.0,318.10800000000006,306.538,279.31066666666663
2020-01-27,310.06,311.77,304.88,308.95,40485005.0,316.15199999999993,307.49,280.405
2020-01-28,312.6,318.4,312.19,317.69,40558486.0,316.376,308.8845,281.64549999999997
2020-01-29,324.45,327.85,321.38,324.34,54149928.0,317.704,310.5255,282.9051666666666
2020-01-30,320.54,324.09,318.75,323.87,31685808.0,318.63199999999995,312.0365,284.03933333333333
2020-01-31,320.93,322.68,308.29,309.51,49897096.0,316.87199999999996,312.4945,284.90616666666665
2020-02-03,304.3,313.49,302.22,308.66,43496401.0,316.81399999999996,313.056,285.765
2020-02-04,315.31,319.64,313.63,318.85,34154134.0,317.046,314.0085,286.7918333333334
2020-02-05,323.52,324.76,318.95,321.45,29706718.0,316.46799999999996,315.16150000000005,287.8255
2020-02-06,322.57,325.22,320.26,325.21,26356385.0,316.736,316.2625,288.91
2020-02-07,322.37,323.4,318.0,320.03,29421012.0,318.84000000000003,316.78249999999997,289.8738333333333
2020-02-10,314.18,321.55,313.85,321.55,27337215.0,321.418,317.3435,290.867
2020-02-11,323.6,323.9,318.71,319.61,23580780.0,321.57,317.476,291.786
2020-02-12,321.47,327.22,321.47,327.2,28432573.0,322.71999999999997,318.202,292.862
2020-02-13,324.19,326.22,323.35,324.87,23686892.0,322.652,318.87850000000003,293.8471666666666
2020-02-14,324.74,325.98,322.85,324.95,20028447.0,323.63599999999997,319.364,294.8113333333333
2020-02-18,315.36,319.75,314.61,319.0,38190545.0,323.12600000000003,319.3775,295.6898333333333
2020-02-19,320.0,324.57,320.0,323.62,23495991.0,323.928,319.73,296.697
2020-02-20,322.63,324.65,318.21,320.3,25141489.0,322.548,319.86,297.66849999999994
2020-02-21,318.62,320.45,310.5,313.05,32426415.0,320.184,319.55100000000004,298.523
2020-02-24,297.26,304.18,289.23,298.18,55548828.0,314.83000000000004,318.54449999999997,299.05316666666664
2020-02-25,300.95,302.53,286.13,288.08,57668364.0,308.646,317.501,299.44966666666664
2020-02-26,286.53,297.88,286.5,292.65,49678431.0,302.452,316.249,299.8631666666667
2020-02-27,281.1,286.0,272.96,273.52,80151381.0,293.096,313.70799999999997,299.9676666666666
2020-02-28,257.26,278.41,256.37,273.36,106721230.0,285.158,311.1825,300.121
2020-03-02,282.28,301.44,277.72,298.81,85349339.0,285.284,310.6475,300.777
2020-03-03,303.67,304.0,285.8,289.32,79868852.0,285.53200000000004,309.6805,301.2366666666667
2020-03-04,296.44,303.4,293.13,302.74,54794568.0,287.55,308.875,301.856
2020-03-05,295.52,299.55,291.41,292.92,46893219.0,291.43,307.4485,302.22616666666664
2020-03-06,282.0,290.82,281.23,289.03,56544246.0,294.56399999999996,305.6395,302.5946666666667
2020-03-09,263.75,278.09,263.0,266.17,71686208.0,288.03599999999994,302.9465,302.5561666666666
2020-03-10,277.14,286.44,269.37,285.34,71322520.0,287.24,301.136,302.799
2020-03-11,277.39,281.22,271.86,275.43,64094970.0,281.77799999999996,298.927,302.86516666666665
2020-03-12,255.94,270.0,248.0,248.23,104618517.0,272.84,294.97850000000005,302.41650000000004
2020-03-13,264.89,279.92,252.95,277.97,92683032.0,270.628,292.6335,302.38500000000005
2020-03-16,241.95,259.08,240.0,242.21,80605865.0,265.83599999999996,288.49649999999997,301.74833333333333
2020-03-17,247.51,257.61,238.4,252.86,81013965.0,259.34000000000003,285.1895,301.30033333333336
2020-03-18,239.77,250.0,237.12,246.67,75058406.0,253.58800000000002,281.342,300.74449999999996
2020-03-19,247.39,252.84,242.61,244.78,67964255.0,252.898,277.566,300.16683333333333
2020-03-20,247.18,251.83,228.0,229.24,100423346.0,243.152,273.3755,299.25416666666666
2020-03-23,228.08,228.5,212.61,224.37,84188208.0,239.584,269.685,298.2558333333333
2020-03-24,236.36,247.69,234.3,246.88,71882773.0,238.388,267.625,297.53866666666664
2020-03-25,250.75,258.25,244.3,245.52,75900510.0,238.158,265.2685,296.8006666666667
2020-03-26,246.52,258.68,246.36,258.44,63140169.0,240.89000000000001,264.5145,296.2493333333333
2020-03-27,252.75,255.87,247.05,247.74,51054153.0,244.59,263.2335,295.4841666666667
2020-03-30,250.74,255.52,249.4,254.81,41994110.0,250.67800000000003,261.0335,294.72516666666667
2020-03-31,255.6,262.49,252.0,254.29,49250501.0,252.16,259.28200000000004,294.0061666666667
2020-04-01,246.5,248.72,239.13,240.91,44054638.0,251.238,256.1905,293.02466666666663
2020-04-02,240.34,245.15,236.9,244.93,41483493.0,248.536,253.791,292.13366666666667
2020-04-03,242.8,245.7,238.97,241.41,32470017.0,247.26999999999998,251.41,291.104
2020-04-06,250.9,263.11,249.38,262.47,50455071.0,248.80200000000005,251.225,290.31800000000004
2020-04-07,270.8,271.7,259.0,259.43,50721831.0,249.83,249.92950000000002,289.4696666666667
2020-04-08,262.74,267.37,261.23,266.07,42223821.0,254.862,249.46150000000003,288.6215
2020-04-09,268.7,270.07,264.7,267.99,40529123.0,259.474,250.4495,287.87666666666667
2020-04-13,268.31,273.7,265.83,273.25,32755731.0,265.842,250.2135,287.2418333333333
2020-04-14,280.0,288.25,278.05,287.05,48748672.0,270.758,252.45550000000003,286.772
2020-04-15,282.4,286.33,280.63,284.43,32788641.0,275.758,254.03400000000002,286.20033333333333
2020-04-16,287.38,288.2,282.35,286.69,39281290.0,279.88199999999995,256.03499999999997,285.70233333333334
2020-04-17,284.69,286.95,276.86,282.8,53812478.0,282.84400000000005,257.93600000000004,285.12066666666664
2020-04-20,277.95,281.68,276.85,276.93,32503750.0,283.58000000000004,260.32050000000004,284.41566666666665
2020-04-21,276.28,277.25,265.43,268.37,45247893.0,279.844,262.5205,283.5833333333333
2020-04-22,273.61,277.9,272.2,276.1,29264342.0,278.178,263.9815,283.03583333333336
2020-04-23,275.87,281.75,274.87,275.03,31203582.0,275.846,265.457,282.32483333333334
2020-04-24,277.2,283.01,277.0,282.97,31627183.0,275.88,266.6835,281.6353333333334
2020-04-27,281.8,284.54,279.95,283.17,29271893.0,277.12800000000004,268.45500000000004,280.957
2020-04-28,285.08,285.83,278.2,278.58,28001187.0,279.16999999999996,269.6435,280.4415
2020-04-29,284.73,289.67,283.89,287.73,34320204.0,281.496,271.31550000000004,280.0926666666667
2020-04-30,289.96,294.53,288.35,293.8,45765968.0,285.25,273.96000000000004,279.67516666666666
2020-05-01,286.25,299.0,285.85,289.07,60154175.0,286.47,276.16700000000003,279.13550000000004
2020-05-04,289.17,293.69,286.32,293.16,33391986.0,288.468,278.7545,278.6013333333333
2020-05-05,295.06,301.0,294.46,297.56,36937795.0,292.264,280.509,278.22683333333333
2020-05-06,300.46,303.24,298.87,300.63,35583438.0,294.844,282.569,277.8781666666667
2020-05-07,303.22,305.17,301.97,303.74,28803764.0,296.832,284.4525,277.6136666666667
2020-05-08,305.64,310.35,304.29,310.13,33511985.0,301.044,286.5595,277.32916666666665
2020-05-11,308.1,317.05,307.24,315.01,36486561.0,305.414,288.6475,277.1648333333333
2020-05-12,317.83,319.69,310.91,311.41,40575263.0,308.184,289.8655,276.93916666666667
2020-05-13,312.15,315.95,303.21,307.65,50155639.0,309.588,291.0265,276.75
2020-05-14,304.51,309.79,301.53,309.54,39732269.0,310.748,292.169,276.5153333333334
2020-05-15,300.35,307.9,300.21,307.71,41587094.0,310.264,293.4145,276.3055
2020-05-18,313.17,316.5,310.32,314.96,33843125.0,310.254,295.316,276.33733333333333
2020-05-19,315.03,318.52,313.01,313.14,25432385.0,310.6,297.5545,276.5866666666667
2020-05-20,316.68,319.52,316.2,319.23,27876215.0,312.916,299.711,277.1058333333333
2020-05-21,318.66,320.89,315.87,316.85,25672211.0,314.37800000000004,301.802,277.50916666666666
2020-05-22,315.77,319.23,315.35,318.89,20450754.0,316.614,303.598,278.2653333333334
2020-05-26,323.5,324.24,316.5,316.73,31380454.0,316.96799999999996,305.276,278.9881666666667
2020-05-27,316.14,318.71,313.09,318.11,28236274.0,317.96200000000005,307.2525,279.30983333333336
2020-05-28,316.77,323.44,315.63,318.25,33449103.0,317.766,308.7785,279.792
2020-05-29,319.25,321.15,316.47,317.94,38399532.0,317.98400000000004,309.9855,280.04533333333336
2020-06-01,317.75,322.35,317.21,321.85,20254653.0,318.576,311.6245,280.5275
2020-06-02,320.75,323.44,318.93,323.34,21910704.0,319.898,313.1335,281.09933333333333
2020-06-03,324.66,326.2,322.3,325.12,26122804.0,321.3,314.51149999999996,282.08183333333335
2020-06-04,324.39,325.62,320.78,322.32,21890091.0,322.114,315.596,282.69816666666674
2020-06-05,323.35,331.75,323.23,331.5,34312550.0,324.826,316.98400000000004,283.6326666666667
2020-06-08,330.25,333.6,327.32,333.46,23913634.0,327.148,318.15049999999997,285.0531666666667
2020-06-09,332.14,345.61,332.01,343.99,36928091.0,331.278,319.59950000000003,286.1535
2020-06-10,347.9,354.77,346.09,352.84,41662938.0,336.822,321.671,287.99733333333336
2020-06-11,349.31,351.06,335.48,335.9,50415613.0,339.538,323.0835,289.3813333333334
2020-06-12,344.72,347.8,334.22,338.8,50036513.0,340.998,324.54650000000004,290.91683333333333
2020-06-15,333.25,345.68,332.58,342.99,34702230.0,342.904,326.3105,292.5536666666667
2020-06-16,351.46,353.2,344.72,352.08,41357182.0,344.522,328.1665,294.60099999999994
2020-06-17,355.15,355.4,351.09,351.59,28601626.0,344.272,330.089,296.7213333333333
2020-06-18,351.41,353.45,349.22,351.73,24205096.0,347.438,331.714,298.4688333333333
2020-06-19,354.64,356.56,345.15,349.72,66118952.0,349.62199999999996,333.35749999999996,300.20550000000003
2020-06-22,351.34,359.46,351.15,358.87,33861316.0,352.798,335.3565,301.8793333333333
2020-06-23,364.0,372.38,362.27,366.53,53038869.0,355.688,337.8465,303.85916666666674
2020-06-24,365.0,368.79,358.52,360.06,48155849.0,357.382,339.944,305.61333333333334
2020-06-25,360.7,365.0,357.57,364.84,34380628.0,360.004,342.2735,307.4558333333333
2020-06-26,364.41,365.32,353.02,353.63,51314211.0,360.786,344.058,309.3345
2020-06-29,353.25,362.17,351.28,361.78,32661519.0,361.368,346.0545,311.282
2020-06-30,360.08,365.98,360.0,364.8,35055821.0,361.022,348.1275,313.33849999999995
2020-07-01,365.12,367.36,363.91,364.11,27684309.0,361.832,350.077,315.0325
2020-07-02,367.85,370.47,363.64,364.11,28510367.0,361.68600000000004,352.1665,316.7771666666667
2020-07-06,370.0,375.78,369.87,373.85,29663913.0,365.73,354.284,318.5735
2020-07-07,375.41,378.62,372.23,372.69,28106114.0,367.912,356.24550000000005,320.31850000000003
2020-07-08,376.72,381.5,376.36,381.37,29272970.0,371.226,358.1145,322.1205
2020-07-09,385.05,385.27,378.69,382.73,31410652.0,374.95,359.60900000000004,323.7151666666667
2020-07-10,381.34,383.92,378.82,383.68,22564330.0,378.86400000000003,361.998,325.3693333333333
2020-07-13,389.06,399.82,381.03,381.91,47912285.0,380.476,364.1535,326.95633333333336
2020-07-14,379.36,389.02,375.51,388.23,42747341.0,383.584,366.4155,328.71349999999995
2020-07-15,395.96,396.99,385.96,390.9,38299483.0,385.49,368.3565,330.613
2020-07-16,386.25,389.62,383.62,386.09,27644418.0,386.162,370.0815,332.575
2020-07-17,387.95,388.59,383.36,385.31,23046725.0,386.488,371.7605,334.39516666666674
2020-07-20,385.67,394.0,384.25,393.43,22579477.0,388.79200000000003,373.946,336.3684999999999
2020-07-21,396.69,397.0,386.97,388.0,25911459.0,388.746,375.40250000000003,338.11899999999997
2020-07-22,386.77,391.9,386.41,389.09,22250413.0,388.38399999999996,376.5305,339.8843333333333
2020-07-23,387.99,388.31,368.04,371.38,49251108.0,385.442,377.0965,341.431
2020-07-24,363.95,371.88,356.58,370.46,46359716.0,382.47200000000004,377.3775,342.80983333333336
2020-07-27,374.84,379.62,373.92,379.24,30303548.0,379.634,378.658,344.23383333333334
2020-07-28,377.47,378.2,372.99,373.01,25906375.0,376.63599999999997,379.21950000000004,345.6328333333333
2020-07-29,375.0,380.92,374.85,380.16,22582314.0,374.85,379.9875,347.08283333333327
2020-07-30,376.75,385.19,375.07,384.76,39532505.0,377.52599999999995,381.02000000000004,348.5361666666667
2020-07-31,411.54,425.66,403.3,425.04,93573867.0,388.442,384.0665,350.60966666666667
2020-08-03,432.8,446.55,431.57,435.75,77037847.0,399.74399999999997,387.16150000000005,352.80983333333336
2020-08-04,436.53,443.16,433.55,438.66,43198092.0,412.8740000000001,390.46,354.95200000000006
2020-08-05,437.51,441.57,435.59,440.25,30497988.0,424.892,393.404,357.03933333333333
2020-08-06,441.62,457.65,439.19,455.61,50607225.0,439.062,397.048,359.44266666666664
2020-08-07,452.82,454.7,441.17,444.45,49511403.0,442.9440000000001,400.0865,361.72266666666667
2020-08-10,450.4,455.1,440.0,450.91,53100856.0,445.976,403.53650000000005,364.0788333333333
2020-08-11,447.88,449.93,436.43,437.5,46975594.0,445.744,406.0,366.242
2020-08-12,441.99,453.1,441.19,452.04,41486205.0,448.10200000000003,409.057,368.52666666666664
2020-08-13,457.72,464.17,455.71,460.04,52520516.0,448.988,412.7545,370.975
2020-08-14,459.32,460.0,452.18,459.63,41391302.0,452.02400000000006,416.4705,373.315
2020-08-17,464.25,464.35,455.85,458.43,29890361.0,453.5280000000001,419.7205,375.6746666666667
2020-08-18,457.41,464.0,456.03,462.25,26408385.0,458.47800000000007,423.433,378.06399999999996
2020-08-19,463.93,468.65,462.44,462.83,36384502.0,460.6360000000001,427.12,380.49899999999997
2020-08-20,463.0,473.57,462.93,473.1,31726797.0,463.24799999999993,432.20599999999996,383.0821666666667
2020-08-21,477.05,499.47,477.0,497.48,84513660.0,470.81800000000004,438.5570000000001,386.0693333333334
2020-08-24,514.79,515.14,495.75,503.43,86484442.0,479.81800000000004,444.76650000000006,389.1608333333333
2020-08-25,498.79,500.72,492.21,499.3,52873947.0,487.22799999999995,451.081,392.1183333333334
2020-08-26,504.72,507.97,500.33,506.09,40755567.0,495.88,457.37750000000005,395.1641666666667
2020-08-27,508.57,509.94,495.33,500.04,38888096.0,501.26800000000003,463.1415,398.0795
2020-08-28,504.05,505.77,498.31,499.23,46907479.0,501.61800000000005,466.851,401.028
2020-08-31,127.58,131.0,126.0,129.04,225702688.0,426.74000000000007,451.5155,397.65366666666665
2020-09-01,132.76,134.8,130.53,134.18,152470142.0,353.716,436.2915,394.33233333333334
2020-09-02,137.59,137.98,127.0,131.4,200118991.0,278.778,420.849,390.7891666666667
2020-09-03,126.91,128.84,120.5,120.88,257599640.0,202.946,404.1125,386.9231666666667
2020-09-04,120.07,123.7,110.89,120.96,332607168.0,127.292,387.938,383.34083333333336
2020-09-08,113.95,118.99,112.68,112.82,231366563.0,124.048,371.0335,379.5745
2020-09-09,117.26,119.14,115.26,117.32,176940455.0,120.676,355.0245,375.81333333333333
2020-09-10,120.36,120.5,112.5,113.49,182274391.0,117.09400000000001,338.097,371.83683333333335
2020-09-11,114.57,115.23,110.0,112.0,180860325.0,115.31799999999998,320.695,367.84366666666665
2020-09-14,114.72,115.93,112.8,115.36,140150087.0,114.19800000000001,303.4815,363.90416666666664
2020-09-15,118.33,118.83,113.61,115.54,184642039.0,114.742,286.33700000000005,360.0011666666667
2020-09-16,115.23,116.0,112.04,112.13,155026675.0,113.704,268.831,355.88883333333337
2020-09-17,109.72,112.2,108.71,110.34,178010968.0,113.074,251.2065,351.61899999999997
2020-09-18,110.4,110.88,106.09,106.84,287104880.0,112.042,232.8935,347.3986666666667
2020-09-21,104.54,110.19,103.1,110.08,195713815.0,110.98599999999999,213.5235,343.1526666666667
2020-09-22,112.68,112.86,109.16,111.81,183055373.0,110.24000000000001,193.9425,339.12233333333336
2020-09-23,111.62,112.11,106.77,107.12,150718671.0,109.23800000000001,174.33350000000002,334.878
2020-09-24,105.17,110.25,105.0,108.22,167743349.0,108.81400000000001,154.44,330.6016666666667
2020-09-25,108.43,112.44,107.67,112.28,149981441.0,109.902,135.052,326.4045
2020-09-28,115.01,115.32,112.78,114.96,137672403.0,110.878,115.8385,322.252
2020-09-29,114.55,115.31,113.57,114.09,100060526.0,111.33399999999999,115.09099999999998,317.92266666666666
2020-09-30,113.79,117.26,113.62,115.81,142675184.0,113.072,114.17249999999999,313.6413333333333
2020-10-01,117.64,117.72,115.83,116.79,116120440.0,114.78600000000002,113.44200000000001,309.2316666666667
2020-10-02,112.89,115.37,112.22,113.02,144711986.0,114.934,113.049,304.73650000000004
2020-10-05,113.91,116.65,113.55,116.5,106243839.0,115.242,112.826,300.28350000000006
2020-10-06,115.7,116.12,112.25,113.16,161498212.0,115.056,112.843,295.8043333333334
2020-10-07,114.62,115.55,114.13,115.08,96848985.0,114.91000000000001,112.731,291.25183333333337
2020-10-08,116.25,116.4,114.59,114.97,83477153.0,114.546,112.80499999999999,286.653
2020-10-09,115.28,117.0,114.92,116.97,100506865.0,115.33600000000001,113.05350000000001,282.16766666666666
2020-10-12,120.06,125.18,119.28,124.4,240226769.0,116.91600000000001,113.50550000000001,277.8191666666666
2020-10-13,125.27,125.39,119.65,121.1,262330451.0,118.50399999999999,113.7835,273.2803333333333
2020-10-14,121.0,123.03,119.62,121.19,151062308.0,119.726,114.2365,268.8335
2020-10-15,118.72,121.2,118.15,120.71,112559219.0,120.874,114.75500000000002,264.3605
2020-10-16,121.28,121.55,118.81,119.02,115393808.0,121.28399999999999,115.364,260.1545
2020-10-19,119.96,120.42,115.66,115.98,120639337.0,119.6,115.65900000000002,255.91316666666665
2020-10-20,116.2,118.98,115.63,117.51,124423728.0,118.88199999999999,115.944,251.551
2020-10-21,116.67,118.71,116.45,116.87,89945980.0,118.018,116.43149999999999,247.282
2020-10-22,117.45,118.04,114.59,115.75,101987954.0,117.026,116.80799999999999,242.87516666666667
2020-10-23,116.39,116.55,114.28,115.04,82572645.0,116.22999999999999,116.946,238.37983333333332
2020-10-26,114.01,116.55,112.88,115.05,111850657.0,116.04400000000001,116.95049999999999,233.21333333333334
2020-10-27,115.49,117.28,114.54,116.6,92276772.0,115.862,117.076,227.89416666666665
2020-10-28,115.05,115.43,111.1,111.2,143937823.0,114.728,116.84550000000002,222.4365
2020-10-29,112.37,116.93,112.2,115.32,146129173.0,114.64200000000001,116.77199999999998,217.02100000000002
2020-10-30,111.06,111.99,107.72,108.86,190573476.0,113.40599999999999,116.564,211.24183333333335
2020-11-02,109.11,110.68,107.32,108.77,122866899.0,112.15,116.17749999999998,205.64716666666666
2020-11-03,109.66,111.49,108.73,110.44,107624448.0,110.91799999999998,116.0415,199.97266666666664
2020-11-04,114.14,115.59,112.35,114.95,138235482.0,111.668,116.035,194.59683333333334
2020-11-05,117.95,119.62,116.87,119.03,126387074.0,112.41,116.23800000000001,189.04666666666668
2020-11-06,118.32,119.2,116.13,118.69,114457922.0,114.376,116.324,183.3575
2020-11-09,120.5,121.99,116.05,116.32,154515315.0,115.886,115.91999999999999,177.63566666666665
2020-11-10,115.55,117.59,114.13,115.97,138023390.0,116.992,115.6635,171.928
2020-11-11,117.19,119.63,116.44,119.49,112294954.0,117.9,115.57849999999999,166.21533333333335
2020-11-12,119.62,120.53,118.57,119.21,103350674.0,117.93599999999999,115.50349999999999,160.48833333333332
2020-11-13,119.44,119.67,117.87,119.26,81688586.0,118.05,115.5155,154.59099999999998
2020-11-16,118.92,120.99,118.15,120.3,91183018.0,118.846,115.73149999999998,148.3046666666667
2020-11-17,119.55,120.67,118.96,119.39,74270973.0,119.53,115.8255,141.904
2020-11-18,118.61,119.82,118.0,118.03,76322111.0,119.23800000000001,115.8835,135.5495
2020-11-19,117.59,119.06,116.81,118.64,74112972.0,119.124,116.02800000000002,129.09199999999998
2020-11-20,118.64,118.77,117.29,117.34,73604287.0,118.74000000000001,116.14299999999999,122.71366666666667
2020-11-23,117.18,117.62,113.75,113.85,127959318.0,117.45,116.083,116.29066666666667
2020-11-24,113.91,115.85,112.59,115.17,113874218.0,116.606,116.0115,116.0595
2020-11-25,115.55,116.75,115.17,116.03,76499234.0,116.20599999999999,116.253,115.757
2020-11-27,116.57,117.49,116.22,116.59,46691331.0,115.796,116.31649999999999,115.51016666666668
2020-11-30,116.97,120.97,116.81,119.05,169410176.0,116.13799999999999,116.826,115.47966666666666
2020-12-01,121.01,123.47,120.01,122.72,128166803.0,117.912,117.52350000000001,115.509
2020-12-02,122.02,123.37,120.89,123.08,89004195.0,119.494,118.1555,115.68
2020-12-03,123.52,123.78,122.21,122.94,78967630.0,120.876,118.55500000000002,115.77366666666667
2020-12-04,122.6,122.86,121.52,122.25,78260421.0,122.008,118.71600000000001,115.91966666666667
2020-12-07,122.31,124.57,122.25,123.75,86711990.0,122.94800000000001,118.96900000000001,116.11550000000001
2020-12-08,124.37,124.98,123.09,124.38,82225512.0,123.28,119.372,116.26583333333333
2020-12-09,124.53,125.95,121.0,121.78,115089193.0,123.01999999999998,119.6625,116.36983333333335
2020-12-10,120.5,123.87,120.15,123.24,81312170.0,123.08,119.85,116.555
2020-12-11,122.43,122.76,120.55,122.41,86939786.0,123.11200000000001,120.01000000000002,116.75616666666666
2020-12-14,122.6,123.35,121.54,121.78,79075988.0,122.718,120.136,117.00516666666665
2020-12-15,124.34,127.9,124.13,127.88,157572262.0,123.418,120.51500000000001,117.30183333333333
2020-12-16,127.41,128.37,126.56,127.81,98208591.0,124.624,120.93599999999999,117.56850000000001
2020-12-17,128.9,129.58,128.04,128.7,94359811.0,125.71599999999998,121.46950000000001,117.92816666666666
2020-12-18,128.96,129.1,126.12,126.66,192541496.0,126.566,121.87049999999999,118.2355
2020-12-21,125.02,128.31,123.45,128.23,121251553.0,127.856,122.415,118.50133333333333
2020-12-22,131.61,134.41,129.65,131.88,169351825.0,128.656,123.31649999999999,118.78333333333333
2020-12-23,132.16,132.43,130.78,130.96,88223692.0,129.286,124.106,119.0645
2020-12-24,131.32,133.46,131.1,131.97,54930064.0,129.94,124.90299999999999,119.33383333333333
2020-12-28,133.99,137.34,133.51,136.69,124486237.0,131.946,125.90800000000002,119.66550000000001
2020-12-29,138.05,138.79,134.34,134.87,121047324.0,133.274,126.699,120.02966666666666
2020-12-30,135.58,135.99,133.4,133.72,96452124.0,133.642,127.24899999999998,120.31666666666665
2020-12-31,134.08,134.74,131.72,132.69,99116586.0,133.988,127.72949999999999,120.64216666666667
2021-01-04,133.52,133.61,126.76,129.41,143224253.0,133.47600000000003,128.053,120.881
2021-01-05,128.89,131.74,128.43,131.01,97664898.0,132.34,128.49099999999999,121.14833333333334
2021-01-06,127.72,131.05,126.38,126.6,155087970.0,130.68599999999998,128.63349999999997,121.30883333333333
2021-01-07,128.36,131.63,127.86,130.92,109578157.0,130.12599999999998,128.9605,121.41749999999999
2021-01-08,132.43,132.63,130.23,132.05,105158245.0,129.998,129.474,121.6
2021-01-11,129.19,130.17,128.5,128.98,100620880.0,129.91199999999998,129.76100000000002,121.72983333333333
2021-01-12,128.5,129.69,126.86,128.8,91951145.0,129.46999999999997,130.08049999999997,121.86466666666665
2021-01-13,128.76,131.45,128.49,130.89,88636831.0,130.328,130.536,122.0625
2021-01-14,130.8,131.0,128.76,128.91,90221755.0,129.92600000000002,130.5875,122.27799999999999
2021-01-15,128.78,130.22,127.0,127.14,111598531.0,128.94400000000002,130.554,122.4385
2021-01-19,127.78,128.71,126.94,127.83,90757329.0,128.714,130.5105,122.62116666666667
2021-01-20,128.66,132.49,128.55,132.03,104319489.0,129.35999999999999,130.779,122.8925
2021-01-21,133.8,139.67,133.59,136.87,120529544.0,130.55599999999998,131.21099999999998,123.25633333333332
2021-01-22,136.28,139.85,135.02,139.07,114459360.0,132.588,131.5705,123.65666666666668
2021-01-25,143.07,145.09,136.54,142.92,157611713.0,135.74399999999997,132.16850000000002,124.09533333333334
2021-01-26,143.6,144.3,141.37,143.16,98390555.0,138.81,132.728,124.628
2021-01-27,143.43,144.3,140.41,142.06,140843759.0,140.816,132.9965,125.07366666666667
2021-01-28,139.52,141.99,136.7,137.09,142621128.0,140.86,133.10750000000002,125.54416666666665
2021-01-29,135.83,136.74,130.21,131.96,177523812.0,139.43800000000002,133.01950000000002,125.93066666666667
2021-02-01,133.75,135.38,130.93,134.14,106239823.0,137.68200000000002,133.092,126.32566666666666
2021-02-02,135.73,136.31,134.61,134.99,83305367.0,136.048,133.37099999999998,126.65966666666667
2021-02-03,135.76,135.77,133.61,133.94,89880937.0,134.424,133.51749999999998,126.90816666666666
2021-02-04,136.3,137.4,134.59,137.39,84183061.0,134.48399999999998,134.05700000000002,127.21983333333333
2021-02-05,137.35,137.42,135.86,136.76,75693830.0,135.44400000000002,134.349,127.5605
2021-02-08,136.03,136.96,134.92,136.91,71297214.0,135.998,134.59199999999998,127.9095
2021-02-09,136.62,137.88,135.85,136.01,76774213.0,136.202,134.9435,128.18483333333333
2021-02-10,136.48,136.99,134.4,135.39,73046563.0,136.492,135.273,128.4545
2021-02-11,135.9,136.39,133.77,135.13,64280029.0,136.04,135.48499999999999,128.719
2021-02-12,134.35,135.53,133.69,135.37,60145130.0,135.762,135.808,128.97016666666667
2021-02-16,135.49,136.01,132.79,133.19,80576316.0,135.018,136.1105,129.20016666666666
2021-02-17,131.25,132.22,129.47,130.84,98085249.0,133.984,136.26100000000002,129.41366666666667
2021-02-18,129.2,130.0,127.41,129.71,96856748.0,132.848,136.145,129.59816666666669
2021-02-19,130.24,130.71,128.8,129.87,87668834.0,131.796,135.79500000000002,129.807
2021-02-22,128.01,129.72,125.6,126.0,103916419.0,129.922,135.1415,130.0095
2021-02-23,123.76,126.71,118.39,125.86,158273022.0,128.456,134.2885,130.18766666666667
2021-02-24,124.94,125.56,122.23,125.35,111039904.0,127.35799999999999,133.398,130.343
2021-02-25,124.68,126.46,120.54,120.99,148199540.0,125.61399999999999,132.34449999999998,130.4163333333333
2021-02-26,122.59,124.85,121.2,121.26,164560394.0,123.89199999999998,131.553,130.45316666666668
2021-03-01,123.75,127.93,122.79,127.79,116307892.0,124.25,131.34449999999998,130.53766666666667
2021-03-02,128.41,128.72,125.01,125.12,102260945.0,124.102,130.8935,130.57166666666666
2021-03-03,124.81,125.71,121.84,122.06,112966340.0,123.444,130.247,130.557
2021-03-04,121.75,123.6,118.62,120.13,178154975.0,123.272,129.5565,130.52166666666665
2021-03-05,120.98,121.94,117.57,121.42,153766601.0,123.304,128.75799999999998,130.48283333333333
2021-03-08,120.93,121.0,116.21,116.36,154376610.0,121.018,127.73800000000001,130.3491666666667
2021-03-09,119.03,122.06,118.79,121.08,129525780.0,120.21000000000001,126.94650000000001,130.3375
2021-03-10,121.69,122.17,119.45,119.98,111943326.0,119.79400000000001,126.14500000000001,130.28316666666666
2021-03-11,122.54,123.21,121.26,121.96,103026514.0,120.16,125.47350000000002,130.27566666666667
2021-03-12,120.4,121.17,119.16,121.03,88105050.0,120.082,124.76849999999999,130.26316666666668
2021-03-15,121.41,124.0,120.42,123.99,92590555.0,121.60799999999999,124.19950000000001,130.19833333333335
2021-03-16,125.7,127.22,124.72,125.57,115227936.0,122.506,123.8185,130.161
2021-03-17,124.05,125.86,122.34,124.76,111932636.0,123.46199999999999,123.5145,130.09533333333334
2021-03-18,122.88,123.18,120.32,120.53,121469755.0,123.176,123.05549999999998,129.99316666666667
2021-03-19,119.9,121.43,119.68,119.99,185549522.0,122.96799999999999,122.5615,129.85583333333332
2021-03-22,120.33,123.87,120.26,123.39,111912284.0,122.848,122.431,129.71433333333331
2021-03-23,123.33,124.24,122.14,122.54,95467142.0,122.242,122.26499999999999,129.574
2021-03-24,122.82,122.9,120.07,120.09,88530485.0,121.30799999999999,122.002,129.376
2021-03-25,119.54,121.66,119.0,120.59,98844681.0,121.32000000000001,121.98200000000001,129.10766666666666
2021-03-26,120.35,121.48,118.92,121.21,94071234.0,121.56400000000001,121.97949999999999,128.88
2021-03-29,121.65,122.58,120.73,121.39,80819203.0,121.16400000000002,121.65950000000001,128.6745
2021-03-30,120.11,120.4,118.86,119.9,85671919.0,120.63600000000001,121.39850000000001,128.46133333333333
2021-03-31,121.65,123.52,121.15,122.15,118323826.0,121.048,121.40299999999999,128.34033333333335
2021-04-01,123.66,124.18,122.49,123.0,75089134.0,121.53,121.5465,128.20683333333332
2021-04-05,123.87,126.16,123.07,125.9,88651175.0,122.468,121.7705,128.19516666666667
2021-04-06,126.5,127.13,125.65,126.21,80171253.0,123.43200000000002,122.263,128.11666666666667
2021-04-07,125.83,127.92,125.14,127.9,83466716.0,125.032,122.604,128.0475
2021-04-08,128.95,130.39,128.52,130.36,88844591.0,126.67400000000002,123.123,128.07049999999998
2021-04-09,129.8,133.04,129.47,133.0,106686703.0,128.67400000000004,123.675,128.1405
2021-04-12,132.52,132.85,130.63,131.24,91419983.0,129.74200000000002,124.1855,128.14633333333333
2021-04-13,132.44,134.66,131.93,134.43,91266545.0,131.38600000000002,124.70749999999998,128.23833333333334
2021-04-14,134.94,135.0,131.66,132.03,87222782.0,132.21200000000002,125.0305,128.31983333333332
2021-04-15,133.82,135.0,133.64,134.5,89347102.0,133.04000000000002,125.5175,128.43099999999998
2021-04-16,134.3,134.67,133.28,134.16,84922386.0,133.27200000000002,126.199,128.4665
2021-04-19,133.51,135.47,133.34,134.84,94264215.0,133.99200000000002,126.94149999999999,128.43266666666668
2021-04-20,135.02,135.53,131.81,133.11,94812349.0,133.728,127.42750000000001,128.33333333333334
2021-04-21,132.36,133.75,131.3,133.5,68847136.0,134.022,127.97550000000001,128.17633333333333
2021-04-22,133.04,134.15,131.41,131.94,84566456.0,133.51000000000002,128.568,127.98933333333333
2021-04-23,132.16,135.12,132.16,134.32,78756779.0,133.542,129.2545,127.86033333333333
2021-04-26,134.83,135.06,133.56,134.72,66905069.0,133.518,129.93,127.82083333333334
2021-04-27,135.01,135.41,134.11,134.39,66015804.0,133.774,130.57999999999998,127.86133333333333
2021-04-28,134.31,135.02,133.08,133.58,107760097.0,133.79000000000002,131.26399999999998,127.852
2021-04-29,136.47,137.07,132.45,133.48,151100953.0,134.098,131.8305,127.82683333333333
2021-04-30,131.78,133.56,131.07,131.46,109839466.0,133.526,132.2535,127.7855
2021-05-03,132.04,134.07,131.83,132.54,75135100.0,133.09,132.5855,127.70466666666667
2021-05-04,131.19,131.49,126.7,127.85,137564718.0,131.78199999999998,132.6675,127.55616666666667
2021-05-05,129.2,130.45,127.97,128.1,84000900.0,130.68599999999998,132.6775,127.40933333333332
2021-05-06,127.89,129.75,127.13,129.74,78128334.0,129.93800000000002,132.6465,127.30483333333333
2021-05-07,130.85,131.26,129.47,130.21,78973273.0,129.68800000000002,132.507,127.2185
2021-05-10,129.41,129.54,126.81,126.85,88071229.0,128.55,132.2875,127.0805
2021-05-11,123.5,126.27,122.77,125.91,126142826.0,128.162,131.86149999999998,126.92283333333333
2021-05-12,123.4,124.64,122.25,122.77,112172282.0,127.096,131.39849999999998,126.74916666666667
2021-05-13,124.58,126.15,124.26,124.97,105861339.0,126.14200000000001,130.922,126.65133333333333
2021-05-14,126.25,127.89,125.85,127.45,81917951.0,125.58999999999999,130.5865,126.61366666666666
2021-05-17,126.82,126.93,125.17,126.27,74244624.0,125.474,130.158,126.55366666666666
2021-05-18,126.56,126.99,124.78,124.85,63342929.0,125.26200000000001,129.745,126.5345
2021-05-19,123.16,124.92,122.86,124.69,92611989.0,125.646,129.3045,126.515
2021-05-20,125.23,127.72,125.1,127.31,76857123.0,126.114,129.073,126.54766666666666
2021-05-21,127.82,128.0,125.21,125.43,79295436.0,125.71,128.6285,126.62166666666667
2021-05-24,126.01,127.94,125.94,127.1,63092945.0,125.876,128.2475,126.719
2021-05-25,127.82,128.32,126.32,126.9,72009482.0,126.28600000000002,127.873,126.70416666666667
2021-05-26,126.96,127.39,126.42,126.85,56575920.0,126.718,127.5365,126.73299999999999
2021-05-27,126.44,127.64,125.08,125.28,94625601.0,126.31200000000001,127.12650000000001,126.78666666666668
2021-05-28,125.57,125.8,124.55,124.61,71311109.0,126.148,126.78399999999999,126.86133333333333
2021-06-01,125.08,125.35,123.94,124.28,67637118.0,125.58399999999999,126.37100000000001,126.909
2021-06-02,124.28,125.24,124.05,125.06,59278862.0,125.21600000000001,126.23150000000001,127.05400000000002
2021-06-03,124.68,124.85,123.13,123.54,76229170.0,124.554,126.00349999999999,127.095
2021-06-04,124.07,126.16,123.85,125.89,75169343.0,124.676,125.81099999999999,127.1935
2021-06-07,126.17,126.32,124.83,125.9,71057550.0,124.93400000000001,125.59549999999999,127.25916666666667
2021-06-08,126.6,128.46,126.21,126.74,74403774.0,125.426,125.59,127.35433333333334
2021-06-09,127.21,127.75,126.52,127.13,56877937.0,125.83999999999999,125.651,127.40666666666667
2021-06-10,127.02,128.19,125.94,126.11,71186421.0,126.354,125.81800000000001,127.41566666666667
2021-06-11,126.53,127.44,126.1,127.35,53522373.0,126.646,125.93699999999998,127.45883333333333
2021-06-14,127.82,130.54,127.07,130.48,96906490.0,127.56199999999998,126.0885,127.62466666666666
2021-06-15,129.94,130.6,129.39,129.64,62746332.0,128.142,126.25700000000002,127.7855
2021-06-16,130.37,130.89,128.46,130.15,91815026.0,128.746,126.52199999999998,127.89816666666665
2021-06-17,129.8,132.55,129.65,131.79,96721669.0,129.882,126.877,128.05233333333334
2021-06-18,130.71,131.51,130.24,130.46,108953309.0,130.504,127.03449999999998,128.22516666666667
2021-06-21,130.3,132.41,129.21,132.3,79663316.0,130.868,127.378,128.42033333333333
2021-06-22,132.13,134.08,131.62,133.98,74783618.0,131.73600000000002,127.72200000000001,128.63316666666668
2021-06-23,133.77,134.32,133.23,133.7,60214200.0,132.44599999999997,128.06199999999998,128.83833333333334
2021-06-24,134.45,134.64,132.93,133.41,68710998.0,132.76999999999998,128.39000000000001,129.0635
2021-06-25,133.46,133.89,132.81,133.11,70783746.0,133.3,128.7815,129.24616666666665
2021-06-28,133.41,135.25,133.35,134.78,62111303.0,133.796,129.29000000000002,129.4425
2021-06-29,134.8,136.49,134.35,136.33,64556081.0,134.266,129.89249999999998,129.61633333333333
2021-06-30,136.17,137.41,135.87,136.96,63261393.0,134.918,130.4875,129.7955
2021-07-01,136.6,137.33,135.76,137.27,52485781.0,135.69,131.174,129.95166666666665
2021-07-02,137.9,140.0,137.75,139.96,78945572.0,137.06,131.8775,130.11166666666665
2021-07-06,140.07,143.15,140.07,142.02,108181793.0,138.50799999999998,132.6835,130.262
2021-07-07,143.54,144.89,142.66,144.57,104911589.0,140.156,133.575,130.48416666666668
2021-07-08,141.58,144.06,140.66,143.24,105575458.0,141.412,134.3805,130.631
2021-07-09,142.75,145.65,142.65,145.11,99890800.0,142.98,135.3305,130.84900000000002
2021-07-12,146.21,146.32,144.0,144.5,76299719.0,143.888,136.18800000000002,131.01566666666668
2021-07-13,144.03,147.46,143.63,145.64,100827099.0,144.61200000000002,136.946,131.207
2021-07-14,148.1,149.57,147.68,149.15,127050785.0,145.528,137.92149999999998,131.4455
2021-07-15,149.24,150.0,147.09,148.48,106820297.0,146.576,138.83800000000002,131.70166666666665
2021-07-16,148.46,149.76,145.88,146.39,93251426.0,146.832,139.568,131.91649999999998
2021-07-19,143.75,144.07,141.67,142.45,121434571.0,146.42199999999997,140.16750000000002,132.09166666666667
2021-07-20,143.46,147.1,142.96,146.15,96350036.0,146.524,140.85999999999999,132.28883333333334
2021-07-21,145.53,146.13,144.63,145.4,74993460.0,145.774,141.43099999999998,132.46683333333334
2021-07-22,145.94,148.19,145.81,146.8,77338156.0,145.43800000000002,142.086,132.67366666666666
2021-07-23,147.55,148.72,146.92,148.56,71447416.0,145.872,142.8435,132.92333333333332
2021-07-26,148.27,149.83,147.7,148.99,72434089.0,147.18,143.6375,133.18183333333334
2021-07-27,149.12,149.21,145.55,146.77,104818578.0,147.304,144.23700000000002,133.437
2021-07-28,144.81,146.97,142.54,144.98,118931191.0,147.22,144.66950000000003,133.64433333333332
2021-07-29,144.69,146.55,144.58,145.64,56699475.0,146.988,145.1035,133.94083333333333
2021-07-30,144.38,146.33,144.11,145.86,70440626.0,146.448,145.533,134.23683333333335
2021-08-02,146.36,146.95,145.25,145.52,62879961.0,145.754,145.811,134.49983333333333
2021-08-03,145.81,148.04,145.18,147.36,64786618.0,145.872,146.078,134.78566666666666
2021-08-04,147.27,147.79,146.28,146.95,56368271.0,146.26600000000002,146.197,135.12066666666666
2021-08-05,146.98,147.84,146.17,147.06,46397674.0,146.55,146.388,135.47316666666669
2021-08-06,146.35,147.11,145.63,146.14,54126813.0,146.606,146.4395,135.86266666666668
2021-08-09,146.2,146.7,145.52,146.09,48908689.0,146.72,146.519,136.21466666666666
2021-08-10,146.44,147.71,145.3,145.6,69023081.0,146.368,146.517,136.51716666666667
2021-08-11,146.05,146.72,145.53,145.86,48493463.0,146.15,146.35250000000002,136.84366666666668
2021-08-12,146.19,149.05,145.84,148.89,73779113.0,146.51600000000002,146.373,137.24433333333334
2021-08-13,148.97,149.44,148.27,149.1,59375009.0,147.108,146.5085,137.65116666666665
2021-08-16,148.54,151.19,146.47,151.12,103558782.0,148.11399999999998,146.94199999999998,138.04799999999997
2021-08-17,150.23,151.68,149.09,150.19,92229735.0,149.03199999999998,147.144,138.46066666666667
2021-08-18,149.8,150.72,146.15,146.36,86325990.0,149.132,147.192,138.78166666666667
2021-08-19,145.03,148.0,144.5,146.7,86960310.0,148.69400000000002,147.18699999999998,139.11166666666668
2021-08-20,147.44,148.5,146.78,148.19,60549630.0,148.512,147.1685,139.46733333333336
2021-08-23,148.31,150.19,147.89,149.71,60131810.0,148.23000000000002,147.2045,139.87449999999998
2021-08-24,149.45,150.86,149.15,149.62,48606428.0,148.116,147.34699999999998,140.29133333333337
2021-08-25,149.81,150.32,147.8,148.36,58991297.0,148.51600000000002,147.51600000000002,140.69266666666667
2021-08-26,148.35,149.12,147.51,147.54,48597195.0,148.68400000000003,147.611,141.06733333333335
2021-08-27,147.48,148.75,146.83,148.6,55802388.0,148.76600000000002,147.748,141.485
2021-08-30,149.0,153.49,148.61,153.12,90956723.0,149.448,148.128,141.93883333333332
2021-08-31,152.66,152.8,151.29,151.83,86453117.0,149.89000000000001,148.35150000000002,142.371
2021-09-01,152.83,154.98,152.34,152.51,80313711.0,150.71999999999997,148.62949999999998,142.80049999999997
2021-09-02,153.87,154.72,152.4,153.65,71171317.0,151.942,148.959,143.24249999999998
2021-09-03,153.76,154.63,153.09,154.3,57866066.0,153.082,149.36700000000002,143.71233333333333
2021-09-07,154.97,157.26,154.39,156.69,82278261.0,153.796,149.897,144.20133333333337
2021-09-08,156.98,157.04,153.97,155.11,74420207.0,154.45200000000003,150.3725,144.61183333333332
2021-09-09,155.49,156.11,153.95,154.07,57305730.0,154.76399999999998,150.783,145.01899999999998
2021-09-10,155.0,155.48,148.7,148.97,140893235.0,153.828,150.78699999999998,145.33266666666668
2021-09-13,150.63,151.42,148.75,149.55,102404329.0,152.87800000000001,150.8095,145.62866666666665
2021-09-14,150.35,151.07,146.91,148.12,109296295.0,151.164,150.6595,145.92300000000003
2021-09-15,148.56,149.44,146.37,149.03,83281315.0,149.948,150.60150000000002,146.20183333333333
2021-09-16,148.44,148.97,147.22,148.79,68034149.0,148.892,150.723,146.44866666666667
2021-09-17,148.82,148.82,145.76,146.06,129868824.0,148.31,150.691,146.65466666666669
2021-09-20,143.8,144.84,141.27,142.94,123478863.0,146.988,150.4285,146.8135
2021-09-21,143.93,144.6,142.78,143.43,75833962.0,146.05,150.1145,146.98550000000003
2021-09-22,144.45,146.43,143.7,145.85,76404341.0,145.414,149.92600000000002,147.17000000000002
2021-09-23,146.65,147.08,145.64,146.83,64838170.0,145.022,149.8495,147.345
2021-09-24,145.66,147.47,145.56,146.92,53477869.0,145.194,149.81850000000003,147.51100000000002
2021-09-27,145.47,145.96,143.82,145.37,74150729.0,145.68,149.657,147.64600000000002
2021-09-28,143.25,144.75,141.69,141.91,108972340.0,145.37600000000003,149.0965,147.67849999999999
2021-09-29,142.47,144.45,142.03,142.83,74602044.0,144.772,148.6465,147.692
2021-09-30,143.66,144.38,141.28,141.5,89056664.0,143.706,148.096,147.64083333333332
2021-10-01,141.9,142.92,139.11,142.65,94639581.0,142.852,147.546,147.63099999999997
2021-10-04,141.76,142.21,138.27,139.14,98322008.0,141.606,146.78799999999998,147.53150000000002
2021-10-05,139.49,142.24,139.36,141.11,80861062.0,141.446,146.009,147.475
2021-10-06,139.47,142.15,138.37,142.0,83221119.0,141.28000000000003,145.3535,147.4143333333333
2021-10-07,143.06,144.22,142.72,143.29,61732656.0,141.638,144.8145,147.31666666666666
2021-10-08,144.03,144.18,142.56,142.9,58773155.0,141.688,144.511,147.22366666666667
2021-10-11,142.27,144.81,141.81,142.81,64452219.0,142.42199999999997,144.174,147.16400000000002
2021-10-12,143.23,143.25,141.04,141.51,73035859.0,142.502,143.8435,147.14833333333334
2021-10-13,141.24,141.4,139.2,140.91,78762721.0,142.28400000000002,143.4375,147.061
2021-10-14,142.11,143.88,141.51,143.76,69907100.0,142.378,143.18599999999998,147.03366666666668
2021-10-15,143.77,144.9,143.51,144.84,67940334.0,142.766,143.125,147.001
2021-10-18,143.44,146.84,143.16,146.55,85589175.0,143.514,143.3055,146.96750000000003
2021-10-19,147.01,149.17,146.55,148.76,76378894.0,144.964,143.572,146.96366666666665
2021-10-20,148.7,149.75,148.12,149.26,58418788.0,146.634,143.7425,147.00516666666667
2021-10-21,148.81,149.64,147.87,149.48,61420990.0,147.778,143.875,147.08016666666668
2021-10-22,149.69,150.18,148.64,148.69,58883443.0,148.54799999999997,143.9635,147.13099999999997
2021-10-25,148.68,149.37,147.62,148.64,50720556.0,148.96599999999998,144.127,147.17733333333337
2021-10-26,149.33,150.84,149.01,149.32,60893395.0,149.078,144.4975,147.24066666666667
2021-10-27,149.36,149.73,148.49,148.85,56094929.0,148.996,144.79850000000002,147.2655
2021-10-28,149.82,153.16,149.72,152.57,100077888.0,149.61399999999998,145.352,147.35916666666668
2021-10-29,147.22,149.94,146.41,149.8,124953168.0,149.836,145.7095,147.40483333333333
2021-11-01,148.99,149.7,147.8,148.96,74588258.0,149.9,146.2005,147.45183333333335
2021-11-02,148.66,151.57,148.65,150.02,69121987.0,150.04000000000002,146.64600000000002,147.5173333333333
2021-11-03,150.39,151.97,149.82,151.49,54511534.0,150.56800000000004,147.1205,147.61549999999997
2021-11-04,151.58,152.43,150.64,150.96,60394616.0,150.246,147.504,147.7005
2021-11-05,151.89,152.2,150.06,151.28,65463883.0,150.542,147.923,147.74033333333333
2021-11-08,151.41,151.57,150.16,150.44,55020868.0,150.83800000000002,148.30450000000002,147.76266666666666
2021-11-09,150.2,151.43,150.06,150.81,56787930.0,150.996,148.7695,147.75750000000002
2021-11-10,150.02,150.13,147.85,147.92,65187092.0,150.282,149.12,147.71966666666668
2021-11-11,148.96,149.43,147.68,147.87,40999950.0,149.66400000000002,149.3255,147.74483333333333
2021-11-12,148.43,150.4,147.48,149.99,63804008.0,149.406,149.583,147.79966666666667
2021-11-15,150.37,151.88,149.43,150.0,59222803.0,149.318,149.75549999999998,147.8298333333333
2021-11-16,149.94,151.49,149.34,151.0,59256210.0,149.356,149.8675,147.85133333333334
2021-11-17,151.0,155.0,150.99,153.49,88807000.0,150.47,150.079,147.91583333333332
2021-11-18,153.71,158.67,153.05,157.87,137827673.0,152.47,150.49849999999998,148.07433333333336
2021-11-19,157.65,161.02,156.53,160.55,117305597.0,154.582,151.0915,148.29116666666667
2021-11-22,161.68,165.7,161.0,161.02,117467889.0,156.786,151.7105,148.49816666666666
2021-11-23,161.12,161.8,159.06,161.41,96041899.0,158.868,152.315,148.63633333333334
2021-11-24,160.75,162.14,159.64,161.94,69463623.0,160.558,152.96949999999998,148.80483333333333
2021-11-26,159.57,160.45,156.36,156.81,76959752.0,160.346,153.1815,148.8765
2021-11-29,159.37,161.19,158.79,160.24,88748217.0,160.28400000000002,153.70350000000002,148.98633333333333
2021-11-30,159.99,165.52,159.92,165.3,174048056.0,161.14000000000001,154.5205,149.16966666666667
2021-12-01,167.48,170.3,164.53,164.77,152423003.0,161.81199999999998,155.25799999999998,149.30433333333332
2021-12-02,158.74,164.2,157.8,163.76,136739174.0,162.17600000000002,155.87150000000003,149.4485
2021-12-03,164.02,164.96,159.72,161.84,118023116.0,163.182,156.4155,149.578
2021-12-06,164.29,167.88,164.28,165.32,107496982.0,164.198,157.1175,149.85049999999998
2021-12-07,169.08,171.58,168.34,171.18,120405352.0,165.374,158.1545,150.21099999999998
2021-12-08,172.13,175.96,170.7,175.08,116998901.0,167.43599999999998,159.368,150.6603333333333
2021-12-09,174.91,176.75,173.92,174.56,108923739.0,169.596,160.7,151.08583333333337
2021-12-10,175.21,179.63,174.69,179.45,115402731.0,173.118,162.279,151.59683333333334
2021-12-13,181.12,182.13,175.53,175.74,153237019.0,175.202,163.56650000000002,152.0915
2021-12-14,175.25,177.74,172.21,174.33,139380382.0,175.83200000000002,164.78300000000002,152.61466666666666
2021-12-15,175.11,179.5,172.31,179.3,131063257.0,176.676,166.19800000000004,153.2125
2021-12-16,179.28,181.14,170.75,172.26,150185843.0,176.21599999999998,167.1365,153.65266666666668
2021-12-17,169.93,173.47,169.69,171.14,195923441.0,174.554,167.8,154.05783333333332
2021-12-20,168.28,170.58,167.46,169.75,107499114.0,173.356,168.26,154.43833333333333
2021-12-21,171.56,173.2,169.12,172.99,91185905.0,173.088,168.8585,154.89866666666666
2021-12-22,173.04,175.86,172.15,175.64,92135303.0,172.356,169.57,155.46083333333334
2021-12-23,175.85,176.85,175.27,176.28,68356567.0,173.16,170.287,156.01833333333335
2021-12-27,177.09,180.42,177.07,180.33,74919582.0,174.998,171.46300000000002,156.6655
2021-12-28,180.16,181.33,178.53,179.29,79144339.0,176.906,172.4155,157.27616666666668
2021-12-29,179.33,180.63,178.14,179.38,62348931.0,178.18400000000003,173.11950000000002,157.94683333333333
2021-12-30,179.47,180.57,178.09,178.2,59773014.0,178.696,173.791,158.56500000000003
2021-12-31,178.09,179.23,177.26,177.57,64062261.0,178.954,174.4815,159.15783333333334
2022-01-03,177.83,182.88,177.71,182.01,104701220.0,179.29000000000002,175.48999999999998,159.80316666666667
2022-01-04,182.63,182.94,179.12,179.7,99310438.0,179.372,176.209,160.41649999999998
2022-01-05,179.61,180.17,174.64,174.92,94537602.0,178.48,176.396,160.95166666666668
2022-01-06,172.7,175.3,171.64,172.0,96903955.0,177.23999999999998,176.242,161.45983333333334
2022-01-07,172.89,174.14,171.03,172.17,86709147.0,176.16,176.1225,161.98083333333335
2022-01-10,169.08,172.5,168.17,172.19,106765552.0,174.19599999999997,175.7595,162.45466666666667
2022-01-11,172.32,175.18,170.82,175.08,76138312.0,173.272,175.7265,162.9586666666667
2022-01-12,176.12,177.18,174.82,175.53,74805173.0,173.394,175.7865,163.44166666666666
2022-01-13,175.78,176.62,171.79,172.19,84505760.0,173.43200000000002,175.43099999999998,163.83216666666667
2022-01-14,171.36,173.78,171.09,173.07,80440780.0,173.612,175.4715,164.22899999999998
2022-01-18,171.51,172.54,169.41,169.8,91168729.0,173.13400000000001,175.4045,164.56766666666667
2022-01-19,170.0,171.08,165.94,166.23,94814990.0,171.36399999999998,175.2285,164.86
2022-01-20,166.98,169.68,164.18,164.51,91420515.0,169.16,174.8045,165.12449999999998
2022-01-21,164.42,166.33,162.3,162.41,122848858.0,167.204,174.143,165.34266666666664
2022-01-24,160.02,162.3,154.7,161.62,162706686.0,164.914,173.41,165.5555
2022-01-25,158.98,162.76,157.02,159.78,115798367.0,162.91000000000003,172.3825,165.67566666666664
2022-01-26,163.5,164.39,157.82,159.69,108275308.0,161.602,171.40249999999997,165.8405
2022-01-27,162.45,163.84,158.28,159.22,121954638.0,160.544,170.3945,166.01149999999998
2022-01-28,165.71,170.35,162.8,170.33,179935660.0,162.128,170.001,166.35
2022-01-31,170.16,175.0,169.51,174.78,115541590.0,164.76,169.86149999999998,166.73816666666667
2022-02-01,174.01,174.84,172.31,174.61,86213911.0,167.726,169.4915,167.13233333333335
2022-02-02,174.75,175.88,173.33,175.84,84914256.0,170.95600000000002,169.29850000000002,167.54166666666666
2022-02-03,174.48,176.24,172.12,172.9,89418074.0,173.692,169.19750000000002,167.91600000000003
2022-02-04,171.68,174.1,170.68,172.39,82465400.0,174.10399999999998,169.217,168.27566666666664
2022-02-07,172.86,173.95,170.95,171.66,77251204.0,173.48,169.1915,168.6713333333333
2022-02-08,171.73,175.35,171.43,174.83,74829217.0,173.524,169.32350000000002,169.12066666666666
2022-02-09,176.05,176.65,174.9,176.28,71285038.0,173.612,169.3835,169.55883333333335
2022-02-10,174.14,175.48,171.55,172.12,90865899.0,173.456,169.213,169.92749999999998
2022-02-11,172.33,173.08,168.04,168.64,98670687.0,172.706,169.0355,170.22150000000002
2022-02-14,167.37,169.58,166.56,168.88,86185530.0,172.15,168.826,170.478
2022-02-15,170.97,172.95,170.25,172.79,64286320.0,171.74200000000002,168.97549999999998,170.72666666666666
2022-02-16,171.85,173.34,170.05,172.55,61177398.0,170.996,169.29149999999998,170.92666666666668
2022-02-17,171.03,171.91,168.47,168.88,69589344.0,170.348,169.51000000000002,171.05766666666668
2022-02-18,169.82,170.54,166.19,167.3,82772674.0,170.08,169.75449999999998,171.15583333333333
2022-02-22,164.98,166.69,162.15,164.32,91162758.0,169.168,169.8895,171.19549999999998
2022-02-23,165.54,166.15,159.75,160.07,90009247.0,166.62399999999997,169.90400000000002,171.24983333333333
2022-02-24,152.58,162.85,152.0,162.74,141147540.0,164.66199999999998,170.0565,171.29149999999998
2022-02-25,163.84,165.12,160.87,164.85,91974222.0,163.856,170.338,171.284
2022-02-28,163.06,165.42,162.43,165.12,95056629.0,163.42000000000002,170.07750000000001,171.28983333333335
2022-03-01,164.7,166.6,161.97,163.2,83474425.0,163.196,169.4985,171.2805
2022-03-02,164.39,167.36,162.95,166.56,79724750.0,164.494,169.096,171.35916666666668
2022-03-03,168.47,168.91,165.55,166.23,76678441.0,165.192,168.6155,171.37433333333334
2022-03-04,164.49,165.55,162.1,163.17,83819592.0,164.856,168.129,171.24083333333334
2022-03-07,163.36,165.02,159.04,159.3,96418845.0,163.692,167.47449999999998,170.97783333333334
2022-03-08,158.82,162.88,155.8,157.44,131148280.0,162.54,166.7635,170.6925
2022-03-09,161.47,163.41,159.41,162.95,91454905.0,161.818,166.1695,170.41750000000002
2022-03-10,160.2,160.39,155.98,158.52,105342033.0,160.276,165.2815,170.1305
2022-03-11,158.93,159.28,154.5,154.73,96970102.0,158.58800000000002,164.412,169.80383333333336
2022-03-14,151.45,154.12,150.1,150.62,108732111.0,156.852,163.511,169.32583333333332
2022-03-15,150.9,155.57,150.38,155.09,92964302.0,156.382,162.82150000000001,169.03966666666665
2022-03-16,157.05,160.0,154.46,159.59,102300157.0,155.70999999999998,162.1615,168.84716666666665
2022-03-17,158.61,161.0,157.63,160.62,75615376.0,156.13,161.565,168.69500000000002
2022-03-18,160.51,164.48,159.76,163.98,123511692.0,157.98,161.32,168.54483333333334
2022-03-21,163.51,166.35,163.01,165.38,95811352.0,160.932,161.224,168.37383333333335
2022-03-22,165.51,169.42,164.91,168.82,81532007.0,163.67799999999997,161.449,168.24949999999998
2022-03-23,167.99,172.64,167.65,170.21,98062674.0,165.802,161.956,168.08083333333335
2022-03-24,171.06,174.14,170.21,174.07,90131418.0,168.49200000000002,162.52249999999998,167.99383333333333
2022-03-25,173.88,175.28,172.75,174.72,80546156.0,170.64000000000001,163.01600000000002,167.91616666666667
2022-03-28,172.17,175.73,172.0,175.6,90371916.0,172.684,163.54,167.87283333333332
2022-03-29,176.69,179.01,176.34,178.96,100589440.0,174.712,164.328,167.89600000000002
2022-03-30,178.55,179.61,176.7,177.77,92633154.0,176.224,164.8885,167.8253333333333
2022-03-31,177.84,178.03,174.4,174.61,103049285.0,176.332,165.3075,167.7405
2022-04-01,174.03,174.88,171.94,174.31,78751328.0,176.25000000000003,165.8645,167.73033333333333
2022-04-04,174.57,178.49,174.44,178.44,76545983.0,176.818,166.82150000000001,167.83766666666668
2022-04-05,177.5,178.3,174.42,175.06,73401786.0,176.038,167.70250000000001,167.88583333333332
2022-04-06,172.36,173.63,170.13,171.83,89058782.0,174.85,168.1465,167.87983333333332
2022-04-07,171.16,173.36,169.85,172.14,77594650.0,174.356,168.8275,167.83083333333335
2022-04-08,171.78,171.78,169.2,170.09,76575508.0,173.512,169.5955,167.74016666666665
2022-04-11,168.71,169.03,165.5,165.75,72246706.0,170.974,170.352,167.63283333333337
2022-04-12,168.02,169.87,166.64,167.66,79265181.0,169.494,170.98049999999998,167.5426666666667
2022-04-13,167.39,171.04,166.77,170.4,70618925.0,169.20800000000003,171.52100000000002,167.55266666666665
2022-04-14,170.62,171.27,165.04,165.29,75329376.0,167.83800000000002,171.75449999999998,167.53699999999998
2022-04-18,163.92,166.6,163.57,165.07,69023941.0,166.834,171.809,167.54633333333334
2022-04-19,165.02,167.82,163.91,167.4,67723833.0,167.16400000000002,171.91000000000003,167.6295
2022-04-20,168.76,168.88,166.1,167.23,67929814.0,167.07800000000003,171.8305,167.72299999999998
2022-04-21,168.91,171.53,165.91,166.42,87227768.0,166.28199999999998,171.641,167.8336666666667
2022-04-22,166.46,167.87,161.5,161.79,84882424.0,165.582,171.027,167.86866666666666
2022-04-25,161.12,163.17,158.46,162.88,96046376.0,165.14399999999998,170.435,167.9296666666667
2022-04-26,162.25,162.34,156.72,156.8,95623240.0,163.02399999999997,169.495,167.70416666666668
2022-04-27,155.91,159.79,155.38,156.57,88063191.0,160.892,168.37550000000002,167.4006666666667
2022-04-28,159.25,164.52,158.93,163.64,130216792.0,160.33599999999998,167.669,167.21783333333332
2022-04-29,161.84,166.2,157.25,157.65,131747571.0,159.50799999999998,166.821,166.91466666666665
2022-05-02,156.71,158.23,153.27,157.96,123055265.0,158.524,166.00349999999997,166.66566666666665
2022-05-03,158.15,160.71,156.32,159.48,88966526.0,159.06,165.0555,166.4505
2022-05-04,159.67,166.48,159.26,166.02,108256503.0,160.95,164.6035,166.35649999999998
2022-05-05,163.85,164.08,154.95,156.77,130525275.0,159.576,163.8505,166.0555
2022-05-06,156.01,159.44,154.18,157.28,116124647.0,159.502,163.10750000000002,165.73883333333333
2022-05-09,154.93,155.83,151.49,152.06,131577921.0,158.322,162.206,165.4045
2022-05-10,155.52,156.74,152.93,154.51,115366736.0,157.328,161.644,165.16899999999998
2022-05-11,153.5,155.45,145.81,146.5,142689825.0,153.424,160.586,164.796
2022-05-12,142.77,146.2,138.8,142.56,182602041.0,150.58200000000002,159.19400000000002,164.29216666666665
2022-05-13,144.59,148.1,143.11,147.11,113990852.0,148.548,158.28500000000003,163.86816666666667
2022-05-16,145.55,147.52,144.18,145.54,86643781.0,147.244,157.3085,163.47916666666666
2022-05-17,148.86,149.77,146.68,149.24,78336254.0,146.19,156.4005,163.17816666666667
2022-05-18,146.85,147.36,139.9,140.82,109742890.0,145.054,155.07999999999998,162.78650000000002
2022-05-19,139.88,141.66,136.6,137.35,136095640.0,144.012,153.62650000000002,162.40783333333334
2022-05-20,139.09,140.7,132.61,137.59,137426125.0,142.108,152.41649999999998,161.9886666666667
2022-05-23,137.79,143.26,137.65,143.11,117726265.0,141.622,151.428,161.62633333333332
2022-05-24,140.81,141.97,137.33,140.36,104132746.0,139.846,150.606,161.21366666666665
2022-05-25,138.43,141.79,138.34,140.52,92482696.0,139.786,149.8035,160.8356666666667
2022-05-26,137.39,144.34,137.14,143.78,90601548.0,141.072,148.8105,160.456
2022-05-27,145.39,149.68,145.26,149.64,90978503.0,143.482,148.41,160.17950000000002
2022-05-31,149.07,150.66,146.84,148.84,103718416.0,144.628,147.954,159.9406666666667
2022-06-01,149.9,151.74,147.68,148.71,74286635.0,146.298,147.4155,159.76416666666668
2022-06-02,147.83,151.27,146.86,151.21,72348055.0,148.436,146.675,159.66033333333334
2022-06-03,146.9,147.97,144.46,145.38,88570289.0,148.756,146.10549999999998,159.36749999999998
2022-06-06,147.03,148.57,144.9,146.14,71598380.0,148.05599999999998,145.54850000000002,159.16116666666667
2022-06-07,144.35,149.0,144.1,148.71,67808150.0,148.03,145.38100000000003,159.06083333333333
2022-06-08,148.58,149.87,147.46,147.96,53950201.0,147.88,145.05349999999999,159.0165
2022-06-09,147.08,147.95,142.53,142.64,69472976.0,146.166,144.8605,158.80900000000003
2022-06-10,140.28,140.76,137.06,137.13,91566637.0,144.51600000000002,144.589,158.43466666666666
2022-06-13,132.87,135.2,131.44,131.88,122207099.0,141.66400000000002,143.8275,157.95566666666664
2022-06-14,133.13,133.89,131.48,132.76,84784326.0,138.474,143.1885,157.43533333333332
2022-06-15,134.29,137.34,132.16,135.43,91532972.0,135.968,142.498,156.93616666666668
2022-06-16,132.08,132.39,129.04,130.06,107961508.0,133.452,141.95999999999998,156.29016666666666
2022-06-17,130.07,133.08,129.81,131.56,134520290.0,132.33800000000002,141.6705,155.64600000000002
2022-06-21,133.42,137.06,133.32,135.87,81000488.0,133.13600000000002,141.5845,155.00933333333333
2022-06-22,134.79,137.76,133.91,135.35,73409234.0,133.654,141.19650000000001,154.35316666666668
2022-06-23,136.82,138.59,135.63,138.27,72433768.0,134.22199999999998,141.092,153.73100000000002
2022-06-24,139.9,141.91,139.77,141.66,89116837.0,136.542,141.149,153.10933333333332
2022-06-27,142.69,143.49,140.97,141.66,70207908.0,138.562,141.04299999999998,152.50750000000002
2022-06-28,142.13,143.42,137.32,137.44,67315328.0,138.87600000000003,140.433,151.888
2022-06-29,137.46,140.67,136.67,139.23,66242411.0,139.652,139.9525,151.30333333333334
2022-06-30,137.25,138.37,133.77,136.72,98964467.0,139.342,139.353,150.608
2022-07-01,136.04,139.04,135.66,138.93,71051552.0,138.796,138.73899999999998,150.00583333333333
2022-07-05,137.77,141.61,136.93,141.56,73429641.0,138.776,138.548,149.50133333333332
2022-07-06,141.35,144.12,141.08,142.92,74064254.0,139.872,138.387,149.01433333333333
2022-07-07,143.29,146.55,143.28,146.35,66253709.0,141.296,138.26899999999998,148.61866666666666
2022-07-08,145.26,147.55,145.0,147.04,64547798.0,143.35999999999999,138.223,148.30683333333334
2022-07-11,145.67,146.64,143.78,144.87,63305113.0,144.54799999999997,138.3345,147.927
2022-07-12,145.76,148.45,145.05,145.86,77588759.0,145.408,138.77100000000002,147.518
2022-07-13,142.99,146.45,142.12,145.49,71185560.0,145.922,139.4515,147.18800000000002
2022-07-14,144.08,148.95,143.25,148.47,78140744.0,146.346,140.237,146.91133333333332
2022-07-15,149.78,150.86,148.2,150.17,76259931.0,146.972,140.974,146.62416666666664
2022-07-18,150.74,151.57,146.7,147.07,81420868.0,147.412,141.8245,146.28816666666668
2022-07-19,147.92,151.23,146.91,151.0,82982367.0,148.44,142.7965,146.03116666666668
2022-07-20,151.12,153.72,150.37,153.04,64823413.0,149.95,143.655,145.88533333333334
2022-07-21,154.5,155.57,151.94,155.35,65086636.0,151.326,144.655,145.75983333333335
2022-07-22,155.39,156.28,153.41,154.09,66675408.0,152.10999999999999,145.446,145.7146666666667
2022-07-25,154.01,155.04,152.28,152.95,53623945.0,153.286,146.0105,145.65433333333334
2022-07-26,152.26,153.09,150.8,151.6,55138691.0,153.406,146.5075,145.45366666666666
2022-07-27,152.58,157.33,152.16,156.79,78620688.0,154.156,147.475,145.43933333333334
2022-07-28,156.98,157.64,154.41,157.35,81378731.0,154.55599999999998,148.381,145.42916666666667
2022-07-29,161.24,163.63,159.5,162.51,101786860.0,156.24,149.6705,145.47966666666665
2022-08-01,161.01,163.59,160.89,161.51,67829379.0,157.952,150.7995,145.40449999999998
2022-08-02,160.1,162.41,159.63,160.01,59907025.0,159.634,151.722,145.45850000000002
2022-08-03,160.84,166.59,160.75,166.13,82507488.0,161.502,152.8825,145.60600000000002
2022-08-04,166.01,167.19,164.43,165.81,55474144.0,163.194,153.8555,145.83516666666668
2022-08-05,163.21,165.85,163.0,165.35,56696985.0,163.762,154.77100000000002,146.01583333333335
2022-08-08,166.37,167.81,164.2,164.87,60362338.0,164.434,155.771,146.322
2022-08-09,164.02,165.82,163.25,164.92,63135503.0,165.416,156.724,146.69466666666668
2022-08-10,167.68,169.34,166.9,169.24,70170540.0,166.03799999999998,157.9115,147.0635
2022-08-11,170.06,170.99,168.19,168.49,57149159.0,166.574,158.9125,147.44599999999997
2022-08-12,169.82,172.17,169.4,172.1,68039382.0,167.924,160.009,147.82699999999997
2022-08-15,171.52,173.39,171.35,173.19,54091694.0,169.58800000000002,161.315,148.3665
2022-08-16,172.78,173.71,171.66,173.03,56377050.0,171.21,162.41649999999998,148.96116666666666
2022-08-17,172.77,176.15,172.57,174.55,79542037.0,172.272,163.492,149.57716666666664
2022-08-18,173.75,174.9,173.12,174.15,62290075.0,173.404,164.432,150.0945
2022-08-19,173.03,173.74,171.31,171.52,70346295.0,173.288,165.30349999999999,150.61383333333333
2022-08-22,169.69,169.86,167.14,167.57,69026809.0,172.164,166.0345,151.06466666666665
2022-08-23,167.08,168.71,166.65,167.23,54147079.0,171.004,166.816,151.4555
2022-08-24,167.32,168.11,166.25,167.53,53841524.0,169.6,167.353,151.75366666666665
2022-08-25,168.78,170.14,168.35,170.03,51218209.0,168.77599999999998,167.98700000000002,152.10683333333333
2022-08-26,170.57,171.05,163.56,163.62,78960980.0,167.196,168.0425,152.35533333333333
2022-08-29,161.15,162.9,159.82,161.38,73313953.0,165.958,168.036,152.52483333333333
2022-08-30,162.13,162.56,157.72,158.91,77906197.0,164.294,167.981,152.75033333333334
2022-08-31,160.31,160.58,157.14,157.22,87991091.0,162.23200000000003,167.5355,152.935
2022-09-01,156.64,158.42,154.67,157.96,74229896.0,159.818,167.143,153.08916666666667
2022-09-02,159.75,160.36,154.97,155.81,76957768.0,158.25600000000003,166.666,153.22
2022-09-06,156.47,157.09,153.69,154.53,73714843.0,156.88600000000002,166.149,153.41816666666665
2022-09-07,154.82,156.67,153.61,155.96,87449574.0,156.296,165.701,153.732
2022-09-08,154.64,156.36,152.68,154.46,84923847.0,155.744,164.962,154.10833333333332
2022-09-09,155.47,157.82,154.75,157.37,68081006.0,155.62600000000003,164.406,154.51850000000002
2022-09-12,159.59,164.26,159.3,163.43,104955962.0,157.15,163.97250000000003,154.9851666666667
2022-09-13,159.9,160.54,153.37,153.84,122656614.0,157.012,163.005,155.38150000000002
2022-09-14,154.79,157.1,153.61,155.31,87965409.0,156.882,162.119,155.77733333333333
2022-09-15,154.65,155.24,151.38,152.37,90481110.0,156.464,161.01000000000002,156.05233333333337
2022-09-16,151.21,151.35,148.37,150.7,162278841.0,155.13000000000002,159.8375,156.30816666666666
2022-09-19,149.31,154.56,149.1,154.48,81474246.0,153.34,158.9855,156.57833333333332
2022-09-20,153.4,158.08,153.08,156.9,107689796.0,153.952,158.452,156.83233333333334
2022-09-21,157.34,158.74,153.6,153.72,101696790.0,153.63400000000001,157.7765,157.03333333333333
2022-09-22,152.38,154.47,150.91,152.74,86652542.0,153.708,157.037,157.28833333333333
2022-09-23,151.19,151.47,148.56,150.43,96029909.0,153.654,156.057,157.475
2022-09-26,149.66,153.77,149.64,150.77,93339409.0,152.91199999999998,155.4145,157.70916666666668
2022-09-27,152.74,154.72,149.95,151.76,84442741.0,151.884,154.9335,157.92300000000003
2022-09-28,147.64,150.64,144.84,149.84,146691387.0,151.108,154.48000000000002,158.061
2022-09-29,146.1,146.72,140.68,142.48,128138237.0,149.05599999999998,153.743,158.0536666666667
2022-09-30,141.28,143.1,138.0,138.2,124925274.0,146.60999999999999,152.755,157.91783333333333
2022-10-03,138.21,143.07,137.69,142.45,114311663.0,144.946,152.087,157.84133333333332
2022-10-04,145.03,146.22,144.26,146.1,87830064.0,143.814,151.6655,157.86183333333335
2022-10-05,144.08,147.38,143.01,146.4,79470968.0,143.126,151.1875,157.87083333333334
2022-10-06,145.81,147.54,145.22,145.43,68402169.0,143.71599999999998,150.73600000000002,157.86983333333333
2022-10-07,142.54,143.1,139.45,140.09,85925559.0,144.094,149.872,157.7301666666667
2022-10-10,140.42,141.89,138.57,140.42,74899002.0,143.688,148.7215,157.5676666666667
2022-10-11,139.9,141.35,138.22,138.98,77033672.0,142.26399999999998,147.9785,157.43283333333332
2022-10-12,139.13,140.36,138.16,138.34,70433744.0,140.652,147.13,157.22183333333334
2022-10-13,134.99,143.59,134.37,142.99,113223975.0,140.16400000000002,146.661,157.05433333333335
2022-10-14,144.31,144.52,138.19,138.38,88597969.0,139.822,146.04500000000002,156.77149999999997
2022-10-17,141.07,142.9,140.27,142.41,85250939.0,140.22,145.4415,156.57683333333333
2022-10-18,145.49,146.7,140.61,143.75,99136610.0,141.174,144.784,156.4235
2022-10-19,141.69,144.95,141.5,143.86,61758340.0,142.278,144.291,156.2945
2022-10-20,143.02,145.89,142.65,143.39,64521989.0,142.358,143.8235,156.07116666666664
2022-10-21,142.87,147.85,142.65,147.27,86548609.0,144.136,143.6655,155.90316666666666
2022-10-24,147.19,150.23,146.0,149.45,75981918.0,145.544,143.5995,155.68550000000002
2022-10-25,150.09,152.49,149.36,152.34,74732290.0,147.262,143.62849999999997,155.53266666666667
2022-10-26,150.96,151.99,148.04,149.35,88436172.0,148.35999999999999,143.60399999999998,155.35500000000002
2022-10-27,148.07,149.05,144.13,144.8,109180150.0,148.642,143.72,154.99949999999998
2022-10-28,148.2,157.5,147.82,155.74,164762371.0,150.336,144.597,154.83166666666665
2022-10-31,153.16,154.24,151.92,153.34,97943171.0,151.11399999999998,145.1415,154.6315
2022-11-01,155.08,155.45,149.13,150.65,80379345.0,150.776,145.369,154.3945
2022-11-02,148.95,152.17,145.0,145.03,93604623.0,149.912,145.3005,154.06300000000002
2022-11-03,142.06,142.8,138.75,138.88,97918516.0,148.728,144.973,153.557
2022-11-04,142.09,142.67,134.38,138.38,140814796.0,145.256,144.8875,153.05516666666668
2022-11-07,137.11,139.15,135.67,138.92,83374628.0,142.372,144.8125,152.50216666666668
2022-11-08,140.41,141.43,137.49,139.5,89908477.0,140.142,144.8385,151.9406666666667
2022-11-09,138.5,138.55,134.59,134.87,74917794.0,138.10999999999999,144.665,151.30466666666663
2022-11-10,141.24,146.87,139.5,146.87,118854028.0,139.708,144.859,150.84333333333333
2022-11-11,145.82,150.01,144.37,149.7,93979665.0,141.972,145.425,150.43583333333333
2022-11-14,148.97,150.28,147.43,148.28,73374114.0,143.844,145.7185,150.0485
2022-11-15,152.22,153.59,148.56,150.04,89868332.0,145.952,146.03300000000002,149.75633333333334
2022-11-16,149.13,149.87,147.29,148.79,64218266.0,148.73600000000002,146.2795,149.449
2022-11-17,146.43,151.48,146.15,150.72,80389400.0,149.506,146.64600000000002,149.1688333333333
2022-11-18,152.31,152.7,149.97,151.29,74829573.0,149.82399999999998,146.847,148.85649999999998
2022-11-21,150.16,150.37,147.72,148.01,58724070.0,149.76999999999998,146.775,148.59633333333335
2022-11-22,148.13,150.42,146.93,150.18,51804132.0,149.798,146.667,148.40966666666665
2022-11-23,149.45,151.83,149.34,151.07,58301395.0,150.254,146.753,148.279
2022-11-25,148.31,148.88,147.12,148.11,35195860.0,149.73200000000003,146.9185,148.12716666666665
2022-11-28,145.14,146.64,143.38,144.22,69346522.0,148.318,146.3425,147.89816666666667
2022-11-29,144.29,144.81,140.36,141.17,83763803.0,146.95,145.734,147.65416666666667
2022-11-30,141.4,148.72,140.55,148.03,111380880.0,146.52,145.603,147.54583333333332
2022-12-01,148.21,149.13,146.61,148.31,71250416.0,145.968,145.767,147.41833333333335
2022-12-02,145.96,148.0,145.65,147.81,65447446.0,145.90800000000002,146.2135,147.3075
2022-12-05,147.77,150.92,145.77,146.63,68826442.0,146.39000000000001,146.626,147.12849999999997
2022-12-06,147.08,147.3,141.92,142.91,64727186.0,146.738,146.8255,146.7865
2022-12-07,142.19,143.37,140.0,140.94,69721094.0,145.32,146.89749999999998,146.5715
2022-12-08,142.36,143.52,141.1,142.65,62128338.0,144.18800000000002,147.2865,146.36049999999997
2022-12-09,142.34,145.57,140.9,142.16,76097011.0,143.058,147.051,146.1903333333333
2022-12-12,142.7,144.5,141.06,144.49,70462654.0,142.63,146.7905,146.08683333333335
2022-12-13,149.5,149.97,144.24,145.47,93886161.0,143.142,146.64999999999998,145.93666666666667
2022-12-14,145.35,146.66,141.16,143.21,82291182.0,143.596,146.30849999999998,145.7085
2022-12-15,141.11,141.8,136.03,136.5,98931907.0,142.36599999999999,145.694,145.42149999999998
2022-12-16,136.69,137.65,133.73,134.51,160156900.0,140.836,144.8835,145.11766666666665
2022-12-19,135.11,135.2,131.32,132.37,79592614.0,138.41199999999998,143.9375,144.81666666666666
2022-12-20,131.39,133.25,129.89,132.3,77432819.0,135.778,143.152,144.5088333333333
2022-12-21,132.98,136.81,132.75,135.45,85927993.0,134.22600000000003,142.4155,144.237
2022-12-22,134.35,134.56,130.3,132.23,77852108.0,133.372,141.4735,143.9435
2022-12-23,130.92,132.42,129.64,131.86,63814893.0,132.84199999999998,140.661,143.7665
2022-12-27,131.38,131.41,128.72,130.03,69007830.0,132.37399999999997,139.95149999999998,143.63033333333334
2022-12-28,129.67,131.03,125.87,126.04,85438391.0,131.122,139.195,143.35683333333333
2022-12-29,127.99,130.48,127.73,129.61,75703710.0,129.954,138.274,143.082
2022-12-30,128.41,129.95,127.43,129.93,77034209.0,129.494,137.35500000000002,142.8075
2023-01-03,130.28,130.9,124.17,125.07,112117471.0,128.13600000000002,136.21800000000002,142.46816666666666
2023-01-04,126.89,128.66,125.08,126.36,89113633.0,127.402,135.2045,142.23933333333332
2023-01-05,127.13,127.77,124.76,125.02,80962708.0,127.19800000000001,134.31,141.98266666666666
2023-01-06,126.01,130.29,124.89,129.62,87754715.0,127.2,133.744,141.82666666666668
2023-01-09,130.47,133.41,129.89,130.15,70790813.0,127.244,133.119,141.69016666666667
2023-01-10,130.26,131.26,128.12,130.73,63896155.0,128.376,132.5475,141.48583333333332
2023-01-11,131.25,133.51,130.46,133.49,69458949.0,129.802,131.9975,141.40433333333334
2023-01-12,133.88,134.26,131.44,133.41,71379648.0,131.48,131.39450000000002,141.25433333333334
2023-01-13,132.03,134.92,131.66,134.76,57809719.0,132.50799999999998,130.972,141.1045
2023-01-17,134.83,137.29,134.13,135.94,63646627.0,133.666,130.94400000000002,140.9725
2023-01-18,136.82,138.61,135.03,135.21,69672800.0,134.56199999999998,130.97899999999998,140.83616666666666
2023-01-19,134.08,136.25,133.77,135.27,58280413.0,134.918,131.124,140.63616666666667
2023-01-20,135.28,138.02,134.22,137.87,80223626.0,135.81,131.40249999999997,140.44316666666666
2023-01-23,138.12,143.32,137.9,141.11,81760313.0,137.08,131.6855,140.25599999999997
2023-01-24,140.31,143.16,140.3,142.53,66435142.0,138.398,132.2005,140.1423333333333
2023-01-25,140.89,142.43,138.81,141.86,65799349.0,139.728,132.7005,140.09333333333333
2023-01-26,143.17,144.25,141.9,143.96,54105068.0,141.466,133.397,139.897
2023-01-27,143.16,147.23,143.08,145.93,70555843.0,143.078,134.3915,139.77349999999998
2023-01-30,144.96,145.55,142.85,143.0,64015274.0,143.456,135.061,139.64600000000002
2023-01-31,142.7,144.34,142.28,144.29,65874459.0,143.808,135.779,139.63366666666667
2023-02-01,143.97,146.61,141.32,145.43,77663633.0,144.522,136.797,139.74283333333332
2023-02-02,148.9,151.18,148.17,150.82,118338980.0,145.894,138.02,139.95016666666666
2023-02-03,148.03,157.38,147.83,154.5,154357337.0,147.608,139.494,140.20983333333334
2023-02-06,152.58,153.1,150.78,151.73,69858306.0,149.35399999999998,140.5995,140.41366666666667
2023-02-07,150.64,155.23,150.64,154.65,83322551.0,151.42600000000002,141.8245,140.74333333333334
2023-02-08,153.88,154.58,151.17,151.92,64120079.0,152.724,142.884,140.8275
2023-02-09,153.78,154.33,150.42,150.87,56007143.0,152.73399999999998,143.753,140.84700000000004
2023-02-10,149.46,151.34,149.22,151.01,57450708.0,152.036,144.63299999999998,140.89249999999998
2023-02-13,150.95,154.26,150.92,153.85,62199013.0,152.45999999999998,145.5875,140.956
2023-02-14,152.12,153.77,150.86,153.2,61707573.0,152.17,146.4505,141.0295
2023-02-15,153.11,155.5,152.88,155.33,65669252.0,152.852,147.4565,141.10633333333334
2023-02-16,153.51,156.33,153.35,153.71,68167942.0,153.42,148.3785,141.14666666666665
2023-02-17,152.35,153.0,150.85,152.55,59144118.0,153.728,149.1125,141.22233333333332
2023-02-21,150.2,151.3,148.41,148.48,58867230.0,152.654,149.481,141.194
2023-02-22,148.87,149.95,147.16,148.91,51011305.0,151.796,149.8,141.158
2023-02-23,150.09,150.34,147.24,149.4,48394249.0,150.60999999999999,150.17700000000002,141.17950000000002
2023-02-24,147.11,147.19,145.72,146.71,55469606.0,149.20999999999998,150.3145,141.221
2023-02-27,147.71,149.17,147.45,147.92,44998470.0,148.284,150.414,141.33350000000002
2023-02-28,147.05,149.08,146.83,147.41,50546998.0,148.07,150.6345,141.32316666666668
2023-03-01,146.83,147.23,145.01,145.31,55478991.0,147.35,150.6855,141.27316666666667
2023-03-02,144.38,146.71,143.9,145.91,52279761.0,146.652,150.7095,141.2415
2023-03-03,148.05,151.11,147.33,151.03,70732297.0,147.516,150.72,141.31483333333335
2023-03-06,153.79,156.3,153.46,153.83,87558028.0,148.698,150.6865,141.4968333333333
2023-03-07,153.7,154.03,151.13,151.6,56182028.0,149.536,150.68,141.67450000000002
2023-03-08,152.81,153.47,151.83,152.87,47204791.0,151.048,150.59099999999998,141.84483333333336
2023-03-09,153.56,154.54,150.23,150.59,53833582.0,151.984,150.52450000000002,141.98533333333333
2023-03-10,150.21,150.94,147.61,148.5,68572400.0,151.478,150.406,142.05216666666666
2023-03-13,147.81,153.14,147.7,150.47,84457122.0,150.80599999999998,150.379,142.13549999999998
2023-03-14,151.28,153.4,150.1,152.59,73695893.0,151.004,150.316,142.29183333333333
2023-03-15,151.19,153.25,149.92,152.99,77167866.0,151.028,150.3055,142.5666666666667
2023-03-16,152.16,156.46,151.64,155.85,76254419.0,152.07999999999998,150.3315,142.92233333333334
2023-03-17,156.08,156.74,154.28,155.0,98944633.0,153.38,150.39600000000002,143.2995
2023-03-20,155.07,157.82,154.15,157.4,73641415.0,154.76600000000002,150.6385,143.71783333333335
2023-03-21,157.32,159.4,156.54,159.28,73938285.0,156.10399999999998,151.1785,144.11499999999998
2023-03-22,159.3,162.14,157.81,157.83,75701811.0,157.072,151.62449999999998,144.54166666666666
2023-03-23,158.83,161.55,157.68,158.93,67622060.0,157.68800000000002,152.101,144.99283333333332
2023-03-24,158.86,160.34,157.85,160.25,59256343.0,158.738,152.77800000000002,145.49650000000003
2023-03-27,159.94,160.77,157.87,158.28,52390266.0,158.91400000000002,153.296,146.03383333333335
2023-03-28,157.97,158.49,155.98,157.65,45992152.0,158.588,153.808,146.50116666666665
2023-03-29,159.37,161.05,159.35,160.77,51305691.0,159.17600000000002,154.581,147.01516666666666
2023-03-30,161.53,162.47,161.27,162.36,49501689.0,159.862,155.4035,147.63666666666666
2023-03-31,162.44,165.0,161.91,164.9,68749792.0,160.792,156.097,148.27900000000002
2023-04-03,164.27,166.29,164.22,166.17,56976187.0,162.37,156.714,148.96483333333333
2023-04-04,166.6,166.84,165.11,165.63,46278295.0,163.966,157.4155,149.565
2023-04-05,164.74,165.05,161.8,163.76,51511744.0,164.564,157.96,150.12516666666667
2023-04-06,162.43,164.96,162.0,164.66,45390123.0,165.024,158.6635,150.6906666666667
2023-04-10,161.42,162.03,160.08,162.03,47716882.0,164.45,159.34,151.16633333333337
2023-04-11,162.35,162.36,160.51,160.8,47644217.0,163.376,159.8565,151.62283333333335
2023-04-12,161.22,162.06,159.78,160.1,50133062.0,162.27,160.232,152.0451666666667
2023-04-13,161.63,165.8,161.42,165.56,68445649.0,162.63,160.8605,152.53883333333334
2023-04-14,164.59,166.32,163.82,165.21,49386480.0,162.74,161.3285,153.03883333333337
2023-04-17,165.09,165.39,164.03,165.23,41516217.0,163.38000000000002,161.83999999999997,153.53816666666668
2023-04-18,166.1,167.41,165.65,166.47,49923008.0,164.51399999999998,162.2935,154.0148333333333
2023-04-19,165.8,168.16,165.54,167.63,47720166.0,166.01999999999998,162.711,154.45683333333335
2023-04-20,166.09,167.87,165.56,166.65,52456377.0,166.238,163.152,154.85883333333334
2023-04-21,165.05,166.45,164.49,165.02,58337341.0,166.2,163.4565,155.2448333333333
2023-04-24,165.0,165.6,163.89,165.33,41949581.0,166.22,163.7105,155.60100000000003
2023-04-25,165.19,166.31,163.73,163.77,48714063.0,165.68,163.985,155.89833333333334
2023-04-26,163.06,165.28,162.8,163.76,45498796.0,164.906,164.2905,156.24433333333334
2023-04-27,165.19,168.56,165.19,168.41,64902329.0,165.25799999999998,164.6725,156.6463333333333
2023-04-28,168.49,169.85,167.88,169.68,55275851.0,166.19,165.0385,157.0505
2023-05-01,169.28,170.45,168.64,169.59,52472936.0,167.042,165.273,157.36333333333332
2023-05-02,170.09,170.35,167.54,168.54,48425696.0,167.996,165.3915,157.59733333333332
2023-05-03,169.5,170.92,167.16,167.45,65136018.0,168.73399999999998,165.48250000000002,157.85933333333332
2023-05-04,164.89,167.04,164.31,165.79,81235427.0,168.20999999999998,165.584,158.04500000000002
2023-05-05,170.98,174.3,170.76,173.57,113453171.0,168.988,166.0295,158.40583333333333
2023-05-08,172.48,173.85,172.11,173.5,55962793.0,169.76999999999998,166.603,158.783
2023-05-09,173.05,173.54,171.6,171.77,45326874.0,170.416,167.1515,159.12900000000002
2023-05-10,173.02,174.03,171.9,173.56,53724501.0,171.638,167.8245,159.4575
2023-05-11,173.85,174.59,172.17,173.75,49514676.0,173.23000000000002,168.23399999999998,159.8
2023-05-12,173.62,174.06,171.0,172.57,45533138.0,173.03,168.60200000000003,160.08733333333333
2023-05-15,173.16,173.21,171.47,172.07,37266659.0,172.744,168.94400000000002,160.39333333333335
2023-05-16,171.99,173.14,171.8,172.07,42110293.0,172.804,169.224,160.71866666666665
2023-05-17,171.71,172.93,170.42,172.69,57951604.0,172.63,169.477,161.12216666666666
2023-05-18,173.0,175.24,172.58,175.05,65496657.0,172.89,169.897,161.55783333333332
2023-05-19,176.39,176.39,174.94,175.16,55809475.0,173.408,170.40400000000002,161.9871666666667
2023-05-22,173.98,174.71,173.45,174.2,43570932.0,173.834,170.8475,162.4453333333333
2023-05-23,173.13,173.38,171.28,171.56,50747263.0,173.73200000000003,171.237,162.83933333333331
2023-05-24,171.09,172.42,170.52,171.84,45143488.0,173.56199999999998,171.64100000000002,163.2465
2023-05-25,172.41,173.9,171.69,172.99,56058258.0,173.15,171.86999999999998,163.70783333333333
2023-05-26,173.32,175.77,173.11,175.43,54834975.0,173.204,172.1575,164.19983333333332
2023-05-30,176.96,178.99,176.57,177.3,55964401.0,173.824,172.54299999999998,164.63766666666666
2023-05-31,177.33,179.35,176.76,177.25,99625288.0,174.962,172.9785,165.028
2023-06-01,177.7,180.12,176.93,180.09,68901809.0,176.61200000000002,173.6105,165.50283333333334
2023-06-02,181.03,181.78,179.26,180.95,61996913.0,178.204,174.36849999999998,165.97083333333333
2023-06-05,182.63,184.95,178.04,179.58,121946497.0,179.034,174.669,166.454
2023-06-06,179.97,180.12,177.43,179.21,64848374.0,179.416,174.9545,166.96583333333334
2023-06-07,178.44,181.21,177.32,177.82,61944615.0,179.53000000000003,175.257,167.42166666666668
2023-06-08,177.9,180.84,177.46,180.57,50214881.0,179.626,175.60750000000002,167.888
2023-06-09,181.5,182.23,180.63,180.96,48899973.0,179.62800000000001,175.96800000000002,168.35416666666666
2023-06-12,181.27,183.89,180.97,183.79,54754995.0,180.47,176.529,168.81983333333335
2023-06-13,182.8,184.15,182.44,183.31,54929129.0,181.29000000000002,177.091,169.29166666666666
2023-06-14,183.37,184.39,182.02,183.95,57462882.0,182.51600000000002,177.685,169.73416666666665
2023-06-15,183.96,186.52,183.78,186.01,65433166.0,183.60399999999998,178.351,170.1796666666667
2023-06-16,186.73,186.99,184.27,184.92,101256225.0,184.396,178.8445,170.63116666666667
2023-06-20,184.41,186.1,184.41,185.01,49799092.0,184.64,179.337,171.06583333333336
2023-06-21,184.9,185.41,182.59,183.96,49515697.0,184.76999999999998,179.825,171.46099999999998
2023-06-22,183.74,187.05,183.67,187.0,51245327.0,185.38,180.597,171.93966666666665
2023-06-23,185.55,187.56,185.01,186.68,53116996.0,185.51399999999998,181.339,172.4235
2023-06-26,186.83,188.05,185.23,185.27,48088661.0,185.584,181.953,172.83183333333332
2023-06-27,185.89,188.39,185.67,188.06,50730846.0,186.19400000000002,182.5845,173.26016666666666
2023-06-28,187.93,189.9,187.6,189.25,51216801.0,187.252,183.18200000000002,173.666
2023-06-29,189.08,190.07,188.94,189.59,46347308.0,187.77,183.799,174.05633333333336
2023-06-30,191.63,194.48,191.26,193.97,85213216.0,189.228,184.493,174.52866666666665
2023-07-03,193.78,193.88,191.76,192.46,31458200.0,190.666,185.06850000000003,175.007
2023-07-05,191.57,192.98,190.62,191.33,46920261.0,191.32,185.656,175.4515
2023-07-06,189.84,192.02,189.2,191.81,45156009.0,191.83200000000002,186.286,175.9478333333333
2023-07-07,191.41,192.67,190.24,190.68,46814998.0,192.05,186.929,176.44583333333333
2023-07-10,189.26,189.99,187.04,188.61,59922163.0,190.978,187.331,176.921
2023-07-11,189.16,189.3,186.6,188.08,46638119.0,190.10200000000003,187.68699999999998,177.29633333333334
2023-07-12,189.68,191.7,188.47,189.77,60750248.0,189.79000000000002,187.986,177.70566666666664
2023-07-13,190.5,191.19,189.78,190.54,41342338.0,189.536,188.3475,178.1275
2023-07-14,190.23,191.18,189.63,190.69,41616242.0,189.538,188.6845,178.53116666666668
2023-07-17,191.9,194.32,191.81,193.99,50520159.0,190.614,189.08350000000002,178.9705
2023-07-18,193.35,194.33,192.42,193.73,48353774.0,191.744,189.524,179.42183333333332
2023-07-19,193.1,198.23,192.65,195.1,80507323.0,192.81,190.0285,179.92316666666667
2023-07-20,195.09,196.47,192.5,193.13,59581196.0,193.32800000000003,190.48700000000002,180.38649999999998
2023-07-21,194.1,194.97,191.23,191.94,71951683.0,193.578,190.734,180.85600000000002
2023-07-24,193.41,194.91,192.25,192.75,45505097.0,193.32999999999998,191.0375,181.33916666666667
2023-07-25,193.33,194.44,192.92,193.62,37283201.0,193.308,191.455,181.75933333333336
2023-07-26,193.67,195.64,193.32,194.5,47471868.0,193.18800000000002,191.777,182.17300000000003
2023-07-27,196.02,197.2,192.55,193.22,47460180.0,193.206,191.97549999999998,182.56683333333334
2023-07-28,194.67,196.63,194.14,195.83,48291443.0,193.984,192.2875,183.02166666666665
2023-07-31,196.06,196.49,195.26,196.45,38824113.0,194.724,192.4115,183.50500000000002
2023-08-01,196.24,196.73,195.28,195.61,35281426.0,195.122,192.56900000000002,184.00199999999998
2023-08-02,195.04,195.18,191.85,192.58,50389327.0,194.738,192.63150000000002,184.31883333333332
2023-08-03,191.57,192.37,190.69,191.17,62243282.0,194.328,192.59949999999998,184.61333333333332
2023-08-04,185.52,187.38,181.92,181.99,115956841.0,191.56,192.16500000000002,184.78366666666665
2023-08-07,182.13,183.13,177.35,178.85,97576069.0,188.04000000000002,191.677,184.8718333333333
2023-08-08,179.69,180.27,177.58,179.8,67823003.0,184.878,191.263,184.97266666666667
2023-08-09,180.87,180.93,177.01,178.19,60378492.0,182.0,190.68400000000003,185.06633333333332
2023-08-10,179.48,180.75,177.6,177.97,54686851.0,179.35999999999999,190.0555,185.16466666666668
2023-08-11,177.32,178.62,176.55,177.79,52036672.0,178.52,189.4105,185.26000000000002
2023-08-14,177.97,179.69,177.31,179.46,43675627.0,178.642,188.684,185.37283333333335
2023-08-15,178.88,179.48,177.05,177.45,43622593.0,178.172,187.86999999999998,185.41283333333334
2023-08-16,177.13,178.54,176.5,176.57,46964857.0,177.848,186.9435,185.4363333333333
2023-08-17,177.14,177.51,173.48,174.0,66062882.0,177.054,185.987,185.433
2023-08-18,172.3,175.1,171.96,174.49,61172150.0,176.394,185.11450000000002,185.48183333333336
2023-08-21,175.07,176.13,173.74,175.84,46311879.0,175.67,184.26899999999998,185.5485
2023-08-22,177.06,177.68,176.25,177.23,42084245.0,175.626,183.4495,185.6191666666667
2023-08-23,178.52,181.55,178.33,181.12,52722752.0,176.536,182.7805,185.714
2023-08-24,180.67,181.1,176.01,176.38,54945798.0,177.012,181.9385,185.69866666666667
2023-08-25,177.38,179.15,175.82,178.61,51449594.0,177.83599999999998,181.07750000000001,185.72133333333332
2023-08-28,180.09,180.59,178.55,180.19,43820697.0,178.706,180.2645,185.72299999999998
2023-08-29,179.7,184.9,179.5,184.12,53003948.0,180.084,179.69,185.77583333333334
2023-08-30,184.94,187.85,184.74,187.65,60813888.0,181.39000000000001,179.4435,185.91033333333334
2023-08-31,187.84,189.12,187.48,187.87,60794467.0,183.68800000000002,179.27849999999998,186.05466666666663
2023-09-01,189.49,189.92,188.28,189.46,45766503.0,185.858,179.652,186.24866666666668
2023-09-05,188.28,189.98,187.61,189.7,45280027.0,187.76,180.1945,186.4008333333333
2023-09-06,188.4,188.85,181.47,182.91,81755816.0,187.518,180.35,186.43333333333334
2023-09-07,175.18,178.21,173.54,177.56,112488803.0,185.5,180.3185,186.3295
2023-09-08,178.35,180.24,177.79,178.18,65602066.0,183.56199999999998,180.329,186.24400000000003
2023-09-11,180.07,180.3,177.34,179.36,58953052.0,181.54199999999997,180.4075,186.1675
2023-09-12,179.49,180.13,174.82,176.3,90370192.0,178.86200000000002,180.2495,186.00566666666666
2023-09-13,176.51,177.3,173.98,174.21,84267928.0,177.122,180.0875,185.82716666666664
2023-09-14,174.0,176.1,173.58,175.74,60895757.0,176.75799999999998,180.046,185.67266666666666
2023-09-15,176.48,176.5,173.82,175.01,109259461.0,176.12400000000002,180.09650000000002,185.52349999999998
2023-09-18,176.48,179.38,176.17,177.97,67257573.0,175.846,180.2705,185.37300000000002
2023-09-19,177.52,179.63,177.13,179.07,51826941.0,176.4,180.43200000000002,185.24616666666668
2023-09-20,179.26,179.7,175.4,175.49,58436181.0,176.656,180.345,185.08316666666667
2023-09-21,174.55,176.3,173.86,173.93,63149116.0,176.29399999999998,179.9855,184.84766666666667
2023-09-22,174.67,177.08,174.05,174.79,56725385.0,176.25,179.906,184.60666666666665
2023-09-25,174.2,176.97,174.15,176.08,46172740.0,175.872,179.7795,184.3815
2023-09-26,174.82,175.2,171.66,171.96,64588945.0,174.45,179.368,184.01466666666667
2023-09-27,172.62,173.04,169.05,170.43,66921808.0,173.43800000000002,178.6835,183.6475
2023-09-28,169.34,172.03,167.62,170.69,56294419.0,172.79000000000002,177.8355,183.30349999999999
2023-09-29,172.02,173.07,170.34,171.21,51861083.0,172.074,177.0025,182.96016666666668
2023-10-02,171.22,174.3,170.93,173.75,52164535.0,171.608,176.217,182.678
2023-10-03,172.26,173.63,170.82,172.4,49594613.0,171.696,175.35200000000003,182.40783333333331
2023-10-04,171.09,174.21,170.97,173.66,53020286.0,172.34199999999998,174.8895,182.1675
2023-10-05,173.79,175.45,172.68,174.91,48527918.0,173.186,174.757,181.91983333333334
2023-10-06,173.8,177.99,173.18,177.49,57266675.0,174.442,174.72250000000003,181.7023333333333
2023-10-09,176.81,179.05,175.8,178.99,42390772.0,175.49,174.704,181.50733333333332
2023-10-10,178.1,179.72,177.95,178.39,43698019.0,176.68800000000002,174.8085,181.24733333333333
2023-10-11,178.2,179.85,177.6,179.8,47551098.0,177.916,175.088,181.01516666666666
2023-10-12,180.07,182.34,179.04,180.71,56743119.0,179.07600000000002,175.3365,180.77533333333335
2023-10-13,181.42,181.93,178.14,178.85,51456082.0,179.348,175.52849999999998,180.53733333333332
2023-10-16,176.75,179.08,176.51,178.72,52516984.0,179.294,175.566,180.317
2023-10-17,176.65,178.42,174.8,177.15,57549350.0,179.046,175.47,180.057
2023-10-18,175.58,177.58,175.11,175.84,54764375.0,178.254,175.4875,179.76066666666665
2023-10-19,176.04,177.84,175.19,175.46,59302863.0,177.204,175.564,179.4433333333333
2023-10-20,175.31,175.42,172.64,172.88,64244028.0,176.01000000000002,175.4685,179.10433333333333
2023-10-23,170.91,174.01,169.93,173.0,55980108.0,174.866,175.3145,178.72383333333335
2023-10-24,173.05,173.67,171.45,173.44,43816509.0,174.12400000000002,175.3885,178.34033333333335
2023-10-25,171.88,173.06,170.65,171.1,57156955.0,173.176,175.422,177.93183333333334
2023-10-26,170.37,171.3775,165.67,166.89,70625251.0,171.462,175.232,177.50366666666667
2023-10-27,166.91,168.96,166.83,168.22,58499005.0,170.53,175.0825,177.12116666666668
2023-10-30,169.02,171.17,168.87,170.29,51130941.0,169.988,174.9095,176.9261666666667
2023-10-31,169.35,170.9,167.9,170.77,44845959.0,169.454,174.828,176.79149999999998
2023-11-01,171.0,174.23,170.12,173.97,56934745.0,170.028,174.8435,176.69433333333333
2023-11-02,175.52,177.78,175.46,177.57,77334576.0,172.16400000000002,174.97650000000002,176.68400000000003
2023-11-03,174.24,176.82,173.35,176.65,79829245.0,173.85,174.9345,176.66199999999998
2023-11-06,176.38,179.43,176.21,179.23,63840954.0,175.638,174.94650000000001,176.686
2023-11-07,179.18,182.44,178.97,181.82,70529898.0,177.848,175.118,176.7253333333333
2023-11-08,182.35,183.45,181.59,182.89,49340226.0,179.632,175.2725,176.816
2023-11-09,182.96,184.12,181.81,182.41,53762757.0,180.6,175.35750000000002,176.91333333333336
2023-11-10,183.97,186.565,183.53,186.4,66177922.0,182.55,175.735,177.12
2023-11-13,185.82,186.03,184.21,184.8,43627292.0,183.664,176.039,177.2918333333333
2023-11-14,187.7,188.11,186.3,187.44,60108352.0,184.788,176.55349999999999,177.4851666666667
2023-11-15,187.845,189.5,187.78,188.01,53790272.0,185.812,177.162,177.66483333333332
2023-11-16,189.57,190.96,188.65,189.71,54412623.0,187.27200000000002,177.8745,177.80800000000002
2023-11-17,190.25,190.38,188.57,189.69,50941404.0,187.93,178.715,178.02983333333333
2023-11-20,189.89,191.905,189.88,191.45,46538598.0,189.26,179.6375,178.24383333333336
2023-11-21,191.41,191.52,189.74,190.64,38134485.0,189.9,180.4975,178.418
2023-11-22,191.49,192.93,190.825,191.31,39630010.0,190.56,181.50799999999998,178.5378333333333
2023-11-24,190.87,190.9,189.25,189.97,23918892.0,190.612,182.662,178.5765
2023-11-27,189.92,190.67,188.9,189.79,40552608.0,190.632,183.7405,178.6085
2023-11-28,189.78,191.08,189.4,190.4,38415419.0,190.422,184.746,178.62416666666667
2023-11-29,190.9,192.09,188.97,189.37,43014224.0,190.168,185.676,178.61866666666666
2023-11-30,189.84,190.32,188.19,189.95,48794365.0,189.89600000000002,186.475,178.736
2023-12-01,190.33,191.56,189.23,191.24,45704812.0,190.15,187.1585,178.964
2023-12-04,189.98,190.05,187.4511,189.43,43389452.0,190.078,187.79749999999999,179.1515
2023-12-05,190.21,194.4,190.18,193.42,66628301.0,190.68200000000002,188.507,179.38583333333335
2023-12-06,194.45,194.76,192.11,192.32,41089617.0,191.272,189.032,179.65283333333335
2023-12-07,193.63,195.0,193.59,194.27,47477600.0,192.136,189.601,179.9871666666667
2023-12-08,194.2,195.99,193.67,195.71,53406187.0,193.03,190.266,180.32000000000002
2023-12-11,193.11,193.49,191.42,193.18,60943541.0,193.78000000000003,190.605,180.62283333333335
2023-12-12,193.08,194.72,191.721,194.71,52696829.0,194.03799999999998,191.1005,180.90183333333331
2023-12-13,195.09,198.0,194.85,197.96,70404177.0,195.166,191.62650000000002,181.21666666666667
2023-12-14,198.02,199.62,196.16,198.11,66831470.0,195.93400000000003,192.13150000000002,181.59366666666665
2023-12-15,197.53,198.3999,197.0,197.57,128538401.0,196.30599999999998,192.5245,181.98766666666668
2023-12-18,196.09,196.63,194.39,195.89,55751758.0,196.848,192.8345,182.33933333333334
2023-12-19,196.16,196.95,195.89,196.94,40713979.0,197.294,193.10899999999998,182.687
2023-12-20,196.9,197.68,194.83,194.83,52242815.0,196.668,193.3185,183.06816666666666
2023-12-21,196.1,197.08,193.5,194.68,46482437.0,195.982,193.48700000000002,183.47233333333332
2023-12-22,195.18,195.41,192.97,193.6,37149566.0,195.188,193.6685,183.85416666666666
2023-12-26,193.61,193.89,192.83,193.05,28919231.0,194.61999999999998,193.8315,184.21816666666666
2023-12-27,192.49,193.5,191.09,193.15,48087675.0,193.86200000000002,193.969,184.54149999999998
2023-12-28,194.14,194.66,193.17,193.58,34049893.0,193.612,194.17950000000002,184.8945
2023-12-29,193.9,194.4,191.725,192.53,42672148.0,193.18200000000002,194.3085,185.209
2024-01-02,187.15,188.44,183.885,185.64,82488674.0,191.59,194.02849999999998,185.38783333333333
2024-01-03,184.22,185.88,183.43,184.25,58414447.0,189.83,193.7695,185.50050000000002
2024-01-04,182.15,183.0872,180.88,181.91,71983557.0,187.582,193.19400000000002,185.54916666666668
2024-01-05,181.99,182.76,180.17,181.18,62379430.0,185.102,192.637,185.59566666666666
2024-01-08,182.085,185.6,181.5,185.56,59144244.0,183.708,192.20149999999998,185.69166666666666
2024-01-09,183.92,185.15,182.73,185.14,42841575.0,183.608,191.673,185.7655
2024-01-10,184.35,186.4,183.92,186.19,46792902.0,183.996,191.3235,185.88783333333333
2024-01-11,186.54,187.05,183.62,185.59,49128302.0,184.732,190.8675,186.00233333333333
2024-01-12,186.06,186.74,185.19,185.92,40477750.0,185.68,190.2655,186.14849999999998
2024-01-16,182.16,184.26,180.934,183.63,65602937.0,185.294,189.54149999999998,186.27833333333334
2024-01-17,181.27,182.93,180.3,182.68,47317405.0,184.802,188.797,186.39866666666666
2024-01-18,186.09,189.14,185.83,188.63,78005668.0,185.29,188.43400000000003,186.66116666666667
2024-01-19,189.33,191.95,188.82,191.56,68902893.0,186.484,188.16500000000002,186.9705
2024-01-22,192.3,195.33,192.26,193.89,60133828.0,188.07799999999997,188.118,187.3113333333333
2024-01-23,195.02,195.75,193.8299,195.18,42355537.0,190.388,188.14299999999997,187.71266666666668
2024-01-24,195.42,196.38,194.34,194.5,53631306.0,192.752,188.18800000000002,188.17283333333333
2024-01-25,195.22,196.2675,193.1125,194.17,54822126.0,193.85999999999999,188.24399999999997,188.60533333333333
2024-01-26,194.27,194.76,191.94,192.42,44593815.0,194.032,188.2075,188.97416666666666
2024-01-29,192.01,192.2,189.58,191.73,47145335.0,193.59999999999997,188.11499999999998,189.3235
2024-01-30,190.94,191.8,187.47,188.04,55859113.0,192.17199999999997,187.8905,189.558
2024-01-31,187.04,187.095,184.35,184.4,55467788.0,190.152,187.82850000000002,189.67183333333332
2024-02-01,183.985,186.95,183.82,186.86,64885308.0,188.69,187.959,189.842
2024-02-02,179.86,187.33,179.25,185.85,102551492.0,187.37599999999998,188.156,189.95233333333334
2024-02-05,188.15,189.25,185.84,187.68,69668790.0,186.566,188.481,190.05
2024-02-06,186.86,189.31,186.7695,189.3,43490752.0,186.81799999999998,188.668,190.15683333333334
2024-02-07,190.64,191.05,188.61,189.41,53438919.0,187.82,188.88150000000002,190.27349999999998
2024-02-08,189.385,189.535,187.35,188.32,40961800.0,188.112,188.988,190.3055
2024-02-09,188.65,189.99,188.0,188.85,45155208.0,188.71200000000002,189.151,190.37300000000002
2024-02-12,188.415,188.67,186.79,187.15,41781918.0,188.606,189.2125,190.36816666666667
2024-02-13,185.77,186.21,183.5128,185.04,56529210.0,187.754,189.283,190.31866666666667
2024-02-14,185.32,185.53,182.44,184.15,54630501.0,186.702,189.3565,190.226
2024-02-15,183.55,184.49,181.35,183.86,65434476.0,185.81,189.118,190.12883333333332
2024-02-16,183.42,184.85,181.665,182.31,49752342.0,184.502,188.65550000000002,189.97650000000002
2024-02-20,181.79,182.43,180.0,181.56,53665461.0,183.38400000000001,188.03900000000002,189.82516666666666
2024-02-21,181.94,182.8888,180.66,182.32,41529506.0,182.84,187.39600000000002,189.67533333333333
2024-02-22,183.48,184.955,182.46,184.37,52292207.0,182.884,186.88950000000003,189.582
2024-02-23,185.01,185.04,182.23,182.52,45119612.0,182.61599999999999,186.30700000000002,189.46083333333337
2024-02-26,182.24,182.76,180.65,181.16,40867380.0,182.38600000000002,185.744,189.30683333333334
2024-02-27,181.1,183.9225,179.56,182.63,54318811.0,182.6,185.28900000000002,189.1945
2024-02-28,182.51,183.12,180.13,181.42,48953923.0,182.42000000000002,184.958,189.05233333333334
2024-02-29,181.27,182.57,179.53,180.75,136682472.0,181.696,184.77550000000002,188.8775
2024-03-01,179.55,180.53,177.38,179.66,73563079.0,181.124,184.4155,188.71466666666666
2024-03-04,176.15,176.9,173.79,175.09,81509778.0,179.91,183.8775,188.40916666666666
2024-03-05,170.76,172.04,169.62,170.12,95132254.0,177.408,182.9995,188.03916666666666
2024-03-06,171.06,171.24,168.68,169.12,68587488.0,174.948,181.9905,187.61999999999998
2024-03-07,169.15,170.73,168.49,169.0,71765061.0,172.598,180.97,187.17483333333334
2024-03-08,169.0,173.7,168.94,170.73,76266949.0,170.812,180.0905,186.80066666666664
2024-03-11,172.94,174.38,172.05,172.75,60139468.0,170.344,179.2855,186.43466666666666
2024-03-12,173.15,174.03,171.01,173.23,59824896.0,170.96599999999998,178.5895,186.0225
2024-03-13,172.77,173.185,170.76,171.13,52488383.0,171.368,177.894,185.57283333333334
2024-03-14,172.91,174.3078,172.05,173.0,72913285.0,172.16799999999998,177.3365,185.16333333333333
2024-03-15,171.17,172.62,170.285,172.62,121752612.0,172.546,176.77450000000002,184.77550000000002
2024-03-18,175.57,177.71,173.52,173.72,75604154.0,172.73999999999998,176.34499999999997,184.3885
2024-03-19,174.34,176.605,173.03,176.08,55215164.0,173.31,176.071,184.076
2024-03-20,175.72,178.67,175.09,178.67,53423022.0,174.818,175.8885,183.80916666666664
2024-03-21,177.05,177.49,170.84,171.37,106181174.0,174.492,175.2385,183.4386666666667
2024-03-22,171.76,173.05,170.06,172.28,71159977.0,174.42399999999998,174.7265,183.0925
2024-03-25,170.565,171.94,169.45,170.85,54288126.0,173.85,174.21099999999998,182.72083333333333
2024-03-26,170.0,171.42,169.58,169.71,57388243.0,172.576,173.565,182.32299999999998
2024-03-27,170.41,173.6,170.11,173.31,60273206.0,171.504,173.1595,182.00266666666667
2024-03-28,171.75,172.23,170.51,171.48,65672690.0,171.526,172.69599999999997,181.76666666666668
2024-04-01,171.19,171.25,169.48,170.03,46240500.0,171.07599999999996,172.2145,181.52966666666669
2024-04-02,169.08,169.34,168.23,168.84,49329481.0,170.674,171.902,181.31183333333334
2024-04-03,168.79,170.68,168.58,169.65,47691715.0,170.66199999999998,171.87849999999997,181.11966666666666
2024-04-04,170.29,171.92,168.82,168.82,53704386.0,169.764,171.8635,180.84066666666666
2024-04-05,169.59,170.39,168.95,169.58,42104826.0,169.38400000000001,171.89249999999998,180.58133333333333
2024-04-08,169.03,169.2,168.24,168.45,37425513.0,169.068,171.7785,180.28566666666669
2024-04-09,168.7,170.08,168.35,169.67,42451209.0,169.234,171.62449999999998,180.02033333333333
2024-04-10,168.8,169.09,167.11,167.78,49709336.0,168.85999999999999,171.352,179.718
2024-04-11,168.34,175.46,168.16,175.04,91070275.0,170.10399999999998,171.54749999999999,179.57483333333332
2024-04-12,174.26,178.36,174.21,176.55,101670886.0,171.498,171.725,179.47266666666667
2024-04-15,175.36,176.63,172.5,172.69,73531773.0,172.346,171.7285,179.207
2024-04-16,171.75,173.76,168.27,169.38,73711235.0,172.28799999999998,171.5115,178.83733333333333
2024-04-17,169.61,170.65,168.0,168.0,50901210.0,172.332,171.1075,178.40583333333333
2024-04-18,168.03,168.64,166.55,167.04,43122903.0,170.732,170.526,177.93683333333334
2024-04-19,166.21,166.4,164.08,165.0,68149377.0,168.42199999999997,170.20749999999998,177.4451666666667
2024-04-22,165.52,167.26,164.77,165.84,48116443.0,167.052,169.8855,176.973
2024-04-23,165.35,167.05,164.92,166.9,49537761.0,166.55599999999998,169.68800000000002,176.5476666666667
2024-04-24,166.54,169.3,166.21,169.02,48251835.0,166.76,169.6535,176.16916666666668
2024-04-25,169.53,170.61,168.15,169.89,50558329.0,167.33,169.48250000000002,175.86666666666667
2024-04-26,169.88,171.34,169.18,169.3,44838354.0,168.19,169.3735,175.61499999999998
2024-04-29,173.37,176.03,173.1,173.5,68169419.0,169.722,169.547,175.3923333333333
2024-04-30,173.33,174.99,170.0,170.33,65934776.0,170.40800000000002,169.6215,175.13366666666664
2024-05-01,169.58,172.71,169.11,169.3,50383147.0,170.464,169.604,174.82733333333334
2024-05-02,172.51,173.42,170.89,173.03,94214915.0,171.092,169.8145,174.55616666666666
2024-05-03,186.645,187.0,182.66,183.38,163223714.0,173.908,170.5045,174.45566666666667
2024-05-06,182.354,184.2,180.42,181.71,78569574.0,175.55,171.1675,174.3455
2024-05-07,183.45,184.9,181.32,182.4,77305341.0,177.964,171.80400000000003,174.238
2024-05-08,182.85,183.07,181.45,182.74,45056899.0,180.652,172.552,174.1645
2024-05-09,182.56,184.66,182.11,184.57,48981797.0,182.96,173.0285,174.15666666666667
2024-05-10,184.9,185.09,182.13,183.05,50759495.0,182.894,173.3535,174.13833333333332
2024-05-13,185.435,187.1,184.62,186.28,72044733.0,183.80800000000002,174.03300000000002,174.1786666666667
2024-05-14,187.51,188.3,186.29,187.43,52393609.0,184.81400000000002,174.9355,174.264
2024-05-15,187.91,190.65,187.37,189.72,70399929.0,186.20999999999998,176.0215,174.4
2024-05-16,190.47,191.095,189.6601,189.84,52845139.0,187.264,177.1615,174.52533333333335
2024-05-17,189.51,190.81,189.18,189.87,41282905.0,188.628,178.40500000000003,174.61700000000002
2024-05-20,189.325,191.9199,189.01,191.04,44361266.0,189.57999999999998,179.66500000000002,174.759
2024-05-21,191.09,192.73,190.9201,192.35,42309399.0,190.56400000000002,180.9375,174.94549999999998
2024-05-22,192.265,192.8231,190.27,190.9,34648342.0,190.8,182.0315,175.08333333333334
2024-05-23,190.98,191.0,186.625,186.88,51005905.0,190.208,182.881,175.17433333333332
2024-05-24,188.82,190.58,188.0404,189.98,36326975.0,190.23,183.915,175.32816666666668
2024-05-28,191.51,193.0,189.1,189.99,52279828.0,190.02,184.7395,175.50033333333334
2024-05-29,189.61,192.247,189.51,190.29,53068004.0,189.608,185.7375,175.75366666666665
2024-05-30,190.76,192.18,190.63,191.29,49947924.0,189.68599999999998,186.837,176.10649999999998
2024-05-31,191.44,192.57,189.91,192.25,75158276.0,190.76,187.798,176.49200000000002
2024-06-03,192.9,194.99,192.52,194.03,50080442.0,191.57,188.3305,176.9091666666667
2024-06-04,194.635,195.32,193.0342,194.35,47471127.0,192.44199999999998,188.9625,177.30283333333333
2024-06-05,195.4,196.9,194.87,195.87,54156781.0,193.558,189.636,177.6881666666667
2024-06-06,195.685,196.5,194.17,194.48,41181752.0,194.196,190.223,178.04233333333332
2024-06-07,194.65,196.94,194.14,196.89,53103885.0,195.124,190.839,178.47166666666666
2024-06-10,196.9,197.3,192.15,193.12,97262011.0,194.94199999999998,191.34250000000003,178.807
2024-06-11,193.65,207.16,193.63,207.15,172373286.0,197.502,192.386,179.3825
2024-06-12,207.37,220.2,206.9,213.07,198134281.0,200.942,193.668,180.03833333333333
2024-06-13,214.74,216.75,211.6,214.24,97862406.0,204.894,194.89399999999998,180.67433333333332
2024-06-14,213.85,215.17,211.3,212.49,70122699.0,208.01399999999998,196.0265,181.238
2024-06-17,213.37,218.95,212.72,216.67,93728290.0,212.724,197.3665,181.993
2024-06-18,217.59,218.63,213.0,214.29,79943203.0,214.152,198.529,182.69316666666666
2024-06-20,213.93,214.24,208.85,209.68,86172434.0,213.474,199.3955,183.34033333333335
2024-06-21,210.39,211.89,207.11,207.49,246421144.0,212.12399999999997,200.225,183.97
2024-06-24,207.72,212.7,206.59,208.14,80726994.0,211.254,201.28799999999998,184.55049999999997
2024-06-25,209.15,211.38,208.61,209.07,56713839.0,209.734,202.2425,185.17700000000002
2024-06-26,211.5,214.86,210.64,213.25,66212994.0,209.526,203.40550000000002,185.89733333333334
2024-06-27,214.69,215.7395,212.35,214.1,49772706.0,210.41,204.596,186.65166666666664
2024-06-28,215.77,216.07,210.3,210.62,82542718.0,211.03599999999997,205.5625,187.3345
2024-07-01,212.09,217.51,211.92,216.75,60402663.0,212.75799999999998,206.7875,188.13333333333333
2024-07-02,216.15,220.38,215.1,220.27,58045870.0,214.998,208.09949999999998,188.97816666666668
2024-07-03,220.0,221.55,219.03,221.55,37124249.0,216.658,209.4595,189.86316666666664
2024-07-05,221.65,226.45,221.65,226.34,60412394.0,219.106,210.983,190.80766666666668
2024-07-08,227.09,227.85,223.25,227.82,59085858.0,222.546,212.65,191.80833333333334
2024-07-09,227.93,229.4,226.3721,228.68,48169810.0,224.93200000000002,214.2395,192.7023333333333
2024-07-10,229.3,233.08,229.25,232.98,62627506.0,227.47400000000002,216.23250000000002,193.64283333333333
2024-07-11,231.39,232.39,225.77,227.57,64710562.0,228.67799999999997,217.25349999999997,194.55749999999998
2024-07-12,228.92,232.64,228.68,230.54,53046495.0,229.51800000000003,218.127,195.57683333333335
2024-07-15,236.48,237.23,233.09,234.4,62631251.0,230.834,219.135,196.6835
2024-07-16,235.0,236.27,232.33,234.82,43234040.0,232.06199999999998,220.25150000000002,197.81316666666666
2024-07-17,229.45,231.4599,226.64,228.88,57345884.0,231.24200000000002,220.86200000000002,198.87783333333334
2024-07-18,230.28,230.44,222.27,224.18,66034513.0,230.564,221.3565,199.85016666666667
2024-07-19,224.82,226.8,223.275,224.31,49151450.0,229.31799999999998,222.08800000000002,200.807
2024-07-22,227.01,227.78,223.09,223.96,48201644.0,227.23000000000002,222.91150000000002,201.72266666666664
2024-07-23,224.365,226.94,222.68,225.01,39960256.0,225.26799999999997,223.75500000000002,202.64133333333334
2024-07-24,224.0,224.8,217.13,218.54,61777333.0,223.2,224.22850000000003,203.46200000000002
2024-07-25,218.93,220.85,214.62,217.49,51390839.0,221.862,224.44050000000001,204.1951666666667
2024-07-26,218.7,219.49,216.01,217.96,41601145.0,220.592,224.6335,204.989
2024-07-29,216.96,219.3,215.75,218.24,36311778.0,219.448,225.0145,205.80466666666663
2024-07-30,219.19,220.325,216.12,218.8,41643559.0,218.206,225.11700000000002,206.56750000000002
2024-07-31,221.44,223.82,220.63,222.08,50036262.0,218.914,225.20749999999998,207.2125
2024-08-01,224.37,224.48,217.02,218.36,62500976.0,219.08800000000002,225.048,207.82333333333335
2024-08-02,219.15,225.6,217.71,219.86,105568452.0,219.468,224.72400000000002,208.44766666666663
2024-08-05,199.09,213.5,196.0,209.27,119548525.0,217.67399999999998,223.79649999999998,208.8898333333333
2024-08-06,205.3,209.99,201.07,207.23,69660455.0,215.35999999999999,222.72400000000002,209.26749999999998
2024-08-07,206.9,213.64,206.39,209.82,63516009.0,212.908,221.56599999999997,209.71366666666665
2024-08-08,213.11,214.2,208.83,213.31,47161022.0,211.898,220.853,210.16416666666666
2024-08-09,212.1,216.78,211.97,216.24,42201622.0,211.17399999999998,220.138,210.64433333333332
2024-08-12,216.07,219.5099,215.6,217.53,38028092.0,212.82600000000002,219.29450000000003,211.10783333333333
2024-08-13,219.01,221.89,219.01,221.27,44155331.0,215.63400000000001,218.61700000000002,211.63166666666666
2024-08-14,220.57,223.03,219.7,221.72,41960574.0,218.01400000000004,218.25899999999996,212.1625
2024-08-15,224.6,225.35,222.76,224.72,46413923.0,220.296,218.286,212.72383333333335
2024-08-16,223.92,226.8271,223.6501,226.05,44340011.0,222.25799999999998,218.373,213.28549999999998
2024-08-19,225.72,225.99,223.04,225.89,40687787.0,223.93,218.4695,213.86866666666668
2024-08-20,225.77,227.17,225.45,226.51,30298722.0,224.978,218.54449999999997,214.5291666666667
2024-08-21,226.52,227.98,225.05,226.4,34765326.0,225.914,218.9375,215.13616666666667
2024-08-22,227.79,228.34,223.9,224.53,43695246.0,225.87599999999998,219.2895,215.71183333333332
2024-08-23,225.6589,228.22,224.33,226.84,38677245.0,226.03400000000002,219.7335,216.321
2024-08-26,226.76,227.28,223.8905,227.18,30602162.0,226.292,220.18050000000002,216.91916666666665
2024-08-27,225.995,228.85,224.89,228.03,35934550.0,226.596,220.642,217.5155
2024-08-28,227.92,229.86,225.68,226.49,38052009.0,226.61399999999998,220.8625,218.0565
2024-08-29,230.1,232.92,228.88,229.79,51906147.0,227.666,221.43400000000003,218.64716666666666
2024-08-30,230.19,230.4,227.48,229.0,52990754.0,228.098,221.891,219.19933333333333
2024-09-03,228.55,229.0,221.17,222.77,50190496.0,227.21599999999998,222.56600000000003,219.67083333333332
2024-09-04,221.66,221.78,217.48,220.85,43840185.0,225.78000000000003,223.24699999999999,220.0701666666667
2024-09-05,221.625,225.48,221.52,222.38,36615398.0,224.958,223.875,220.55783333333332
2024-09-06,223.95,225.24,219.77,220.82,48422989.0,223.16400000000004,224.25049999999996,220.78566666666669
2024-09-09,220.82,221.27,216.71,220.91,67179964.0,221.546,224.484,220.91633333333337
2024-09-10,218.92,221.48,216.73,220.11,51590919.0,221.01399999999998,224.613,221.01416666666668
2024-09-11,221.455,223.09,217.89,222.66,44587072.0,221.37600000000003,224.68249999999998,221.18366666666665
2024-09-12,222.5,223.55,219.82,222.77,37498225.0,221.454,224.73500000000004,221.2853333333333
2024-09-13,223.58,224.04,221.91,222.5,36766529.0,221.79000000000002,224.62400000000002,221.42216666666667
2024-09-16,216.54,217.22,213.92,216.32,59357427.0,220.872,224.1375,221.53283333333331
2024-09-17,215.75,216.9,214.5,216.79,45519339.0,220.208,223.68249999999998,221.68783333333334
2024-09-18,217.55,222.71,217.54,220.69,59894927.0,219.814,223.3915,221.89700000000002
2024-09-19,224.99,229.82,224.63,228.87,66781310.0,221.03400000000002,223.51499999999996,222.22699999999998
2024-09-20,229.97,233.09,227.62,228.2,318679842.0,222.17399999999998,223.69850000000002,222.47616666666667
2024-09-23,227.34,229.45,225.81,226.47,54145958.0,224.204,223.67999999999998,222.68233333333333
2024-09-24,228.645,229.35,225.73,227.37,43556024.0,226.32000000000002,223.68950000000004,222.9615
2024-09-25,224.93,227.29,224.02,226.37,42308665.0,227.456,223.6065,223.1218333333333
2024-09-26,227.3,228.5,225.41,227.52,36636697.0,227.186,223.658,223.24266666666665
2024-09-27,228.46,229.52,227.3,227.79,34025897.0,227.10399999999998,223.558,223.34666666666666
2024-09-30,230.04,233.0,229.65,233.0,54793382.0,228.41,223.75799999999998,223.45766666666665
2024-10-01,229.52,229.65,223.74,226.21,63284925.0,228.17800000000003,223.92999999999998,223.43083333333334
2024-10-02,225.89,227.37,223.02,226.78,32880300.0,228.26,224.2265,223.39916666666667
2024-10-03,225.14,226.805,223.32,225.67,34044127.0,227.89000000000001,224.391,223.27733333333336
2024-10-04,227.9,228.0,224.13,226.8,37345068.0,227.692,224.69,223.26450000000003
2024-10-07,224.5,225.69,221.33,221.69,39505338.0,225.43,224.72899999999998,223.11700000000002
2024-10-08,224.3,225.98,223.25,225.77,31855693.0,225.342,225.012,222.97316666666666
2024-10-09,225.23,229.75,224.83,229.54,33590963.0,225.894,225.356,222.88516666666666
2024-10-10,227.78,229.5,227.17,229.04,28183544.0,226.56799999999998,225.66949999999997,222.8878333333333
2024-10-11,229.3,229.41,227.34,227.55,31759187.0,226.71800000000002,225.92199999999997,222.944
2024-10-14,228.7,231.73,228.6,231.3,39881968.0,228.64000000000001,226.671,223.0605
2024-10-15,233.61,237.49,232.37,233.85,64751367.0,230.256,227.52399999999997,223.22533333333334
2024-10-16,231.6,232.12,229.84,231.78,34082213.0,230.704,228.07850000000002,223.3381666666667
2024-10-17,233.43,233.85,230.52,232.15,32993610.0,231.32600000000002,228.2425,223.565
2024-10-18,236.18,236.18,234.01,235.0,46431468.0,232.81599999999997,228.58249999999998,223.85683333333333
2024-10-21,234.45,236.85,234.45,236.48,36254409.0,233.852,229.08300000000003,224.1655
2024-10-22,233.885,236.22,232.6,235.86,38846363.0,234.254,229.5075,224.45916666666668
2024-10-23,234.08,235.144,227.76,230.76,52286739.0,234.05,229.727,224.6585
2024-10-24,229.98,230.82,228.41,230.57,31109443.0,233.734,229.8795,224.8
2024-10-25,229.74,233.22,229.57,231.41,38801850.0,233.016,230.0605,225.01749999999998
2024-10-28,233.32,234.73,232.55,233.4,36086980.0,232.4,230.08050000000003,225.24316666666667
2024-10-29,233.1,234.325,232.32,233.67,35417159.0,231.962,230.4535,225.64983333333333
2024-10-30,232.61,233.47,229.55,230.1,47070907.0,231.82999999999998,230.61950000000002,226.031
2024-10-31,229.34,229.83,225.37,225.91,64370085.0,230.898,230.63150000000002,226.29916666666668
2024-11-01,220.965,225.35,220.27,222.91,65276720.0,229.198,230.43699999999998,226.45916666666665
2024-11-04,220.99,222.79,219.71,222.01,44944242.0,226.92,230.45299999999997,226.55533333333332
2024-11-05,221.795,223.95,221.14,223.45,28111331.0,224.87599999999998,230.337,226.65400000000002
2024-11-06,222.61,226.065,221.19,222.72,54561121.0,223.4,229.996,226.67816666666667
2024-11-07,224.625,227.875,224.57,227.48,42137616.0,223.714,229.91800000000003,226.77416666666664
2024-11-08,227.17,228.66,226.405,226.96,38328770.0,224.52399999999997,229.88850000000002,226.8115
2024-11-11,225.0,225.7,221.5,224.23,42005304.0,224.968,229.535,226.78116666666668
2024-11-12,224.55,225.59,223.355,224.23,40398181.0,225.12399999999997,229.054,226.75349999999997
2024-11-13,224.01,226.65,222.76,225.12,48566217.0,225.60399999999998,228.721,226.73033333333333
2024-11-14,225.02,228.87,225.0,228.22,44923426.0,225.752,228.5245,226.76066666666665
2024-11-15,226.4,226.92,224.27,225.0,47923639.0,225.35999999999999,228.0245,226.76850000000002
2024-11-18,225.25,229.74,225.17,228.02,44685799.0,226.118,227.6015,226.78816666666668
2024-11-19,226.98,230.16,226.66,228.28,36211357.0,226.92799999999997,227.2225,226.8065
2024-11-20,228.06,229.93,225.89,229.0,35169566.0,227.704,227.13449999999997,226.82266666666663
2024-11-21,228.88,230.155,225.7103,228.52,42108253.0,227.76400000000004,227.032,226.85649999999998
2024-11-22,228.06,230.7199,228.06,229.87,38167924.0,228.738,226.955,226.85783333333336
2024-11-25,231.46,233.245,229.74,232.87,90152830.0,229.708,226.92849999999999,226.92233333333334
2024-11-26,233.33,235.57,233.33,235.06,45986189.0,231.064,226.99799999999996,227.12716666666668
2024-11-27,234.465,235.69,233.8101,234.93,33498051.0,232.25,227.2395,227.36183333333332
2024-11-29,234.805,237.81,233.97,237.33,28234830.0,234.012,227.8105,227.611
2024-12-02,237.27,240.79,237.16,239.59,48136919.0,235.956,228.64450000000002,227.9238333333333
2024-12-03,239.81,242.76,238.9,242.65,38860816.0,237.91199999999998,229.67649999999998,228.28616666666667
2024-12-04,242.87,244.11,241.25,243.01,44383930.0,239.502,230.6545,228.66783333333333
2024-12-05,243.99,244.54,242.13,243.04,40033859.0,241.12399999999997,231.6705,229.00750000000002
2024-12-06,242.905,244.63,242.08,242.84,36870617.0,242.22599999999997,232.43849999999998,229.342
2024-12-09,241.83,247.24,241.75,246.75,44649231.0,243.658,233.42799999999997,229.74616666666668
2024-12-10,246.89,248.21,245.34,247.77,36914707.0,244.68199999999996,234.60500000000002,230.27033333333335
2024-12-11,247.96,250.8,246.2601,246.49,45205620.0,245.378,235.71800000000002,230.76533333333333
2024-12-12,246.89,248.74,245.68,247.96,32777525.0,246.362,236.85999999999999,231.2198333333333
2024-12-13,247.815,249.2902,246.24,248.13,33155207.0,247.42,237.85550000000003,231.54083333333335
2024-12-16,247.99,251.38,247.65,251.04,51694654.0,248.27799999999996,239.15750000000003,231.92149999999998
2024-12-17,250.08,253.83,249.78,253.48,51356319.0,249.42,240.4305,232.37166666666664
2024-12-18,252.16,254.28,247.74,248.05,56774097.0,249.73200000000003,241.419,232.71633333333332
2024-12-19,247.5,252.0,247.0949,249.79,60882204.0,250.098,242.45850000000002,233.10666666666665
2024-12-20,248.04,255.0,245.69,254.49,147495266.0,251.36999999999998,243.75699999999998,233.55616666666668
2024-12-23,254.77,255.65,253.45,255.27,40858774.0,252.21599999999998,245.027,234.01416666666668
2024-12-24,255.49,258.21,255.29,258.2,20968585.0,253.16,246.2935,234.4341666666667
2024-12-26,258.19,260.1,257.63,259.02,27262774.0,255.35399999999998,247.4915,234.98100000000002
2024-12-27,257.83,258.7,253.06,255.59,42355256.0,256.514,248.5245,235.46116666666666
2024-12-30,252.23,253.5,250.75,252.2,35557542.0,256.056,249.26800000000003,235.9033333333333
2024-12-31,252.44,253.28,249.43,250.42,39480442.0,255.086,249.80949999999999,236.297
2025-01-02,248.93,249.1,241.8201,243.85,55740727.0,252.21599999999998,249.86950000000002,236.6663333333333
2025-01-03,243.36,244.18,241.89,243.36,40244098.0,249.084,249.887,236.95950000000002
2025-01-06,244.31,247.33,243.2,245.0,45045570.0,246.96599999999998,249.98499999999999,237.21716666666669
2025-01-07,242.98,245.55,241.35,242.21,40855888.0,244.96800000000002,249.9535,237.43666666666667
2025-01-08,241.92,243.7123,240.05,242.7,37628938.0,243.42399999999998,249.75100000000003,237.68916666666667
2025-01-10,240.01,240.16,233.0,236.85,61710839.0,242.02400000000003,249.20499999999998,237.78166666666667
2025-01-13,233.53,234.67,229.72,234.4,49630589.0,240.23200000000003,248.6005,237.79083333333335
2025-01-14,234.75,236.12,232.472,233.28,39435194.0,237.888,247.8665,237.8158333333333
2025-01-15,234.635,238.96,234.43,237.87,39831968.0,237.01999999999998,247.3535,237.91116666666667
2025-01-16,237.35,238.01,228.03,228.26,71758956.0,234.13199999999998,246.2145,237.79883333333333
2025-01-17,232.115,232.29,228.48,229.98,68488066.0,232.75799999999998,245.0395,237.69050000000001
2025-01-21,224.0,224.42,219.38,222.64,98070285.0,230.406,243.769,237.47016666666664
2025-01-22,219.79,224.12,219.79,223.83,64126500.0,228.516,242.471,237.35466666666665
2025-01-23,224.74,227.03,222.3,223.66,60234680.0,225.67399999999998,240.92950000000002,237.2395
2025-01-24,224.78,225.63,221.41,222.78,54697821.0,224.57799999999997,239.30499999999998,237.09566666666666
2025-01-27,224.02,232.15,223.98,229.86,94863311.0,224.554,237.888,237.0366666666667
2025-01-28,230.85,240.19,230.81,238.26,75707549.0,227.67800000000003,236.84999999999997,237.11316666666667
2025-01-29,234.12,239.855,234.01,239.36,45486094.0,230.78400000000002,236.03850000000003,237.26749999999998
2025-01-30,238.665,240.79,237.21,237.59,55658036.0,233.57,235.308,237.46216666666666
2025-01-31,247.19,247.19,233.44,236.0,101075110.0,236.214,234.58700000000005,237.68033333333332
2025-02-03,229.99,231.83,225.7,228.01,73063240.0,235.844,233.795,237.78033333333332
2025-02-04,227.25,233.13,226.65,232.8,45067234.0,234.752,233.267,237.93616666666665
2025-02-05,228.53,232.67,228.27,232.47,39664953.0,233.37399999999997,232.64050000000003,238.09866666666667
2025-02-06,231.285,233.8,230.425,233.22,29924943.0,232.5,232.19100000000003,238.19433333333333
2025-02-07,232.6,234.0,227.26,227.63,39707148.0,230.82600000000002,231.4375,238.2055
2025-02-10,229.57,230.585,227.2,227.65,33115573.0,230.754,230.97750000000002,238.2625
2025-02-11,228.2,235.23,228.13,232.62,53717894.0,230.718,230.88849999999996,238.40233333333333
2025-02-12,231.2,236.96,230.68,236.87,45242936.0,231.598,231.06799999999998,238.59816666666666
2025-02-13,236.91,242.3399,235.57,241.53,53614052.0,233.26,231.25100000000003,238.82000000000002
2025-02-14,241.25,245.55,240.99,244.6,40896125.0,236.654,232.06799999999998,239.14666666666665
2025-02-18,244.15,245.18,241.84,244.47,48822355.0,240.01799999999997,232.79250000000002,239.42083333333332
2025-02-19,244.66,246.01,243.1604,244.87,32204015.0,242.468,233.904,239.69733333333335
2025-02-20,244.94,246.78,244.29,245.83,32316907.0,244.26,235.004,239.97783333333334
2025-02-21,245.95,248.69,245.22,245.55,53197360.0,245.064,236.0985,240.26166666666668
2025-02-24,244.925,248.86,244.42,247.1,51326021.0,245.564,237.3145,240.54883333333333
2025-02-25,248.0,250.0,244.91,247.04,48013196.0,246.07799999999997,238.17349999999996,240.785
2025-02-26,244.33,244.98,239.13,240.36,44433359.0,245.17600000000002,238.27850000000004,240.87333333333333
2025-02-27,239.41,242.46,237.06,237.3,41153349.0,243.47000000000003,238.1755,240.91283333333334
2025-02-28,236.95,242.09,230.2,241.84,56833310.0,242.72799999999998,238.388,240.988
2025-03-03,241.79,244.0272,236.112,238.03,47183985.0,240.91400000000004,238.4895,240.96200000000002
2025-03-04,237.705,240.07,234.68,235.93,53797735.0,238.692,238.8855,240.85
2025-03-05,235.42,236.55,229.23,235.74,47227643.0,237.76799999999997,239.03250000000003,240.72883333333337
2025-03-06,234.435,237.86,233.1581,235.33,45170419.0,237.37400000000002,239.1755,240.60033333333334
2025-03-07,235.105,241.37,234.76,239.07,46273564.0,236.82,239.468,240.5375
2025-03-10,235.54,236.16,224.22,227.48,72070924.0,234.70999999999998,239.4605,240.21633333333332
2025-03-11,223.805,225.8399,217.45,220.84,76137395.0,231.692,239.11999999999998,239.76749999999998
2025-03-12,220.14,221.75,214.91,216.98,62546947.0,227.94,238.33800000000002,239.27566666666664
2025-03-13,215.95,216.8394,208.42,209.68,61368329.0,222.81,236.97850000000003,238.63766666666666
2025-03-14,211.25,213.95,209.58,213.49,60107524.0,217.69400000000002,235.57650000000004,238.06033333333332
2025-03-17,213.31,215.22,209.97,214.0,48073426.0,214.998,234.0465,237.443
2025-03-18,214.16,215.15,211.49,212.69,42432426.0,213.36800000000002,232.45749999999998,236.76316666666668
2025-03-19,214.22,218.76,213.75,215.24,54385154.0,213.02000000000004,230.97600000000003,236.21633333333332
2025-03-20,213.99,217.4899,212.22,214.1,48862686.0,213.904,229.3895,235.62150000000003
2025-03-21,211.56,218.84,211.28,218.27,94127168.0,214.85999999999999,228.02550000000002,235.01783333333333
2025-03-24,221.0,221.48,218.58,220.73,44299481.0,216.206,226.70700000000002,234.44216666666668
2025-03-25,220.77,224.1,220.08,223.75,34493551.0,218.41800000000003,225.54250000000002,233.868
2025-03-26,223.51,225.02,220.47,221.53,34532656.0,219.67600000000002,224.60099999999997,233.24316666666667
2025-03-27,221.39,224.99,220.5601,223.85,37094774.0,221.62600000000003,223.92849999999999,232.71416666666664
2025-03-28,221.67,223.81,217.68,217.9,39818617.0,221.552,222.73149999999995,232.1425
2025-03-31,217.005,225.62,216.23,222.13,65299321.0,221.83200000000002,221.93649999999997,231.671
2025-04-01,219.805,223.68,218.9,223.19,36412484.0,221.71999999999997,221.29950000000002,231.32666666666668
2025-04-02,221.315,225.19,221.02,223.89,35905778.0,222.192,220.70699999999997,231.00216666666665
2025-04-03,205.54,207.49,201.25,203.19,103418657.0,218.06,219.1,230.30533333333332
2025-04-04,193.89,199.88,187.34,188.38,125910308.0,212.156,216.56550000000001,229.40816666666666
2025-04-07,177.2,194.15,174.62,181.46,160466254.0,204.022,214.2645,228.3875
2025-04-08,186.7,190.335,169.2101,172.42,120859488.0,193.868,211.8435,227.3136666666667
2025-04-09,171.95,200.61,171.89,198.85,184395885.0,188.85999999999999,210.93699999999998,226.72116666666665
2025-04-10,189.065,194.7799,183.0,190.42,121879825.0,186.30599999999998,209.97400000000002,226.00683333333333
2025-04-11,186.1,199.54,186.06,198.15,87435811.0,188.26,209.20699999999997,225.34483333333336
2025-04-14,211.44,212.94,201.1621,202.52,101352816.0,192.472,208.63299999999998,224.91583333333332
2025-04-15,201.855,203.51,199.8,202.14,51343832.0,198.416,208.10549999999998,224.45183333333335
2025-04-16,198.36,200.7,192.37,194.27,59732310.0,197.5,207.05700000000002,223.97899999999998
2025-04-17,197.2,198.8335,194.42,196.98,52164583.0,198.812,206.20100000000002,223.53150000000002
2025-04-21,193.265,193.8,189.8112,193.16,46742537.0,197.81400000000002,204.94549999999998,223.0231666666667
2025-04-22,196.12,201.59,195.97,199.74,52975852.0,197.25799999999998,203.89600000000002,222.63916666666668
2025-04-23,206.0,208.0,202.799,204.6,52929145.0,197.75,202.9385,222.21816666666666
2025-04-24,204.89,208.8299,202.94,208.37,47310928.0,200.57,202.2805,221.71999999999997
2025-04-25,206.365,209.75,206.2,209.28,38222233.0,203.03,201.552,221.21866666666668
2025-04-28,210.0,211.5,207.46,210.14,38742989.0,206.42600000000002,201.164,220.76116666666667
2025-04-29,208.693,212.24,208.37,211.21,36827481.0,208.71999999999997,200.618,220.348
2025-04-30,209.3,213.58,206.6705,212.5,52286229.0,210.3,200.08350000000002,220.08950000000002
2025-05-01,209.08,214.56,208.9,213.32,57365674.0,211.29000000000002,199.555,219.7648333333333
2025-05-02,206.09,206.99,202.16,205.35,101010494.0,210.504,199.66299999999998,219.31283333333334
2025-05-05,203.1,204.1,198.21,198.89,69018393.0,208.254,200.1885,218.74066666666667
2025-05-06,198.21,200.65,197.02,198.51,51216428.0,205.714,201.041,218.25533333333334
2025-05-07,199.17,199.44,193.25,196.25,68616943.0,202.464,202.23250000000002,217.732
2025-05-08,197.72,200.05,194.6796,197.49,50478522.0,199.298,202.1645,217.1465
2025-05-09,199.0,200.5399,197.535,198.53,36453822.0,197.934,202.57,216.50750000000002
2025-05-12,210.97,211.2679,206.75,210.79,63775814.0,200.314,203.202,215.99516666666665
2025-05-13,210.43,213.4,209.0,212.93,51909319.0,203.198,203.7225,215.46733333333336
2025-05-14,212.43,213.94,210.5801,212.33,49325595.0,206.414,204.232,214.93166666666667
2025-05-15,210.95,212.96,209.54,211.45,45029441.0,209.206,205.09099999999998,214.37466666666668
2025-05-16,212.36,212.57,209.77,211.26,54737779.0,211.752,205.805,213.7985
2025-05-19,207.91,209.48,204.26,208.78,46140474.0,211.35,206.586,213.18566666666666
2025-05-20,207.67,208.47,205.03,206.86,42496414.0,210.13600000000002,206.942,212.515
2025-05-21,205.17,207.04,200.71,202.09,59211623.0,208.08800000000002,206.8165,211.76583333333335
2025-05-22,200.71,202.75,199.7,201.36,46742407.0,206.07000000000002,206.46600000000004,211.1158333333333
2025-05-23,193.665,197.7,193.46,195.27,78432849.0,202.872,205.76550000000003,210.41533333333334
2025-05-27,198.3,200.74,197.43,200.21,56288417.0,201.15800000000002,205.269,209.72150000000002
2025-05-28,200.59,202.73,199.9,200.42,45339533.0,199.87000000000003,204.7295,209.09466666666668
2025-05-29,203.575,203.81,198.51,199.95,51477938.0,199.442,204.102,208.49499999999998
2025-05-30,199.37,201.96,196.78,200.85,70819942.0,199.34,203.4785,207.9135
2025-06-02,200.28,202.13,200.12,201.7,35423023.0,200.626,203.296,207.353
2025-06-03,201.35,203.77,200.955,203.27,46381267.0,201.238,203.51500000000001,206.75633333333332
2025-06-04,202.91,206.24,202.1,202.82,43603984.0,201.718,203.73049999999998,206.34533333333334
2025-06-05,203.5,204.75,200.15,200.63,55220483.0,201.85399999999998,203.9495,206.0085
2025-06-06,203.0,205.7,202.05,203.92,46607044.0,202.468,204.27100000000002,205.79083333333335
2025-06-09,204.39,206.0,200.02,201.45,72862557.0,202.418,204.41699999999997,205.65366666666665
2025-06-10,200.6,204.35,200.57,202.67,54672478.0,202.29799999999997,204.011,205.47333333333333
2025-06-11,203.5,204.5,198.41,198.78,60989806.0,201.48999999999998,203.3035,205.21966666666668
2025-06-12,199.08,199.68,197.3601,199.2,43904219.0,201.204,202.647,204.99483333333333
2025-06-13,199.73,200.37,195.7,196.45,51447344.0,199.70999999999998,201.897,204.68166666666667
2025-06-16,197.3,198.685,196.5636,198.42,43020685.0,199.10399999999998,201.255,204.42033333333333
2025-06-17,197.2,198.39,195.21,195.64,38855812.0,197.698,200.598,204.04316666666668
2025-06-18,195.94,197.57,195.07,196.58,45394686.0,197.25799999999998,200.084,203.64066666666668
2025-06-20,198.235,201.7,196.855,201.0,96813485.0,197.618,200.0295,203.2615
2025-06-23,201.625,202.3,198.96,201.5,55814122.0,198.628,200.0365,202.92766666666665
2025-06-24,202.59,203.44,200.2,200.3,54063931.0,199.00400000000002,200.28799999999998,202.53516666666667
2025-06-25,201.45,203.67,200.6201,201.56,39525728.0,200.18800000000002,200.3555,202.2628333333333
2025-06-26,201.43,202.64,199.46,201.0,50799041.0,201.072,200.3845,201.91066666666666
2025-06-27,201.89,203.22,200.0,201.08,73188396.0,201.08800000000002,200.441,201.54216666666665
2025-06-30,202.01,207.39,199.2607,205.17,91912798.0,201.822,200.657,201.23016666666666
2025-07-01,206.665,210.1865,206.1401,207.82,78788866.0,203.326,200.963,201.3073333333333
2025-07-02,208.91,213.34,208.14,212.44,67941811.0,205.502,201.42149999999998,201.70833333333334
2025-07-03,212.145,214.65,211.8101,213.55,34707833.0,208.012,201.958,202.24316666666667
2025-07-07,212.68,216.23,208.8,209.95,50228959.0,209.786,202.424,202.86866666666666
2025-07-08,210.1,211.43,208.45,210.01,42848928.0,210.754,202.7285,203.0546666666667
2025-07-09,209.53,211.33,207.22,211.14,48749277.0,211.41799999999998,203.21300000000002,203.4
2025-07-10,210.505,213.48,210.03,212.41,44443614.0,211.41199999999998,203.7,203.63766666666663
2025-07-11,210.565,212.13,209.86,211.16,39765734.0,210.93399999999997,204.319,203.78166666666667
2025-07-14,209.925,210.91,207.54,208.62,38840111.0,210.66799999999998,204.79000000000002,203.88966666666664
2025-07-15,209.22,211.89,208.92,209.11,42296339.0,210.488,205.423,204.13700000000003
2025-07-16,210.295,212.4,208.64,210.16,47490530.0,210.292,206.01,204.35666666666665
2025-07-17,210.57,211.8,209.59,210.02,48068141.0,209.814,206.72899999999998,204.63766666666666
2025-07-18,210.87,211.79,209.7045,211.18,48974588.0,209.81799999999998,207.459,204.82833333333332
2025-07-21,212.1,215.78,211.63,212.48,51377358.0,210.59,208.033,204.95966666666666
2025-07-22,213.14,214.95,212.2301,214.4,46403972.0,211.648,208.67799999999997,205.06016666666667
2025-07-23,215.0,215.15,212.41,214.15,46989272.0,212.446,209.3705,205.14133333333334
2025-07-24,213.9,215.69,213.53,213.76,46022620.0,213.19400000000002,209.98049999999998,205.20166666666668
2025-07-25,214.7,215.24,213.4,213.88,40268686.0,213.734,210.62449999999998,205.24616666666665
2025-07-28,214.03,214.845,213.06,214.05,37857992.0,214.048,211.273,205.272
2025-07-29,214.175,214.81,210.82,211.27,51411721.0,213.42199999999997,211.57799999999997,205.23783333333333
2025-07-30,211.895,212.39,207.72,209.05,45512393.0,212.402,211.6395,205.2995
2025-07-31,208.49,209.84,207.16,207.57,80698392.0,211.164,211.39600000000002,205.44416666666666
2025-08-01,210.865,213.58,201.5,202.38,104434472.0,208.86399999999998,210.8375,205.50866666666667
2025-08-04,204.505,207.88,201.675,203.35,75109291.0,206.72400000000002,210.5075,205.62699999999998
2025-08-05,203.4,205.34,202.16,202.92,44154854.0,205.054,210.15299999999996,205.7175
2025-08-06,205.63,215.38,205.59,213.25,108483103.0,205.894,210.2585,205.96283333333332
2025-08-07,218.875,220.85,216.58,220.03,90224834.0,208.38599999999997,210.6395,206.11683333333335
2025-08-08,220.83,231.0,219.25,229.35,113853412.0,213.77999999999997,211.54900000000004,206.3905
2025-08-11,227.92,229.56,224.76,227.18,61806086.0,218.546,212.477,206.638
2025-08-12,228.005,230.8,227.07,229.65,55672299.0,223.892,213.504,206.94133333333332
2025-08-13,231.07,235.0,230.43,233.33,69878545.0,227.908,214.6625,207.3091666666667
2025-08-14,234.055,235.12,230.85,232.78,51916242.0,230.458,215.8005,207.70916666666665
2025-08-15,234.0,234.28,229.335,231.59,56038587.0,230.906,216.821,208.12133333333333
2025-08-18,231.7,233.12,230.11,230.89,37476149.0,231.648,217.7415,208.60133333333334
2025-08-19,231.275,232.87,229.35,230.56,39402455.0,231.82999999999998,218.54950000000002,209.08800000000002
2025-08-20,229.98,230.47,225.77,226.01,42263854.0,230.36599999999999,219.14249999999998,209.60033333333334
2025-08-21,226.27,226.52,223.7804,224.9,30620838.0,228.79000000000002,219.6995,210.01183333333333
2025-08-22,226.17,229.09,225.41,227.76,42477803.0,228.02399999999997,220.39350000000005,210.4675
2025-08-25,226.48,229.3,226.23,227.16,30983024.0,227.27800000000002,221.04900000000004,210.921
2025-08-26,226.87,229.49,224.69,229.31,54574913.0,227.02799999999996,221.95099999999996,211.39533333333333
2025-08-27,228.61,230.9,228.26,230.49,31259478.0,227.92399999999998,223.023,211.87516666666664
2025-08-28,230.82,233.41,229.335,232.56,38074679.0,229.456,224.27249999999998,212.36333333333334
2025-08-29,232.51,233.38,231.37,232.14,39418268.0,230.33200000000002,225.7605,212.85199999999998
2025-09-02,229.25,230.85,226.97,229.72,44075552.0,230.844,227.079,213.33683333333332
2025-09-03,237.21,238.85,234.36,238.47,66427742.0,232.676,228.8565,213.91266666666667
2025-09-04,238.45,239.8999,236.74,239.78,47549396.0,234.53400000000002,230.183,214.5515
2025-09-05,239.995,241.32,238.4901,239.69,54870397.0,235.95999999999998,231.166,215.16850000000002
2025-09-08,239.3,240.15,236.34,237.88,48999440.0,237.108,231.59250000000003,215.8201666666667
2025-09-09,237.0,238.7805,233.36,234.35,66313868.0,238.03400000000002,231.95099999999996,216.40599999999998
2025-09-10,232.185,232.42,225.95,226.79,83440810.0,235.698,231.808,216.9116666666667
2025-09-11,226.875,230.45,226.65,230.03,50207866.0,233.748,231.64300000000003,217.4385
2025-09-12,229.22,234.51,229.02,234.07,55824075.0,232.62399999999997,231.70749999999998,218.079
2025-09-15,237.0,238.19,235.03,236.7,42699514.0,232.388,231.96299999999997,218.74766666666665
2025-09-16,237.175,241.22,236.3235,238.15,63421098.0,233.148,232.32600000000002,219.36683333333332
2025-09-17,238.97,240.1,237.7301,238.99,46508017.0,235.58800000000002,232.7475,219.99166666666667
2025-09-18,239.97,241.2,236.65,237.88,44249563.0,237.158,233.34100000000004,220.618
2025-09-19,241.225,246.3,240.2106,245.5,163741269.0,239.44400000000002,234.371,221.35033333333334
2025-09-22,248.3,256.64,248.12,256.08,105517415.0,243.32,235.78699999999998,222.26833333333335
2025-09-23,255.875,257.34,253.58,254.43,60275126.0,246.57600000000002,237.15050000000002,223.1575
2025-09-24,255.22,255.74,251.04,252.31,42303706.0,249.24,238.3005,223.94316666666666
2025-09-25,253.205,257.17,251.712,256.87,55202013.0,253.038,239.61949999999996,224.76066666666668
2025-09-26,254.095,257.6,253.78,255.46,46076136.0,255.03000000000003,240.7645,225.47766666666666
2025-09-29,254.56,255.0,253.01,254.43,40127520.0,254.7,241.879,226.159
2025-09-30,254.855,255.919,253.11,254.63,37703571.0,254.74,243.12450000000004,226.90366666666665
2025-10-01,255.04,258.79,254.93,255.45,48713820.0,255.36800000000002,243.9735,227.661
2025-10-02,256.575,258.18,254.15,257.13,42630179.0,255.42,244.84100000000004,228.42750000000004
2025-10-03,254.665,259.24,253.95,258.02,49155614.0,255.93199999999996,245.7575,229.18766666666667
2025-10-06,257.99,259.07,255.05,256.69,44664081.0,256.38399999999996,246.698,229.94650000000001
2025-10-07,256.805,257.4,255.43,256.48,31955297.0,256.754,247.80450000000002,230.74416666666667
2025-10-08,256.52,258.52,256.11,258.06,36496845.0,257.276,249.36800000000002,231.55999999999997
2025-10-09,257.805,258.0,253.14,254.04,38321900.0,256.658,250.5685,232.2913333333333
2025-10-10,254.94,256.38,244.0,245.27,61999050.0,254.108,251.12849999999997,232.87883333333332
2025-10-13,249.38,249.69,245.56,247.66,38142755.0,252.302,251.67649999999998,233.48683333333335
2025-10-14,246.6,248.845,244.7,247.77,35477865.0,250.56000000000003,252.15749999999997,234.075
2025-10-15,249.485,251.82,247.47,249.34,33893577.0,248.81599999999997,252.675,234.65733333333336
2025-10-16,248.25,249.04,245.13,247.45,39776781.0,247.498,253.15349999999998,235.21233333333333
2025-10-17,248.02,253.38,247.27,252.29,49146662.0,248.902,253.493,235.8545
2025-10-20,255.885,264.375,255.63,262.24,90483005.0,251.81799999999998,253.801,236.6605
2025-10-21,261.88,265.29,261.83,262.77,46695671.0,254.81799999999998,254.21800000000002,237.4725
2025-10-22,262.65,262.85,255.43,258.45,45015182.0,256.64,254.525,238.2588333333333
2025-10-23,259.94,260.62,258.0101,259.58,32754925.0,259.066,254.6605,239.101
2025-10-24,261.19,264.13,259.18,262.82,38253714.0,261.172,255.02849999999998,240.02183333333332
2025-10-27,264.88,269.12,264.6501,268.81,44888152.0,262.486,255.7475,241.129
2025-10-28,268.985,269.89,268.15,269.0,41534759.0,263.732,256.466,242.22316666666669
2025-10-29,269.275,271.41,267.11,269.7,51086687.0,265.98199999999997,257.1785,243.33616666666666
2025-10-30,271.99,274.14,268.48,271.4,69886534.0,268.346,257.892,244.30533333333332
2025-10-31,276.99,277.32,269.16,270.37,86167061.0,269.85599999999994,258.5095,245.14433333333332
2025-11-03,270.42,270.85,266.25,269.05,50194575.0,269.904,259.12749999999994,245.80599999999998
2025-11-04,268.325,271.486,267.615,270.04,49274846.0,270.11199999999997,259.80550000000005,246.52033333333333
2025-11-05,268.61,271.7,266.93,270.14,43682531.0,270.2,260.4095,247.19516666666667
2025-11-06,267.89,273.4,267.89,269.77,51203783.0,269.87399999999997,261.196,247.80249999999998
2025-11-07,269.795,272.29,266.77,268.47,48227176.0,269.494,262.356,248.39733333333334
2025-11-10,268.96,273.73,267.455,269.43,41312151.0,269.57,263.4445,249.028
2025-11-11,269.81,275.91,269.8,275.25,46208200.0,270.61199999999997,264.8185,249.7673333333333
2025-11-12,275.0,275.73,271.7,273.47,48397981.0,271.278,266.025,250.48250000000002
2025-11-13,274.11,276.699,272.09,272.95,49602754.0,271.914,267.3,251.2648333333333
2025-11-14,271.05,275.96,269.6,272.41,47431331.0,272.702,268.306,252.05666666666667
2025-11-17,268.815,270.49,265.73,267.46,45018260.0,272.308,268.567,252.71833333333333
2025-11-18,269.99,270.71,265.32,267.44,45677169.0,270.746,268.8005,253.38966666666664
2025-11-19,265.525,272.21,265.5,268.56,40424414.0,269.764,269.306,254.04383333333334
2025-11-20,270.83,275.43,265.92,266.25,45823540.0,268.424,269.6395,254.63983333333334
2025-11-21,265.95,273.33,265.67,271.49,59030832.0,268.23999999999995,270.073,255.28866666666667
2025-11-24,270.9,277.0,270.9,275.92,65585613.0,269.93199999999996,270.4285,256.0183333333333
2025-11-25,275.27,280.38,275.25,276.97,46914220.0,271.838,270.827,256.80583333333334
2025-11-26,276.96,279.53,276.63,277.55,33431421.0,273.6360000000001,271.21950000000004,257.4571666666667
2025-11-28,277.26,279.0,275.9865,278.85,19039075.0,276.15600000000006,271.592,258.10833333333335
2025-12-01,278.01,283.42,276.14,283.1,46587722.0,278.47799999999995,272.2285,258.83183333333335
2025-12-02,283.0,287.4,282.6301,286.19,53669393.0,280.53200000000004,273.0855,259.637
2025-12-03,286.2,288.62,283.3,284.15,43538674.0,281.968,273.791,260.467
2025-12-04,284.095,284.73,278.59,280.7,43989031.0,282.59799999999996,274.319,261.3655
2025-12-05,280.54,281.14,278.05,278.78,47265691.0,282.584,274.7695,262.178
2025-12-08,278.13,279.6693,276.15,277.89,38211741.0,281.54200000000003,275.2405,262.90833333333336
2025-12-09,278.16,280.03,276.92,277.18,32192972.0,279.74,275.62800000000004,263.58299999999997
2025-12-10,277.75,279.75,276.44,278.78,33038011.0,278.666,275.8045,264.2601666666667
2025-12-11,279.095,279.59,273.81,278.03,33247766.0,278.132,276.03249999999997,264.9108333333333
2025-12-12,277.9,279.22,276.82,278.28,39532668.0,278.03200000000004,276.299,265.58416666666665
2025-12-15,280.15,280.15,272.84,274.11,50409068.0,277.27599999999995,276.384,266.061
2025-12-16,272.82,275.5,271.79,274.61,37648627.0,276.762,276.7415,266.36983333333336
2025-12-17,275.01,276.16,271.64,271.84,50138466.0,275.37399999999997,276.9615,266.66
2025-12-18,273.605,273.63,266.95,272.19,51630473.0,274.206,277.143,266.99133333333333
2025-12-19,272.145,274.6,269.9,273.67,144631573.0,273.284,277.514,267.2713333333333
2025-12-22,272.86,273.88,270.505,270.97,36571827.0,272.65600000000006,277.488,267.52983333333333
2025-12-23,270.84,272.5,269.56,272.36,29641997.0,272.206,277.31000000000006,267.82866666666666
2025-12-24,272.34,275.43,272.195,273.81,17133225.0,272.6,277.152,268.14833333333337
2025-12-26,274.16,275.37,272.86,273.4,21521796.0,272.842,276.94449999999995,268.4475
2025-12-29,272.69,274.36,272.35,273.76,23714986.0,272.86,276.68999999999994,268.7246666666667
2025-12-30,272.81,274.08,272.28,273.08,22139615.0,273.282,276.18899999999996,268.97566666666665
2025-12-31,273.06,273.68,271.75,271.86,27293584.0,273.18199999999996,275.47249999999997,269.2285
2026-01-02,272.255,277.84,269.0,271.01,37838054.0,272.622,274.8155,269.47066666666666
2026-01-05,270.64,271.51,266.14,267.26,45647185.0,271.39399999999995,274.1435,269.624
2026-01-06,267.0,267.55,262.12,262.36,52352090.0,269.114,273.32250000000005,269.7626666666667
2026-01-07,263.2,263.68,259.81,260.33,48309414.0,266.56399999999996,272.4445,270.01366666666667
2026-01-08,257.02,259.29,255.7,259.04,50419336.0,264.0,271.5375,270.2033333333333
2026-01-09,259.075,260.21,256.22,259.37,39996966.0,261.67199999999997,270.567,270.39666666666665
2026-01-12,259.16,261.3,256.8,260.25,45263372.0,260.27,269.678,270.57849999999996
2026-01-13,258.72,261.81,258.39,261.05,45730796.0,260.008,268.8165,270.80516666666665
2026-01-14,259.49,261.82,256.71,259.96,40019349.0,259.934,268.10900000000004,270.933
2026-01-15,260.65,261.04,257.05,258.21,39388475.0,259.76800000000003,267.289,270.86583333333334
2026-01-16,257.9,258.9,254.93,255.53,72142772.0,259.0,266.4735,270.74516666666665
2026-01-20,252.73,254.79,243.42,246.7,80267504.0,256.29,265.199,270.5493333333333
2026-01-21,248.7,251.56,245.18,247.65,54641725.0,253.60999999999999,263.898,270.3505
2026-01-22,249.2,251.0,248.15,248.35,39708293.0,251.288,262.767,270.1093333333334
2026-01-23,247.32,249.41,244.68,248.04,41688953.0,249.254,261.551,269.7631666666667
2026-01-26,251.48,256.56,249.8,255.41,55969183.0,249.22999999999996,260.631,269.53666666666663
2026-01-27,259.17,261.95,258.21,258.27,49648271.0,251.544,259.8745,269.34616666666665
2026-01-28,257.65,258.855,254.51,256.44,41287969.0,253.302,259.0085,269.09683333333334
2026-01-29,258.0,259.65,254.41,258.28,67252891.0,255.288,258.2685,268.8953333333333
2026-01-30,255.165,261.8999,252.18,259.48,92443303.0,257.576,257.6495,268.73583333333335
2026-02-02,260.03,270.49,259.205,270.01,73913423.0,260.496,257.59950000000003,268.7353333333333
2026-02-03,269.2,271.875,267.61,269.48,64394650.0,262.738,257.7105,268.72433333333333
2026-02-04,272.285,278.95,272.285,276.49,90545398.0,266.748,258.41700000000003,268.83633333333336
2026-02-05,278.13,279.5,273.23,275.91,52977396.0,270.274,259.196,268.9603333333333
2026-02-06,277.12,280.905,276.925,278.12,50453279.0,274.002,260.15,269.10516666666666
2026-02-09,277.905,278.2,271.7,274.62,44623355.0,274.924,260.9125,269.0946666666667
2026-02-10,274.885,275.37,272.94,273.68,34376605.0,275.764,261.58399999999995,269.09816666666666
2026-02-11,274.695,280.18,274.45,275.5,51931208.0,275.566,262.30649999999997,269.1406666666667
2026-02-12,275.59,275.72,260.18,261.73,81077219.0,272.73,262.39500000000004,268.9626666666667
2026-02-13,262.01,262.23,255.45,255.78,56290673.0,268.262,262.2735,268.768
2026-02-17,258.05,266.29,255.54,263.88,58468913.0,266.11400000000003,262.691,268.70866666666666
2026-02-18,263.6,266.82,262.45,264.35,34202996.0,264.24800000000005,263.5735,268.63849999999996
2026-02-19,262.6,264.48,260.05,260.58,30845258.0,261.264,264.22,268.544
2026-02-20,258.97,264.75,258.16,264.58,42070374.0,261.834,265.0315,268.42883333333333
2026-02-23,263.49,269.43,263.381,266.18,37308000.0,263.91400000000004,265.93850000000003,268.2665
2026-02-24,267.86,274.89,267.71,272.14,47014549.0,265.566,266.775,268.186
2026-02-25,271.78,274.94,271.05,274.23,33714222.0,267.54200000000003,267.573,268.1306666666666
2026-02-26,274.945,276.11,270.795,272.95,32345105.0,270.01599999999996,268.3985,268.0323333333333
2026-02-27,272.81,272.81,262.89,264.18,72366505.0,269.93600000000004,268.69350000000003,267.717
2026-03-02,262.41,266.53,260.2,264.72,41827920.0,269.644,268.9555,267.3591666666667
2026-03-03,263.48,265.56,260.13,263.75,38568896.0,267.966,268.6425,267.01916666666665
2026-03-04,264.65,266.15,261.42,262.52,39802859.0,265.624,268.2945,266.71616666666665
2026-03-05,260.79,261.555,257.25,260.29,49658509.0,263.092,267.4845,266.408
2026-03-06,258.63,258.77,254.37,257.46,41119995.0,261.748,266.562,266.0675
2026-03-09,255.69,261.15,253.6805,259.88,38218531.0,260.78,265.65,265.77916666666664
2026-03-10,257.645,262.48,256.95,260.83,30590691.0,260.196,264.9605,265.47999999999996
2026-03-11,261.09,262.13,259.55,260.81,26218534.0,259.854,264.317,265.193
2026-03-12,258.66,258.95,254.18,255.76,40793922.0,258.948,263.33000000000004,264.8176666666667
