Date,Close
1984-09-07,26.5
1984-09-10,26.37
1984-09-11,26.87
1984-09-12,26.12
1984-09-13,27.5
1984-09-14,27.87
1984-09-17,28.62
1984-09-18,27.62
1984-09-19,27.0
1984-09-20,27.12
1984-09-21,26.87
1984-09-24,26.62
1984-09-25,26.12
1984-09-26,25.75
1984-09-27,25.75
1984-09-28,25.12
1984-10-01,24.5
1984-10-02,24.75
1984-10-03,25.12
1984-10-04,25.37
1984-10-05,24.87
1984-10-08,24.87
1984-10-09,24.62
1984-10-10,23.87
1984-10-11,23.75
1984-10-12,22.75
1984-10-15,24.0
1984-10-16,23.87
1984-10-17,24.87
1984-10-18,25.62
1984-10-19,25.62
1984-10-22,25.37
1984-10-23,26.0
1984-10-24,26.25
1984-10-25,25.25
1984-10-26,24.62
1984-10-29,24.75
1984-10-30,25.0
1984-10-31,24.87
1984-11-01,25.0
1984-11-02,24.87
1984-11-05,24.75
1984-11-06,26.25
1984-11-07,25.75
1984-11-08,24.75
1984-11-09,23.25
1984-11-12,24.12
1984-11-13,23.5
1984-11-14,23.75
1984-11-15,23.75
1984-11-16,23.25
1984-11-19,21.87
1984-11-20,22.62
1984-11-21,23.12
1984-11-23,23.75
1984-11-26,24.0
1984-11-27,24.62
1984-11-28,25.87
1984-11-29,25.37
1984-11-30,24.75
1984-12-03,24.37
1984-12-04,24.87
1984-12-05,26.12
1984-12-06,27.37
1984-12-07,27.25
1984-12-10,26.75
1984-12-11,26.37
1984-12-12,25.5
1984-12-13,25.75
1984-12-14,26.37
1984-12-17,27.0
1984-12-18,28.62
1984-12-19,27.5
1984-12-20,27.37
1984-12-21,27.0
1984-12-24,27.5
1984-12-26,27.62
1984-12-27,27.75
1984-12-28,28.75
1984-12-31,29.12
1985-01-02,27.87
1985-01-03,28.37
1985-01-04,28.37
1985-01-07,28.25
1985-01-08,28.0
1985-01-09,28.75
1985-01-10,30.0
1985-01-11,29.75
1985-01-14,30.62
1985-01-15,30.0
1985-01-16,30.25
1985-01-17,28.12
1985-01-18,28.62
1985-01-21,29.25
1985-01-22,30.12
1985-01-23,29.62
1985-01-24,29.0
1985-01-25,29.62
1985-01-28,30.25
1985-01-29,29.87
1985-01-30,29.87
1985-01-31,29.0
1985-02-01,28.62
1985-02-04,29.25
1985-02-05,29.5
1985-02-06,30.0
1985-02-07,29.87
1985-02-08,29.87
1985-02-11,30.5
1985-02-12,29.75
1985-02-13,28.37
1985-02-14,27.62
1985-02-15,28.0
1985-02-19,27.62
1985-02-20,26.37
1985-02-21,26.87
1985-02-22,27.62
1985-02-25,27.25
1985-02-26,26.75
1985-02-27,25.12
1985-02-28,24.75
1985-03-01,24.87
1985-03-04,25.25
1985-03-05,25.87
1985-03-06,24.62
1985-03-07,22.12
1985-03-08,21.5
1985-03-11,22.25
1985-03-12,23.0
1985-03-13,21.75
1985-03-14,21.75
1985-03-15,22.62
1985-03-18,22.87
1985-03-19,22.0
1985-03-20,22.25
1985-03-21,22.62
1985-03-22,22.25
1985-03-25,21.62
1985-03-26,22.5
1985-03-27,21.87
1985-03-28,21.87
1985-03-29,22.12
1985-04-01,21.62
1985-04-02,21.0
1985-04-03,21.0
1985-04-04,20.87
1985-04-08,19.62
1985-04-09,19.62
1985-04-10,21.0
1985-04-11,21.37
1985-04-12,20.87
1985-04-15,21.37
1985-04-16,21.62
1985-04-17,22.62
1985-04-18,22.87
1985-04-19,22.5
1985-04-22,21.62
1985-04-23,22.12
1985-04-24,22.0
1985-04-25,22.0
1985-04-26,21.87
1985-04-29,21.12
1985-04-30,21.25
1985-05-01,20.87
1985-05-02,19.25
1985-05-03,20.0
1985-05-06,19.75
1985-05-07,20.0
1985-05-08,19.87
1985-05-09,20.0
1985-05-10,20.25
1985-05-13,20.0
1985-05-14,19.75
1985-05-15,20.0
1985-05-16,21.37
1985-05-17,21.75
1985-05-20,21.37
1985-05-21,20.75
1985-05-22,20.62
1985-05-23,19.75
1985-05-24,18.12
1985-05-28,16.87
1985-05-29,17.12
1985-05-30,17.62
1985-05-31,17.37
1985-06-03,16.0
1985-06-04,17.25
1985-06-05,16.87
1985-06-06,17.0
1985-06-07,16.37
1985-06-10,16.12
1985-06-11,16.12
1985-06-12,15.75
1985-06-13,14.88
1985-06-14,14.75
1985-06-17,14.88
1985-06-18,15.25
1985-06-19,15.63
1985-06-20,15.75
1985-06-21,16.12
1985-06-24,17.25
1985-06-25,17.5
1985-06-26,18.12
1985-06-27,18.37
1985-06-28,18.0
1985-07-01,18.12
1985-07-02,17.25
1985-07-03,17.5
1985-07-05,17.62
1985-07-08,17.62
1985-07-09,17.62
1985-07-10,18.0
1985-07-11,18.0
1985-07-12,17.87
1985-07-15,17.75
1985-07-16,17.5
1985-07-17,17.62
1985-07-18,17.25
1985-07-19,17.37
1985-07-22,16.87
1985-07-23,16.5
1985-07-24,16.25
1985-07-25,16.62
1985-07-26,16.62
1985-07-29,16.0
1985-07-30,16.25
1985-07-31,15.88
1985-08-01,15.88
1985-08-02,15.75
1985-08-05,15.38
1985-08-06,15.25
1985-08-07,14.88
1985-08-08,15.13
1985-08-09,15.25
1985-08-12,15.0
1985-08-13,15.25
1985-08-14,14.63
1985-08-15,14.5
1985-08-16,14.63
1985-08-19,15.0
1985-08-20,15.25
1985-08-21,15.25
1985-08-22,14.88
1985-08-23,14.75
1985-08-26,15.13
1985-08-27,15.25
1985-08-28,15.25
1985-08-29,14.88
1985-08-30,15.0
1985-09-03,14.75
1985-09-04,14.88
1985-09-05,14.88
1985-09-06,15.0
1985-09-09,15.25
1985-09-10,15.38
1985-09-11,15.5
1985-09-12,16.12
1985-09-13,15.75
1985-09-16,15.25
1985-09-17,15.25
1985-09-18,16.25
1985-09-19,17.0
1985-09-20,16.75
1985-09-23,16.87
1985-09-24,16.5
1985-09-25,15.88
1985-09-26,15.88
1985-09-27,15.88
1985-09-30,15.75
1985-10-01,15.75
1985-10-02,15.63
1985-10-03,15.5
1985-10-04,15.0
1985-10-07,15.0
1985-10-08,15.13
1985-10-09,15.0
1985-10-10,15.88
1985-10-11,16.0
1985-10-14,16.62
1985-10-15,17.0
1985-10-16,18.0
1985-10-17,18.25
1985-10-18,17.75
1985-10-21,17.25
1985-10-22,18.0
1985-10-23,18.0
1985-10-24,18.37
1985-10-25,18.0
1985-10-28,18.0
1985-10-29,17.87
1985-10-30,19.0
1985-10-31,18.62
1985-11-01,18.62
1985-11-04,18.75
1985-11-05,18.62
1985-11-06,19.25
1985-11-07,19.62
1985-11-08,20.5
1985-11-11,20.0
1985-11-12,19.87
1985-11-13,19.37
1985-11-14,20.0
1985-11-15,19.87
1985-11-18,19.87
1985-11-19,19.25
1985-11-20,19.0
1985-11-21,19.0
1985-11-22,19.0
1985-11-25,19.12
1985-11-26,19.37
1985-11-27,20.0
1985-11-29,20.12
1985-12-02,20.25
1985-12-03,20.12
1985-12-04,20.5
1985-12-05,20.12
1985-12-06,19.75
1985-12-09,19.37
1985-12-10,19.5
1985-12-11,19.75
1985-12-12,20.0
1985-12-13,20.0
1985-12-16,20.87
1985-12-17,20.62
1985-12-18,22.25
1985-12-19,22.5
1985-12-20,22.37
1985-12-23,21.87
1985-12-24,21.75
1985-12-26,21.75
1985-12-27,22.37
1985-12-30,22.25
1985-12-31,22.0
1986-01-02,22.25
1986-01-03,22.37
1986-01-06,22.25
1986-01-07,23.0
1986-01-08,22.87
1986-01-09,22.62
1986-01-10,22.75
1986-01-13,23.0
1986-01-14,23.25
1986-01-15,23.87
1986-01-16,24.5
1986-01-17,24.0
1986-01-20,23.87
1986-01-21,24.0
1986-01-22,23.37
1986-01-23,23.0
1986-01-24,22.62
1986-01-27,22.12
1986-01-28,22.25
1986-01-29,23.62
1986-01-30,23.0
1986-01-31,23.12
1986-02-03,23.87
1986-02-04,23.75
1986-02-05,23.75
1986-02-06,24.12
1986-02-07,24.0
1986-02-10,23.87
1986-02-11,23.87
1986-02-12,24.0
1986-02-13,23.87
1986-02-14,23.75
1986-02-18,23.87
1986-02-19,25.0
1986-02-20,25.12
1986-02-21,25.25
1986-02-24,25.75
1986-02-25,26.37
1986-02-26,26.0
1986-02-27,25.62
1986-02-28,25.0
1986-03-03,24.62
1986-03-04,24.62
1986-03-05,25.25
1986-03-06,25.37
1986-03-07,24.75
1986-03-10,24.62
1986-03-11,24.87
1986-03-12,24.75
1986-03-13,24.75
1986-03-14,26.12
1986-03-17,26.0
1986-03-18,26.87
1986-03-19,26.5
1986-03-20,28.25
1986-03-21,27.62
1986-03-24,26.75
1986-03-25,27.87
1986-03-26,28.25
1986-03-27,28.25
1986-03-31,28.25
1986-04-01,27.25
1986-04-02,27.25
1986-04-03,27.0
1986-04-04,26.75
1986-04-07,27.25
1986-04-08,27.62
1986-04-09,27.12
1986-04-10,27.25
1986-04-11,27.0
1986-04-14,26.87
1986-04-15,27.37
1986-04-16,28.25
1986-04-17,29.0
1986-04-18,29.75
1986-04-21,30.37
1986-04-22,29.87
1986-04-23,29.62
1986-04-24,31.37
1986-04-25,32.25
1986-04-28,32.0
1986-04-29,31.25
1986-04-30,30.25
1986-05-01,30.25
1986-05-02,30.5
1986-05-05,32.13
1986-05-06,32.63
1986-05-07,31.5
1986-05-08,33.0
1986-05-09,33.38
1986-05-12,36.38
1986-05-13,36.0
1986-05-14,36.88
1986-05-15,36.0
1986-05-16,36.0
1986-05-19,35.63
1986-05-20,35.38
1986-05-21,37.0
1986-05-22,36.75
1986-05-23,37.0
1986-05-27,36.88
1986-05-28,37.25
1986-05-29,37.0
1986-05-30,37.0
1986-06-02,37.13
1986-06-03,37.88
1986-06-04,38.75
1986-06-05,38.88
1986-06-06,37.75
1986-06-09,36.0
1986-06-10,36.0
1986-06-11,36.13
1986-06-12,36.0
1986-06-13,36.38
1986-06-16,35.88
1986-06-17,34.25
1986-06-18,34.25
1986-06-19,35.0
1986-06-20,36.0
1986-06-23,34.75
1986-06-24,34.88
1986-06-25,35.88
1986-06-26,36.25
1986-06-27,35.88
1986-06-30,35.88
1986-07-01,35.38
1986-07-02,36.13
1986-07-03,37.63
1986-07-07,35.63
1986-07-08,34.25
1986-07-09,34.63
1986-07-10,35.38
1986-07-11,37.13
1986-07-14,36.25
1986-07-15,34.88
1986-07-16,33.5
1986-07-17,32.25
1986-07-18,31.75
1986-07-21,33.5
1986-07-22,34.63
1986-07-23,34.13
1986-07-24,33.13
1986-07-25,34.0
1986-07-28,32.38
1986-07-29,31.25
1986-07-30,30.5
1986-07-31,31.25
1986-08-01,31.37
1986-08-04,31.5
1986-08-05,32.13
1986-08-06,31.12
1986-08-07,31.75
1986-08-08,31.62
1986-08-11,33.5
1986-08-12,34.25
1986-08-13,36.0
1986-08-14,36.0
1986-08-15,35.75
1986-08-18,35.38
1986-08-19,35.38
1986-08-20,36.25
1986-08-21,35.75
1986-08-22,36.25
1986-08-25,36.38
1986-08-26,36.63
1986-08-27,37.0
1986-08-28,37.75
1986-08-29,37.0
1986-09-02,34.75
1986-09-03,34.75
1986-09-04,35.5
1986-09-05,35.13
1986-09-08,34.75
1986-09-09,35.75
1986-09-10,35.0
1986-09-11,32.63
1986-09-12,31.75
1986-09-15,33.13
1986-09-16,34.88
1986-09-17,34.25
1986-09-18,34.0
1986-09-19,33.63
1986-09-22,35.25
1986-09-23,36.13
1986-09-24,35.13
1986-09-25,34.5
1986-09-26,34.25
1986-09-29,32.5
1986-09-30,33.5
1986-10-01,34.13
1986-10-02,34.13
1986-10-03,33.75
1986-10-06,34.13
1986-10-07,33.0
1986-10-08,32.75
1986-10-09,33.0
1986-10-10,33.25
1986-10-13,34.63
1986-10-14,34.0
1986-10-15,33.38
1986-10-16,33.63
1986-10-17,33.63
1986-10-20,32.88
1986-10-21,32.75
1986-10-22,32.5
1986-10-23,33.13
1986-10-24,33.0
1986-10-27,34.0
1986-10-28,33.38
1986-10-29,33.38
1986-10-30,34.25
1986-10-31,34.63
1986-11-03,35.0
1986-11-04,35.75
1986-11-05,37.0
1986-11-06,36.13
1986-11-07,35.75
1986-11-10,35.38
1986-11-11,35.5
1986-11-12,36.63
1986-11-13,35.5
1986-11-14,35.25
1986-11-17,36.38
1986-11-18,35.38
1986-11-19,35.0
1986-11-20,35.25
1986-11-21,36.0
1986-11-24,38.0
1986-11-25,40.25
1986-11-26,40.5
1986-11-28,40.0
1986-12-01,40.13
1986-12-02,41.5
1986-12-03,42.75
1986-12-04,42.5
1986-12-05,43.75
1986-12-08,42.5
1986-12-09,42.38
1986-12-10,43.5
1986-12-11,42.88
1986-12-12,41.25
1986-12-15,41.75
1986-12-16,42.5
1986-12-17,41.25
1986-12-18,41.38
1986-12-19,42.13
1986-12-22,42.13
1986-12-23,42.13
1986-12-24,41.88
1986-12-26,41.0
1986-12-29,40.5
1986-12-30,41.0
1986-12-31,40.5
1987-01-02,40.88
1987-01-05,43.0
1987-01-06,43.75
1987-01-07,44.75
1987-01-08,44.75
1987-01-09,45.38
1987-01-12,45.5
1987-01-13,44.63
1987-01-14,48.13
1987-01-15,49.88
1987-01-16,48.75
1987-01-19,53.13
1987-01-20,51.63
1987-01-21,49.0
1987-01-22,52.5
1987-01-23,50.25
1987-01-26,49.75
1987-01-27,52.75
1987-01-28,55.38
1987-01-29,54.13
1987-01-30,55.5
1987-02-02,55.88
1987-02-03,55.5
1987-02-04,55.0
1987-02-05,53.88
1987-02-06,54.0
1987-02-09,52.63
1987-02-10,52.75
1987-02-11,56.5
1987-02-12,58.63
1987-02-13,62.13
1987-02-17,66.37
1987-02-18,63.5
1987-02-19,62.38
1987-02-20,61.25
1987-02-23,63.13
1987-02-24,65.5
1987-02-25,69.12
1987-02-26,69.12
1987-02-27,70.0
1987-03-02,67.5
1987-03-03,65.0
1987-03-04,67.62
1987-03-05,68.5
1987-03-06,67.25
1987-03-09,64.62
1987-03-10,66.75
1987-03-11,66.25
1987-03-12,65.25
1987-03-13,63.5
1987-03-16,65.25
1987-03-17,67.0
1987-03-18,66.0
1987-03-19,68.37
1987-03-20,68.25
1987-03-23,67.5
1987-03-24,66.25
1987-03-25,66.75
1987-03-26,67.25
1987-03-27,65.0
1987-03-30,62.5
1987-03-31,64.5
1987-04-01,66.75
1987-04-02,71.75
1987-04-03,71.75
1987-04-06,70.0
1987-04-07,67.75
1987-04-08,69.0
1987-04-09,71.0
1987-04-10,70.25
1987-04-13,67.5
1987-04-14,68.0
1987-04-15,71.0
1987-04-16,71.5
1987-04-20,71.12
1987-04-21,74.75
1987-04-22,74.25
1987-04-23,76.0
1987-04-24,74.75
1987-04-27,75.0
1987-04-28,77.0
1987-04-29,77.75
1987-04-30,79.25
1987-05-01,80.0
1987-05-04,79.75
1987-05-05,80.25
1987-05-06,80.0
1987-05-07,80.25
1987-05-08,79.0
1987-05-11,77.0
1987-05-12,75.5
1987-05-13,78.5
1987-05-14,79.25
1987-05-15,78.25
1987-05-18,75.75
1987-05-19,73.25
1987-05-20,74.5
1987-05-21,74.5
1987-05-22,74.12
1987-05-26,78.0
1987-05-27,79.5
1987-05-28,80.0
1987-05-29,79.0
1987-06-01,77.75
1987-06-02,77.25
1987-06-03,77.75
1987-06-04,78.5
1987-06-05,77.75
1987-06-08,77.75
1987-06-09,78.5
1987-06-10,78.5
1987-06-11,79.0
1987-06-12,79.0
1987-06-15,78.5
1987-06-16,41.5
1987-06-17,40.5
1987-06-18,41.5
1987-06-19,41.0
1987-06-22,42.0
1987-06-23,41.25
1987-06-24,42.0
1987-06-25,40.5
1987-06-26,40.5
1987-06-29,40.75
1987-06-30,40.5
1987-07-01,40.0
1987-07-02,40.63
1987-07-06,40.75
1987-07-07,39.25
1987-07-08,37.25
1987-07-09,37.75
1987-07-10,38.0
1987-07-13,40.5
1987-07-14,43.0
1987-07-15,44.0
1987-07-16,44.0
1987-07-17,43.25
1987-07-20,41.75
1987-07-21,41.38
1987-07-22,42.5
1987-07-23,41.75
1987-07-24,42.5
1987-07-27,42.25
1987-07-28,41.88
1987-07-29,41.0
1987-07-30,41.5
1987-07-31,41.25
1987-08-03,40.25
1987-08-04,42.25
1987-08-05,43.25
1987-08-06,46.25
1987-08-07,46.5
1987-08-10,48.25
1987-08-11,49.5
1987-08-12,48.75
1987-08-13,49.0
1987-08-14,49.0
1987-08-17,49.5
1987-08-18,48.75
1987-08-19,50.0
1987-08-20,51.75
1987-08-21,53.0
1987-08-24,52.25
1987-08-25,52.0
1987-08-26,52.0
1987-08-27,52.0
1987-08-28,52.0
1987-08-31,54.0
1987-09-01,52.5
1987-09-02,52.0
1987-09-03,51.25
1987-09-04,50.5
1987-09-08,49.88
1987-09-09,52.75
1987-09-10,53.75
1987-09-11,54.5
1987-09-14,53.0
1987-09-15,51.75
1987-09-16,51.75
1987-09-17,52.0
1987-09-18,51.75
1987-09-21,50.25
1987-09-22,54.13
1987-09-23,55.25
1987-09-24,56.5
1987-09-25,57.5
1987-09-28,55.75
1987-09-29,54.5
1987-09-30,56.5
1987-10-01,58.25
1987-10-02,58.5
1987-10-05,59.25
1987-10-06,55.75
1987-10-07,55.5
1987-10-08,54.25
1987-10-09,54.13
1987-10-12,53.25
1987-10-13,54.5
1987-10-14,53.25
1987-10-15,52.0
1987-10-16,48.25
1987-10-19,36.5
1987-10-20,34.5
1987-10-21,40.5
1987-10-22,36.75
1987-10-23,35.5
1987-10-26,28.0
1987-10-27,30.25
1987-10-28,33.5
1987-10-29,39.5
1987-10-30,38.63
1987-11-02,38.75
1987-11-03,36.25
1987-11-04,36.0
1987-11-05,38.0
1987-11-06,37.75
1987-11-09,37.25
1987-11-10,36.25
1987-11-11,37.25
1987-11-12,38.75
1987-11-13,37.25
1987-11-16,36.75
1987-11-17,35.0
1987-11-18,36.25
1987-11-19,34.5
1987-11-20,35.5
1987-11-23,36.25
1987-11-24,37.0
1987-11-25,36.5
1987-11-27,35.0
1987-11-30,33.0
1987-12-01,33.25
1987-12-02,32.5
1987-12-03,30.5
1987-12-04,30.75
1987-12-07,33.0
1987-12-08,34.5
1987-12-09,35.0
1987-12-10,34.75
1987-12-11,34.0
1987-12-14,37.25
1987-12-15,37.5
1987-12-16,39.25
1987-12-17,39.25
1987-12-18,40.5
1987-12-21,41.75
1987-12-22,41.5
1987-12-23,42.25
1987-12-24,42.63
1987-12-28,40.25
1987-12-29,42.13
1987-12-30,43.38
1987-12-31,42.0
1988-01-04,44.75
1988-01-05,44.63
1988-01-06,43.75
1988-01-07,44.5
1988-01-08,40.0
1988-01-11,42.5
1988-01-12,42.0
1988-01-13,42.25
1988-01-14,42.25
1988-01-15,42.88
1988-01-18,42.75
1988-01-19,42.75
1988-01-20,39.75
1988-01-21,40.13
1988-01-22,39.25
1988-01-25,40.88
1988-01-26,39.75
1988-01-27,39.75
1988-01-28,41.25
1988-01-29,41.5
1988-02-01,41.75
1988-02-02,41.25
1988-02-03,39.5
1988-02-04,39.75
1988-02-05,38.63
1988-02-08,38.75
1988-02-09,39.75
1988-02-10,41.0
1988-02-11,40.63
1988-02-12,41.0
1988-02-16,41.25
1988-02-17,41.88
1988-02-18,41.75
1988-02-19,41.75
1988-02-22,43.25
1988-02-23,42.75
1988-02-24,42.25
1988-02-25,41.75
1988-02-26,41.75
1988-02-29,43.0
1988-03-01,43.25
1988-03-02,44.75
1988-03-03,46.5
1988-03-04,46.88
1988-03-07,46.88
1988-03-08,46.25
1988-03-09,46.75
1988-03-10,45.25
1988-03-11,45.75
1988-03-14,46.25
1988-03-15,45.0
1988-03-16,46.13
1988-03-17,45.0
1988-03-18,44.75
1988-03-21,43.88
1988-03-22,44.0
1988-03-23,42.5
1988-03-24,40.88
1988-03-25,40.13
1988-03-28,41.5
1988-03-29,41.0
1988-03-30,39.5
1988-03-31,40.0
1988-04-04,38.75
1988-04-05,39.25
1988-04-06,41.75
1988-04-07,40.75
1988-04-08,41.0
1988-04-11,41.5
1988-04-12,41.75
1988-04-13,41.25
1988-04-14,39.5
1988-04-15,39.5
1988-04-18,40.0
1988-04-19,40.25
1988-04-20,39.75
1988-04-21,39.5
1988-04-22,40.13
1988-04-25,40.88
1988-04-26,41.5
1988-04-27,41.75
1988-04-28,41.38
1988-04-29,41.0
1988-05-02,41.0
1988-05-03,41.75
1988-05-04,42.0
1988-05-05,41.75
1988-05-06,41.25
1988-05-09,40.75
1988-05-10,40.88
1988-05-11,39.5
1988-05-12,39.75
1988-05-13,40.5
1988-05-16,41.25
1988-05-17,40.5
1988-05-18,39.75
1988-05-19,39.0
1988-05-20,38.75
1988-05-23,38.0
1988-05-24,38.88
1988-05-25,38.5
1988-05-26,39.38
1988-05-27,39.75
1988-05-31,41.5
1988-06-01,42.5
1988-06-02,41.75
1988-06-03,43.0
1988-06-06,44.0
1988-06-07,44.0
1988-06-08,45.0
1988-06-09,43.5
1988-06-10,44.5
1988-06-13,45.0
1988-06-14,45.25
1988-06-15,45.75
1988-06-16,44.5
1988-06-17,44.75
1988-06-20,44.13
1988-06-21,44.88
1988-06-22,45.63
1988-06-23,45.0
1988-06-24,45.0
1988-06-27,44.5
1988-06-28,46.25
1988-06-29,46.38
1988-06-30,46.25
1988-07-01,46.5
1988-07-05,47.25
1988-07-06,46.5
1988-07-07,45.88
1988-07-08,45.25
1988-07-11,45.13
1988-07-12,44.75
1988-07-13,44.75
1988-07-14,45.0
1988-07-15,45.0
1988-07-18,45.5
1988-07-19,44.75
1988-07-20,44.25
1988-07-21,43.0
1988-07-22,42.5
1988-07-25,42.75
1988-07-26,42.75
1988-07-27,42.75
1988-07-28,42.63
1988-07-29,44.38
1988-08-01,45.0
1988-08-02,44.63
1988-08-03,44.75
1988-08-04,44.63
1988-08-05,44.25
1988-08-08,44.0
1988-08-09,43.5
1988-08-10,41.88
1988-08-11,43.25
1988-08-12,42.5
1988-08-15,41.25
1988-08-16,42.5
1988-08-17,42.0
1988-08-18,42.5
1988-08-19,40.75
1988-08-22,39.75
1988-08-23,39.5
1988-08-24,40.75
1988-08-25,40.13
1988-08-26,40.25
1988-08-29,40.88
1988-08-30,40.88
1988-08-31,39.88
1988-09-01,38.88
1988-09-02,39.75
1988-09-06,38.88
1988-09-07,38.25
1988-09-08,38.75
1988-09-09,40.5
1988-09-12,41.0
1988-09-13,41.0
1988-09-14,42.0
1988-09-15,41.63
1988-09-16,42.25
1988-09-19,41.75
1988-09-20,41.5
1988-09-21,42.75
1988-09-22,44.0
1988-09-23,43.75
1988-09-26,42.75
1988-09-27,43.38
1988-09-28,43.5
1988-09-29,44.0
1988-09-30,43.25
1988-10-03,42.5
1988-10-04,41.5
1988-10-05,40.88
1988-10-06,39.75
1988-10-07,39.75
1988-10-10,38.5
1988-10-11,39.0
1988-10-12,38.75
1988-10-13,39.0
1988-10-14,38.75
1988-10-17,38.5
1988-10-18,39.38
1988-10-19,40.0
1988-10-20,41.5
1988-10-21,41.0
1988-10-24,40.0
1988-10-25,39.88
1988-10-26,39.25
1988-10-27,39.0
1988-10-28,38.5
1988-10-31,38.63
1988-11-01,38.0
1988-11-02,37.25
1988-11-03,37.13
1988-11-04,37.75
1988-11-07,37.5
1988-11-08,38.5
1988-11-09,39.25
1988-11-10,39.5
1988-11-11,38.5
1988-11-14,38.88
1988-11-15,39.0
1988-11-16,38.0
1988-11-17,38.25
1988-11-18,38.0
1988-11-21,36.63
1988-11-22,36.13
1988-11-23,36.88
1988-11-25,36.5
1988-11-28,36.5
1988-11-29,36.75
1988-11-30,37.63
1988-12-01,38.75
1988-12-02,39.25
1988-12-05,39.5
1988-12-06,39.5
1988-12-07,39.38
1988-12-08,39.13
1988-12-09,39.13
1988-12-12,38.5
1988-12-13,38.75
1988-12-14,39.75
1988-12-15,39.5
1988-12-16,40.13
1988-12-19,40.75
1988-12-20,41.0
1988-12-21,41.75
1988-12-22,41.0
1988-12-23,41.13
1988-12-27,40.5
1988-12-28,40.25
1988-12-29,40.5
1988-12-30,40.25
1989-01-03,40.38
1989-01-04,42.0
1989-01-05,42.25
1989-01-06,42.63
1989-01-09,43.0
1989-01-10,42.63
1989-01-11,42.13
1989-01-12,42.75
1989-01-13,43.25
1989-01-16,43.75
1989-01-17,40.38
1989-01-18,39.75
1989-01-19,40.5
1989-01-20,41.0
1989-01-23,41.0
1989-01-24,41.63
1989-01-25,41.5
1989-01-26,41.75
1989-01-27,37.63
1989-01-30,37.38
1989-01-31,37.75
1989-02-01,39.25
1989-02-02,39.75
1989-02-03,39.25
1989-02-06,38.5
1989-02-07,39.0
1989-02-08,38.25
1989-02-09,38.25
1989-02-10,37.25
1989-02-13,37.0
1989-02-14,35.75
1989-02-15,36.25
1989-02-16,36.38
1989-02-17,36.75
1989-02-21,37.5
1989-02-22,36.75
1989-02-23,36.75
1989-02-24,36.0
1989-02-27,36.5
1989-02-28,36.25
1989-03-01,36.0
1989-03-02,35.0
1989-03-03,34.75
1989-03-06,35.5
1989-03-07,35.75
1989-03-08,35.25
1989-03-09,34.5
1989-03-10,35.0
1989-03-13,35.0
1989-03-14,35.25
1989-03-15,35.0
1989-03-16,35.25
1989-03-17,34.88
1989-03-20,34.88
1989-03-21,34.88
1989-03-22,33.88
1989-03-23,34.38
1989-03-27,33.75
1989-03-28,34.0
1989-03-29,34.25
1989-03-30,34.75
1989-03-31,35.63
1989-04-03,35.0
1989-04-04,34.5
1989-04-05,35.0
1989-04-06,36.0
1989-04-07,37.38
1989-04-10,37.0
1989-04-11,37.75
1989-04-12,38.5
1989-04-13,38.5
1989-04-14,38.75
1989-04-17,39.25
1989-04-18,40.13
1989-04-19,40.88
1989-04-20,40.75
1989-04-21,40.13
1989-04-24,40.13
1989-04-25,40.0
1989-04-26,39.75
1989-04-27,39.38
1989-04-28,39.0
1989-05-01,39.0
1989-05-02,39.88
1989-05-03,40.25
1989-05-04,41.0
1989-05-05,41.5
1989-05-08,42.25
1989-05-09,42.5
1989-05-10,43.25
1989-05-11,43.88
1989-05-12,45.0
1989-05-15,46.0
1989-05-16,45.38
1989-05-17,45.25
1989-05-18,44.75
1989-05-19,45.75
1989-05-22,46.0
1989-05-23,45.5
1989-05-24,47.75
1989-05-25,48.25
1989-05-26,48.5
1989-05-30,47.5
1989-05-31,47.75
1989-06-01,48.75
1989-06-02,49.0
1989-06-05,47.0
1989-06-06,46.75
1989-06-07,48.25
1989-06-08,47.63
1989-06-09,47.0
1989-06-12,47.5
1989-06-13,48.5
1989-06-14,49.63
1989-06-15,47.5
1989-06-16,44.5
1989-06-19,44.0
1989-06-20,43.0
1989-06-21,42.5
1989-06-22,43.25
1989-06-23,43.88
1989-06-26,43.5
1989-06-27,42.63
1989-06-28,41.75
1989-06-29,40.63
1989-06-30,41.25
1989-07-03,40.75
1989-07-05,40.5
1989-07-06,41.25
1989-07-07,41.25
1989-07-10,40.5
1989-07-11,39.75
1989-07-12,40.0
1989-07-13,40.63
1989-07-14,40.75
1989-07-17,40.75
1989-07-18,39.25
1989-07-19,40.5
1989-07-20,40.0
1989-07-21,40.0
1989-07-24,39.25
1989-07-25,38.75
1989-07-26,38.25
1989-07-27,39.25
1989-07-28,39.38
1989-07-31,39.75
1989-08-01,39.88
1989-08-02,40.5
1989-08-03,41.25
1989-08-04,42.75
1989-08-07,43.75
1989-08-08,44.13
1989-08-09,44.0
1989-08-10,43.25
1989-08-11,41.88
1989-08-14,40.75
1989-08-15,41.38
1989-08-16,40.38
1989-08-17,41.0
1989-08-18,42.25
1989-08-21,42.25
1989-08-22,42.88
1989-08-23,43.75
1989-08-24,44.13
1989-08-25,44.75
1989-08-28,44.75
1989-08-29,44.13
1989-08-30,44.5
1989-08-31,44.5
1989-09-01,44.63
1989-09-05,44.75
1989-09-06,44.75
1989-09-07,44.75
1989-09-08,45.0
1989-09-11,45.75
1989-09-12,46.0
1989-09-13,45.0
1989-09-14,44.75
1989-09-15,45.0
1989-09-18,44.0
1989-09-19,43.25
1989-09-20,44.63
1989-09-21,44.75
1989-09-22,44.88
1989-09-25,45.25
1989-09-26,45.25
1989-09-27,44.75
1989-09-28,45.5
1989-09-29,44.5
1989-10-02,44.38
1989-10-03,43.63
1989-10-04,44.25
1989-10-05,45.5
1989-10-06,48.13
1989-10-09,49.5
1989-10-10,49.5
1989-10-11,48.88
1989-10-12,48.75
1989-10-13,45.75
1989-10-16,46.75
1989-10-17,47.25
1989-10-18,48.25
1989-10-19,48.75
1989-10-20,48.0
1989-10-23,46.75
1989-10-24,47.63
1989-10-25,46.5
1989-10-26,45.25
1989-10-27,45.25
1989-10-30,45.75
1989-10-31,46.5
1989-11-01,46.13
1989-11-02,44.0
1989-11-03,43.25
1989-11-06,43.25
1989-11-07,44.0
1989-11-08,45.0
1989-11-09,46.0
1989-11-10,46.75
1989-11-13,46.5
1989-11-14,44.75
1989-11-15,44.25
1989-11-16,44.75
1989-11-17,44.75
1989-11-20,45.25
1989-11-21,45.25
1989-11-22,44.75
1989-11-24,44.75
1989-11-27,44.0
1989-11-28,44.13
1989-11-29,44.0
1989-11-30,44.25
1989-12-01,44.0
1989-12-04,45.25
1989-12-05,45.0
1989-12-06,42.75
1989-12-07,42.75
1989-12-08,41.75
1989-12-11,39.25
1989-12-12,36.0
1989-12-13,36.0
1989-12-14,34.88
1989-12-15,33.75
1989-12-18,34.75
1989-12-19,35.0
1989-12-20,35.75
1989-12-21,36.25
1989-12-22,36.5
1989-12-26,35.5
1989-12-27,35.13
1989-12-28,34.63
1989-12-29,35.25
1990-01-02,37.25
1990-01-03,37.5
1990-01-04,37.63
1990-01-05,37.75
1990-01-08,38.0
1990-01-09,37.63
1990-01-10,36.0
1990-01-11,34.5
1990-01-12,34.5
1990-01-15,34.25
1990-01-16,34.88
1990-01-17,33.25
1990-01-18,32.38
1990-01-19,34.25
1990-01-22,33.25
1990-01-23,33.75
1990-01-24,34.0
1990-01-25,34.13
1990-01-26,32.75
1990-01-29,33.25
1990-01-30,34.0
1990-01-31,34.0
1990-02-01,33.63
1990-02-02,34.25
1990-02-05,35.0
1990-02-06,34.75
1990-02-07,33.25
1990-02-08,33.0
1990-02-09,34.25
1990-02-12,34.0
1990-02-13,34.5
1990-02-14,34.25
1990-02-15,34.25
1990-02-16,33.75
1990-02-20,33.5
1990-02-21,34.0
1990-02-22,33.0
1990-02-23,33.25
1990-02-26,34.0
1990-02-27,33.5
1990-02-28,34.0
1990-03-01,34.25
1990-03-02,33.75
1990-03-05,34.5
1990-03-06,35.25
1990-03-07,35.38
1990-03-08,36.75
1990-03-09,36.88
1990-03-12,36.63
1990-03-13,36.88
1990-03-14,37.0
1990-03-15,36.75
1990-03-16,40.25
1990-03-19,42.38
1990-03-20,41.38
1990-03-21,41.63
1990-03-22,40.75
1990-03-23,42.25
1990-03-26,42.25
1990-03-27,42.0
1990-03-28,41.25
1990-03-29,41.13
1990-03-30,40.25
1990-04-02,40.25
1990-04-03,41.75
1990-04-04,41.25
1990-04-05,40.25
1990-04-06,39.88
1990-04-09,41.13
1990-04-10,41.25
1990-04-11,42.5
1990-04-12,43.25
1990-04-16,43.75
1990-04-17,43.25
1990-04-18,43.25
1990-04-19,40.25
1990-04-20,40.25
1990-04-23,39.75
1990-04-24,38.75
1990-04-25,38.75
1990-04-26,38.88
1990-04-27,39.13
1990-04-30,39.38
1990-05-01,39.63
1990-05-02,39.75
1990-05-03,40.0
1990-05-04,40.0
1990-05-07,41.5
1990-05-08,41.75
1990-05-09,41.88
1990-05-10,41.38
1990-05-11,42.63
1990-05-14,41.75
1990-05-15,41.75
1990-05-16,41.63
1990-05-17,41.5
1990-05-18,39.75
1990-05-21,39.5
1990-05-22,41.38
1990-05-23,42.0
1990-05-24,42.0
1990-05-25,40.0
1990-05-29,41.0
1990-05-30,41.38
1990-05-31,41.25
1990-06-01,40.75
1990-06-04,40.75
1990-06-05,39.5
1990-06-06,39.5
1990-06-07,39.0
1990-06-08,38.25
1990-06-11,39.0
1990-06-12,40.5
1990-06-13,39.75
1990-06-14,39.75
1990-06-15,39.5
1990-06-18,39.25
1990-06-19,39.63
1990-06-20,40.0
1990-06-21,41.88
1990-06-22,41.5
1990-06-25,41.25
1990-06-26,40.63
1990-06-27,41.5
1990-06-28,43.0
1990-06-29,44.75
1990-07-02,44.0
1990-07-03,44.0
1990-07-05,43.5
1990-07-06,44.75
1990-07-09,46.63
1990-07-10,47.0
1990-07-11,47.0
1990-07-12,47.38
1990-07-13,46.75
1990-07-16,45.63
1990-07-17,44.25
1990-07-18,44.63
1990-07-19,41.75
1990-07-20,41.0
1990-07-23,41.5
1990-07-24,42.13
1990-07-25,42.25
1990-07-26,41.38
1990-07-27,41.38
1990-07-30,42.38
1990-07-31,42.0
1990-08-01,42.38
1990-08-02,43.5
1990-08-03,41.25
1990-08-06,39.5
1990-08-07,39.5
1990-08-08,40.13
1990-08-09,39.5
1990-08-10,38.75
1990-08-13,39.88
1990-08-14,39.75
1990-08-15,39.25
1990-08-16,38.5
1990-08-17,36.5
1990-08-20,36.75
1990-08-21,36.25
1990-08-22,35.13
1990-08-23,34.5
1990-08-24,35.5
1990-08-27,37.75
1990-08-28,38.13
1990-08-29,37.25
1990-08-30,36.25
1990-08-31,37.0
1990-09-04,37.0
1990-09-05,36.0
1990-09-06,35.75
1990-09-07,36.38
1990-09-10,35.75
1990-09-11,34.0
1990-09-12,34.0
1990-09-13,33.75
1990-09-14,34.0
1990-09-17,33.75
1990-09-18,33.38
1990-09-19,32.5
1990-09-20,31.62
1990-09-21,31.5
1990-09-24,30.25
1990-09-25,30.0
1990-09-26,29.75
1990-09-27,28.25
1990-09-28,29.0
1990-10-01,30.5
1990-10-02,29.62
1990-10-03,27.0
1990-10-04,28.0
1990-10-05,28.0
1990-10-08,29.12
1990-10-09,28.0
1990-10-10,26.5
1990-10-11,27.75
1990-10-12,28.25
1990-10-15,27.75
1990-10-16,25.0
1990-10-17,26.5
1990-10-18,28.5
1990-10-19,31.37
1990-10-22,31.12
1990-10-23,31.0
1990-10-24,30.5
1990-10-25,30.0
1990-10-26,30.0
1990-10-29,29.87
1990-10-30,30.37
1990-10-31,30.75
1990-11-01,30.5
1990-11-02,31.75
1990-11-05,33.25
1990-11-06,33.5
1990-11-07,33.25
1990-11-08,34.5
1990-11-09,35.5
1990-11-12,36.25
1990-11-13,36.0
1990-11-14,37.0
1990-11-15,36.0
1990-11-16,35.13
1990-11-19,36.38
1990-11-20,35.5
1990-11-21,36.13
1990-11-23,36.38
1990-11-26,36.75
1990-11-27,37.5
1990-11-28,36.75
1990-11-29,36.75
1990-11-30,36.75
1990-12-03,38.13
1990-12-04,38.5
1990-12-05,40.13
1990-12-06,41.25
1990-12-07,42.5
1990-12-10,41.75
1990-12-11,40.0
1990-12-12,39.63
1990-12-13,40.75
1990-12-14,39.88
1990-12-17,40.13
1990-12-18,42.25
1990-12-19,41.88
1990-12-20,44.0
1990-12-21,45.0
1990-12-24,44.0
1990-12-26,43.75
1990-12-27,43.5
1990-12-28,43.0
1990-12-31,43.0
1991-01-02,43.5
1991-01-03,43.0
1991-01-04,43.25
1991-01-07,43.25
1991-01-08,43.25
1991-01-09,45.25
1991-01-10,47.13
1991-01-11,47.0
1991-01-14,46.25
1991-01-15,46.75
1991-01-16,49.75
1991-01-17,51.25
1991-01-18,50.25
1991-01-21,50.75
1991-01-22,51.25
1991-01-23,51.75
1991-01-24,52.13
1991-01-25,53.5
1991-01-28,54.5
1991-01-29,53.75
1991-01-30,55.5
1991-01-31,55.5
1991-02-01,55.75
1991-02-04,55.25
1991-02-05,57.75
1991-02-06,56.88
1991-02-07,57.75
1991-02-08,59.88
1991-02-11,61.38
1991-02-12,60.0
1991-02-13,60.0
1991-02-14,57.13
1991-02-15,57.63
1991-02-19,60.0
1991-02-20,61.0
1991-02-21,59.0
1991-02-22,59.75
1991-02-25,58.0
1991-02-26,58.25
1991-02-27,58.25
1991-02-28,57.25
1991-03-01,57.75
1991-03-04,58.38
1991-03-05,63.13
1991-03-06,63.0
1991-03-07,67.25
1991-03-08,65.0
1991-03-11,63.5
1991-03-12,62.88
1991-03-13,66.25
1991-03-14,65.25
1991-03-15,66.25
1991-03-18,67.75
1991-03-19,69.5
1991-03-20,67.75
1991-03-21,64.75
1991-03-22,63.25
1991-03-25,64.5
1991-03-26,70.0
1991-03-27,69.25
1991-03-28,68.0
1991-04-01,68.5
1991-04-02,72.75
1991-04-03,70.0
1991-04-04,71.5
1991-04-05,69.37
1991-04-08,70.0
1991-04-09,68.75
1991-04-10,66.87
1991-04-11,71.0
1991-04-12,71.75
1991-04-15,62.25
1991-04-16,64.25
1991-04-17,63.25
1991-04-18,61.0
1991-04-19,59.63
1991-04-22,61.5
1991-04-23,61.5
1991-04-24,60.75
1991-04-25,58.5
1991-04-26,58.63
1991-04-29,58.25
1991-04-30,55.0
1991-05-01,47.25
1991-05-02,49.0
1991-05-03,49.0
1991-05-06,50.25
1991-05-07,50.63
1991-05-08,49.75
1991-05-09,50.75
1991-05-10,51.25
1991-05-13,52.75
1991-05-14,53.5
1991-05-15,50.5
1991-05-16,49.0
1991-05-17,47.0
1991-05-20,44.25
1991-05-21,45.25
1991-05-22,46.25
1991-05-23,45.13
1991-05-24,45.88
1991-05-28,46.0
1991-05-29,47.0
1991-05-30,47.63
1991-05-31,47.0
1991-06-03,49.25
1991-06-04,49.13
1991-06-05,48.0
1991-06-06,46.63
1991-06-07,46.13
1991-06-10,46.0
1991-06-11,44.63
1991-06-12,42.38
1991-06-13,42.13
1991-06-14,41.13
1991-06-17,42.0
1991-06-18,42.13
1991-06-19,41.75
1991-06-20,42.0
1991-06-21,42.0
1991-06-24,41.75
1991-06-25,42.38
1991-06-26,43.0
1991-06-27,42.5
1991-06-28,41.5
1991-07-01,42.5
1991-07-02,42.25
1991-07-03,43.13
1991-07-05,45.63
1991-07-08,46.75
1991-07-09,46.88
1991-07-10,47.25
1991-07-11,46.75
1991-07-12,46.75
1991-07-15,45.5
1991-07-16,43.75
1991-07-17,42.5
1991-07-18,44.88
1991-07-19,46.0
1991-07-22,46.0
1991-07-23,45.0
1991-07-24,45.0
1991-07-25,45.25
1991-07-26,44.88
1991-07-29,45.5
1991-07-30,46.5
1991-07-31,46.25
1991-08-01,49.13
1991-08-02,50.0
1991-08-05,48.5
1991-08-06,49.5
1991-08-07,50.38
1991-08-08,50.5
1991-08-09,50.75
1991-08-12,51.75
1991-08-13,53.5
1991-08-14,54.88
1991-08-15,53.25
1991-08-16,53.25
1991-08-19,50.5
1991-08-20,51.0
1991-08-21,53.75
1991-08-22,54.25
1991-08-23,53.0
1991-08-26,53.0
1991-08-27,54.0
1991-08-28,53.25
1991-08-29,53.0
1991-08-30,53.0
1991-09-03,52.5
1991-09-04,51.5
1991-09-05,51.0
1991-09-06,51.5
1991-09-09,53.25
1991-09-10,50.13
1991-09-11,50.5
1991-09-12,50.63
1991-09-13,48.63
1991-09-16,47.25
1991-09-17,49.0
1991-09-18,50.13
1991-09-19,49.75
1991-09-20,50.63
1991-09-23,49.5
1991-09-24,50.25
1991-09-25,50.5
1991-09-26,50.0
1991-09-27,49.0
1991-09-30,49.5
1991-10-01,50.75
1991-10-02,49.75
1991-10-03,47.75
1991-10-04,48.25
1991-10-07,48.13
1991-10-08,48.25
1991-10-09,48.0
1991-10-10,47.75
1991-10-11,48.5
1991-10-14,49.88
1991-10-15,52.5
1991-10-16,53.5
1991-10-17,52.38
1991-10-18,55.0
1991-10-21,54.75
1991-10-22,54.5
1991-10-23,53.13
1991-10-24,52.13
1991-10-25,51.25
1991-10-28,51.5
1991-10-29,51.75
1991-10-30,49.75
1991-10-31,51.5
1991-11-01,51.0
1991-11-04,49.75
1991-11-05,48.75
1991-11-06,48.0
1991-11-07,49.75
1991-11-08,53.25
1991-11-11,53.75
1991-11-12,54.5
1991-11-13,54.13
1991-11-14,54.75
1991-11-15,50.0
1991-11-18,52.13
1991-11-19,51.25
1991-11-20,50.5
1991-11-21,51.0
1991-11-22,51.25
1991-11-25,51.25
1991-11-26,51.5
1991-11-27,51.0
1991-11-29,50.75
1991-12-02,51.75
1991-12-03,50.5
1991-12-04,50.5
1991-12-05,50.0
1991-12-06,48.75
1991-12-09,49.13
1991-12-10,49.13
1991-12-11,49.0
1991-12-12,49.38
1991-12-13,50.38
1991-12-16,50.5
1991-12-17,50.5
1991-12-18,51.75
1991-12-19,50.75
1991-12-20,50.25
1991-12-23,51.5
1991-12-24,52.25
1991-12-26,54.88
1991-12-27,55.0
1991-12-30,56.75
1991-12-31,56.38
1992-01-02,59.5
1992-01-03,59.0
1992-01-06,58.0
1992-01-07,59.13
1992-01-08,60.5
1992-01-09,62.25
1992-01-10,62.25
1992-01-13,62.0
1992-01-14,64.5
1992-01-15,63.5
1992-01-16,62.75
1992-01-17,64.75
1992-01-20,64.0
1992-01-21,61.13
1992-01-22,63.5
1992-01-23,64.5
1992-01-24,64.62
1992-01-27,64.5
1992-01-28,65.25
1992-01-29,63.25
1992-01-30,63.75
1992-01-31,64.75
1992-02-03,65.75
1992-02-04,65.75
1992-02-05,66.12
1992-02-06,64.12
1992-02-07,64.0
1992-02-10,63.13
1992-02-11,62.88
1992-02-12,65.25
1992-02-13,64.25
1992-02-14,64.12
1992-02-18,62.75
1992-02-19,62.0
1992-02-20,64.62
1992-02-21,65.0
1992-02-24,66.12
1992-02-25,68.5
1992-02-26,69.87
1992-02-27,68.5
1992-02-28,67.5
1992-03-02,67.25
1992-03-03,66.37
1992-03-04,65.0
1992-03-05,63.5
1992-03-06,64.0
1992-03-09,63.75
1992-03-10,63.75
1992-03-11,63.25
1992-03-12,62.75
1992-03-13,63.13
1992-03-16,63.38
1992-03-17,62.88
1992-03-18,63.75
1992-03-19,63.0
1992-03-20,63.25
1992-03-23,63.0
1992-03-24,65.0
1992-03-25,64.5
1992-03-26,64.0
1992-03-27,61.0
1992-03-30,58.13
1992-03-31,58.25
1992-04-01,59.0
1992-04-02,58.75
1992-04-03,59.0
1992-04-06,60.75
1992-04-07,57.25
1992-04-08,55.88
1992-04-09,57.25
1992-04-10,55.5
1992-04-13,56.5
1992-04-14,58.75
1992-04-15,60.5
1992-04-16,59.0
1992-04-20,56.75
1992-04-21,56.25
1992-04-22,57.63
1992-04-23,57.0
1992-04-24,56.5
1992-04-27,55.75
1992-04-28,54.25
1992-04-29,57.0
1992-04-30,60.13
1992-05-01,59.25
1992-05-04,60.5
1992-05-05,60.5
1992-05-06,61.75
1992-05-07,60.75
1992-05-08,62.0
1992-05-11,62.25
1992-05-12,62.25
1992-05-13,62.75
1992-05-14,61.38
1992-05-15,60.63
1992-05-18,60.38
1992-05-19,59.38
1992-05-20,60.0
1992-05-21,59.13
1992-05-22,59.5
1992-05-26,59.25
1992-05-27,60.25
1992-05-28,59.5
1992-05-29,59.75
1992-06-01,57.5
1992-06-02,56.5
1992-06-03,54.13
1992-06-04,54.5
1992-06-05,54.88
1992-06-08,54.25
1992-06-09,54.0
1992-06-10,53.75
1992-06-11,53.88
1992-06-12,54.63
1992-06-15,52.63
1992-06-16,49.25
1992-06-17,47.5
1992-06-18,45.25
1992-06-19,44.75
1992-06-22,44.25
1992-06-23,45.25
1992-06-24,46.0
1992-06-25,45.63
1992-06-26,45.25
1992-06-29,46.75
1992-06-30,48.0
1992-07-01,49.0
1992-07-02,46.25
1992-07-06,46.25
1992-07-07,44.25
1992-07-08,45.75
1992-07-09,45.88
1992-07-10,45.75
1992-07-13,47.0
1992-07-14,47.5
1992-07-15,48.0
1992-07-16,48.75
1992-07-17,45.0
1992-07-20,44.75
1992-07-21,45.75
1992-07-22,44.25
1992-07-23,44.75
1992-07-24,45.88
1992-07-27,45.25
1992-07-28,46.5
1992-07-29,47.25
1992-07-30,47.25
1992-07-31,46.75
1992-08-03,45.75
1992-08-04,45.5
1992-08-05,44.75
1992-08-06,44.0
1992-08-07,43.38
1992-08-10,44.13
1992-08-11,43.5
1992-08-12,44.13
1992-08-13,44.75
1992-08-14,44.75
1992-08-17,44.75
1992-08-18,44.75
1992-08-19,44.5
1992-08-20,44.75
1992-08-21,44.63
1992-08-24,43.25
1992-08-25,44.38
1992-08-26,44.25
1992-08-27,44.5
1992-08-28,45.0
1992-08-31,46.0
1992-09-01,46.5
1992-09-02,48.5
1992-09-03,47.75
1992-09-04,47.25
1992-09-08,47.75
1992-09-09,49.0
1992-09-10,49.25
1992-09-11,47.63
1992-09-14,49.5
1992-09-15,48.25
1992-09-16,47.0
1992-09-17,46.0
1992-09-18,46.5
1992-09-21,46.5
1992-09-22,45.75
1992-09-23,47.5
1992-09-24,46.25
1992-09-25,45.5
1992-09-28,44.75
1992-09-29,44.88
1992-09-30,45.13
1992-10-01,44.25
1992-10-02,43.75
1992-10-05,43.5
1992-10-06,44.75
1992-10-07,43.75
1992-10-08,43.5
1992-10-09,43.38
1992-10-12,44.0
1992-10-13,45.38
1992-10-14,46.0
1992-10-15,45.5
1992-10-16,49.0
1992-10-19,49.0
1992-10-20,49.13
1992-10-21,48.5
1992-10-22,48.75
1992-10-23,48.75
1992-10-26,51.5
1992-10-27,51.5
1992-10-28,52.25
1992-10-29,53.25
1992-10-30,52.5
1992-11-02,52.25
1992-11-03,52.0
1992-11-04,52.5
1992-11-05,55.0
1992-11-06,55.75
1992-11-09,55.25
1992-11-10,56.25
1992-11-11,56.75
1992-11-12,56.88
1992-11-13,56.25
1992-11-16,57.38
1992-11-17,55.25
1992-11-18,57.75
1992-11-19,58.25
1992-11-20,57.5
1992-11-23,56.75
1992-11-24,57.5
1992-11-25,56.5
1992-11-27,56.5
1992-11-30,57.5
1992-12-01,58.25
1992-12-02,57.25
1992-12-03,57.5
1992-12-04,56.88
1992-12-07,57.75
1992-12-08,58.13
1992-12-09,57.63
1992-12-10,57.25
1992-12-11,57.5
1992-12-14,57.25
1992-12-15,56.38
1992-12-16,55.0
1992-12-17,56.88
1992-12-18,58.25
1992-12-21,59.63
1992-12-22,60.63
1992-12-23,59.75
1992-12-24,59.0
1992-12-28,59.5
1992-12-29,59.63
1992-12-30,58.75
1992-12-31,59.75
1993-01-04,58.25
1993-01-05,59.25
1993-01-06,61.75
1993-01-07,61.0
1993-01-08,62.25
1993-01-11,64.12
1993-01-12,61.5
1993-01-13,63.5
1993-01-14,65.0
1993-01-15,60.25
1993-01-18,59.5
1993-01-19,59.75
1993-01-20,60.0
1993-01-21,60.0
1993-01-22,59.5
1993-01-25,60.0
1993-01-26,60.75
1993-01-27,60.25
1993-01-28,59.88
1993-01-29,59.5
1993-02-01,61.25
1993-02-02,60.25
1993-02-03,60.0
1993-02-04,59.5
1993-02-05,57.25
1993-02-08,56.5
1993-02-09,56.88
1993-02-10,55.75
1993-02-11,55.13
1993-02-12,53.88
1993-02-16,53.0
1993-02-17,53.88
1993-02-18,55.0
1993-02-19,55.0
1993-02-22,55.13
1993-02-23,54.25
1993-02-24,53.63
1993-02-25,54.75
1993-02-26,53.0
1993-03-01,53.25
1993-03-02,54.25
1993-03-03,54.63
1993-03-04,55.0
1993-03-05,55.0
1993-03-08,56.5
1993-03-09,56.75
1993-03-10,56.75
1993-03-11,56.88
1993-03-12,56.25
1993-03-15,57.0
1993-03-16,56.5
1993-03-17,55.13
1993-03-18,54.5
1993-03-19,53.75
1993-03-22,53.25
1993-03-23,52.75
1993-03-24,53.75
1993-03-25,54.75
1993-03-26,53.25
1993-03-29,51.0
1993-03-30,52.25
1993-03-31,51.5
1993-04-01,51.75
1993-04-02,50.13
1993-04-05,50.0
1993-04-06,48.75
1993-04-07,50.5
1993-04-08,49.75
1993-04-12,50.0
1993-04-13,48.5
1993-04-14,48.75
1993-04-15,47.25
1993-04-16,48.13
1993-04-19,48.5
1993-04-20,50.0
1993-04-21,49.63
1993-04-22,50.0
1993-04-23,49.25
1993-04-26,49.0
1993-04-27,50.25
1993-04-28,51.38
1993-04-29,50.75
1993-04-30,51.25
1993-05-03,51.88
1993-05-04,53.38
1993-05-05,54.5
1993-05-06,53.75
1993-05-07,54.75
1993-05-10,55.0
1993-05-11,54.5
1993-05-12,53.25
1993-05-13,55.5
1993-05-14,55.5
1993-05-17,55.75
1993-05-18,55.5
1993-05-19,57.25
1993-05-20,58.75
1993-05-21,57.5
1993-05-24,57.63
1993-05-25,56.38
1993-05-26,57.75
1993-05-27,57.5
1993-05-28,56.63
1993-06-01,57.0
1993-06-02,57.0
1993-06-03,56.38
1993-06-04,54.88
1993-06-07,50.75
1993-06-08,49.5
1993-06-09,44.25
1993-06-10,44.5
1993-06-11,43.75
1993-06-14,44.63
1993-06-15,42.0
1993-06-16,42.25
1993-06-17,41.25
1993-06-18,41.0
1993-06-21,39.63
1993-06-22,41.38
1993-06-23,40.5
1993-06-24,41.75
1993-06-25,40.0
1993-06-28,40.13
1993-06-29,39.0
1993-06-30,39.5
1993-07-01,38.0
1993-07-02,38.5
1993-07-06,37.75
1993-07-07,36.5
1993-07-08,36.5
1993-07-09,36.75
1993-07-12,38.0
1993-07-13,37.25
1993-07-14,37.25
1993-07-15,35.75
1993-07-16,27.5
1993-07-19,25.62
1993-07-20,26.87
1993-07-21,26.25
1993-07-22,26.5
1993-07-23,26.25
1993-07-26,26.87
1993-07-27,26.5
1993-07-28,26.87
1993-07-29,27.25
1993-07-30,27.75
1993-08-02,28.5
1993-08-03,29.0
1993-08-04,30.25
1993-08-05,29.5
1993-08-06,29.25
1993-08-09,29.75
1993-08-10,28.5
1993-08-11,27.5
1993-08-12,26.5
1993-08-13,27.37
1993-08-16,27.5
1993-08-17,28.37
1993-08-18,28.5
1993-08-19,27.5
1993-08-20,28.0
1993-08-23,28.37
1993-08-24,28.0
1993-08-25,27.25
1993-08-26,26.87
1993-08-27,26.5
1993-08-30,26.0
1993-08-31,26.5
1993-09-01,26.12
1993-09-02,25.75
1993-09-03,25.75
1993-09-07,26.25
1993-09-08,26.75
1993-09-09,26.0
1993-09-10,26.25
1993-09-13,25.25
1993-09-14,24.25
1993-09-15,24.5
1993-09-16,24.75
1993-09-17,25.25
1993-09-20,24.87
1993-09-21,24.5
1993-09-22,25.5
1993-09-23,24.75
1993-09-24,25.0
1993-09-27,24.75
1993-09-28,24.75
1993-09-29,23.87
1993-09-30,23.37
1993-10-01,22.75
1993-10-04,22.75
1993-10-05,23.5
1993-10-06,23.62
1993-10-07,23.0
1993-10-08,22.62
1993-10-11,23.75
1993-10-12,24.0
1993-10-13,24.0
1993-10-14,23.75
1993-10-15,28.25
1993-10-18,28.37
1993-10-19,27.75
1993-10-20,27.75
1993-10-21,30.25
1993-10-22,30.25
1993-10-25,30.0
1993-10-26,29.75
1993-10-27,31.75
1993-10-28,31.0
1993-10-29,30.75
1993-11-01,31.5
1993-11-02,32.75
1993-11-03,31.62
1993-11-04,32.25
1993-11-05,31.87
1993-11-08,30.75
1993-11-09,30.12
1993-11-10,30.75
1993-11-11,31.37
1993-11-12,31.75
1993-11-15,32.0
1993-11-16,34.0
1993-11-17,33.5
1993-11-18,33.5
1993-11-19,33.0
1993-11-22,32.5
1993-11-23,33.0
1993-11-24,33.0
1993-11-26,32.63
1993-11-29,31.75
1993-11-30,31.5
1993-12-01,31.5
1993-12-02,31.75
1993-12-03,31.5
1993-12-06,32.25
1993-12-07,32.25
1993-12-08,31.87
1993-12-09,30.0
1993-12-10,28.25
1993-12-13,29.5
1993-12-14,29.12
1993-12-15,29.75
1993-12-16,29.37
1993-12-17,29.5
1993-12-20,28.5
1993-12-21,27.5
1993-12-22,28.0
1993-12-23,27.25
1993-12-27,28.5
1993-12-28,29.12
1993-12-29,28.5
1993-12-30,29.75
1993-12-31,29.25
1994-01-03,29.87
1994-01-04,31.5
1994-01-05,33.75
1994-01-06,32.75
1994-01-07,33.13
1994-01-10,33.63
1994-01-11,31.87
1994-01-12,30.5
1994-01-13,30.62
1994-01-14,31.0
1994-01-17,30.37
1994-01-18,29.37
1994-01-19,29.25
1994-01-20,29.87
1994-01-21,33.38
1994-01-24,35.0
1994-01-25,33.88
1994-01-26,33.5
1994-01-27,34.13
1994-01-28,34.0
1994-01-31,32.75
1994-02-01,33.25
1994-02-02,33.0
1994-02-03,33.5
1994-02-04,33.5
1994-02-07,36.5
1994-02-08,35.75
1994-02-09,36.25
1994-02-10,36.5
1994-02-11,37.0
1994-02-14,37.0
1994-02-15,37.13
1994-02-16,36.75
1994-02-17,37.0
1994-02-18,36.25
1994-02-22,37.25
1994-02-23,37.25
1994-02-24,36.63
1994-02-25,36.0
1994-02-28,36.5
1994-03-01,36.25
1994-03-02,35.63
1994-03-03,35.75
1994-03-04,36.75
1994-03-07,37.88
1994-03-08,37.0
1994-03-09,37.5
1994-03-10,37.25
1994-03-11,37.25
1994-03-14,38.13
1994-03-15,37.63
1994-03-16,36.75
1994-03-17,36.5
1994-03-18,36.38
1994-03-21,35.5
1994-03-22,35.0
1994-03-23,35.13
1994-03-24,34.63
1994-03-25,32.75
1994-03-28,33.25
1994-03-29,32.75
1994-03-30,32.5
1994-03-31,33.25
1994-04-04,33.25
1994-04-05,33.5
1994-04-06,33.5
1994-04-07,33.38
1994-04-08,33.5
1994-04-11,33.5
1994-04-12,32.0
1994-04-13,31.75
1994-04-14,31.5
1994-04-15,30.25
1994-04-18,29.62
1994-04-19,29.0
1994-04-20,28.25
1994-04-21,29.62
1994-04-22,29.75
1994-04-25,31.0
1994-04-26,31.25
1994-04-28,30.25
1994-04-29,30.0
1994-05-02,31.0
1994-05-03,30.25
1994-05-04,33.0
1994-05-05,32.88
1994-05-06,32.31
1994-05-09,31.25
1994-05-10,31.0
1994-05-11,30.25
1994-05-12,29.69
1994-05-13,30.0
1994-05-16,29.5
1994-05-17,29.37
1994-05-18,30.62
1994-05-19,32.13
1994-05-20,31.06
1994-05-23,30.5
1994-05-24,30.75
1994-05-25,31.25
1994-05-26,30.5
1994-05-27,29.94
1994-05-31,29.25
1994-06-01,28.25
1994-06-02,27.37
1994-06-03,27.62
1994-06-06,27.37
1994-06-07,27.5
1994-06-08,26.12
1994-06-09,27.0
1994-06-10,26.5
1994-06-13,27.0
1994-06-14,27.06
1994-06-15,27.81
1994-06-16,26.37
1994-06-17,26.5
1994-06-20,27.12
1994-06-21,26.0
1994-06-22,26.25
1994-06-23,25.12
1994-06-24,25.61
1994-06-27,26.25
1994-06-28,26.75
1994-06-29,26.12
1994-06-30,26.5
1994-07-01,25.75
1994-07-05,26.5
1994-07-06,26.12
1994-07-07,26.81
1994-07-08,27.06
1994-07-11,27.0
1994-07-12,28.37
1994-07-13,29.69
1994-07-14,28.62
1994-07-15,28.25
1994-07-18,28.37
1994-07-19,27.69
1994-07-20,26.62
1994-07-21,28.0
1994-07-22,31.0
1994-07-25,31.69
1994-07-26,31.37
1994-07-27,31.06
1994-07-28,31.87
1994-07-29,33.69
1994-08-01,33.38
1994-08-02,32.56
1994-08-03,33.13
1994-08-04,33.25
1994-08-05,33.25
1994-08-08,33.75
1994-08-09,33.63
1994-08-10,34.63
1994-08-11,34.31
1994-08-12,34.75
1994-08-15,34.63
1994-08-16,34.75
1994-08-17,35.0
1994-08-18,34.63
1994-08-19,34.88
1994-08-22,34.88
1994-08-23,35.0
1994-08-24,34.88
1994-08-25,35.06
1994-08-26,35.75
1994-08-29,35.38
1994-08-30,36.25
1994-08-31,36.19
1994-09-01,35.0
1994-09-02,35.38
1994-09-06,35.56
1994-09-07,36.13
1994-09-08,36.13
1994-09-09,35.75
1994-09-12,35.75
1994-09-13,35.81
1994-09-14,35.13
1994-09-15,36.0
1994-09-16,36.38
1994-09-19,35.5
1994-09-20,34.56
1994-09-21,34.13
1994-09-22,33.88
1994-09-23,33.94
1994-09-26,33.94
1994-09-27,33.88
1994-09-28,33.88
1994-09-29,34.13
1994-09-30,33.69
1994-10-03,33.13
1994-10-04,33.75
1994-10-05,37.88
1994-10-06,36.25
1994-10-07,37.0
1994-10-10,38.88
1994-10-11,39.63
1994-10-12,42.13
1994-10-13,41.13
1994-10-14,41.13
1994-10-17,39.75
1994-10-18,41.25
1994-10-19,41.25
1994-10-20,41.0
1994-10-21,42.63
1994-10-24,42.25
1994-10-25,42.63
1994-10-26,43.25
1994-10-27,42.75
1994-10-28,42.13
1994-10-31,43.19
1994-11-01,43.13
1994-11-02,41.38
1994-11-03,41.5
1994-11-04,40.38
1994-11-07,40.75
1994-11-08,42.25
1994-11-09,41.63
1994-11-10,41.31
1994-11-11,41.13
1994-11-14,42.5
1994-11-15,41.38
1994-11-16,40.94
1994-11-17,40.0
1994-11-18,40.0
1994-11-21,38.13
1994-11-22,37.38
1994-11-23,36.88
1994-11-25,37.75
1994-11-28,37.81
1994-11-29,38.25
1994-11-30,37.25
1994-12-01,36.19
1994-12-02,36.56
1994-12-05,37.19
1994-12-06,37.56
1994-12-07,36.63
1994-12-08,35.88
1994-12-09,36.25
1994-12-12,36.5
1994-12-13,36.38
1994-12-14,37.88
1994-12-15,37.13
1994-12-16,37.25
1994-12-19,39.13
1994-12-20,38.5
1994-12-21,38.38
1994-12-22,38.63
1994-12-23,38.88
1994-12-27,39.13
1994-12-28,39.13
1994-12-29,39.5
1994-12-30,39.0
1995-01-03,38.38
1995-01-04,39.38
1995-01-05,38.88
1995-01-06,42.0
1995-01-09,41.2
1995-01-10,43.69
1995-01-11,46.75
1995-01-12,45.38
1995-01-13,44.88
1995-01-16,44.5
1995-01-17,45.0
1995-01-18,45.63
1995-01-19,45.88
1995-01-20,42.63
1995-01-23,42.25
1995-01-24,41.63
1995-01-25,40.98
1995-01-26,39.5
1995-01-27,39.88
1995-01-30,40.13
1995-01-31,40.38
1995-02-01,40.13
1995-02-02,41.63
1995-02-03,40.5
1995-02-06,40.5
1995-02-07,40.81
1995-02-08,42.31
1995-02-09,43.63
1995-02-10,43.75
1995-02-13,43.75
1995-02-14,42.94
1995-02-15,42.56
1995-02-16,43.19
1995-02-17,42.5
1995-02-21,41.0
1995-02-22,40.81
1995-02-23,40.19
1995-02-24,39.0
1995-02-27,38.25
1995-02-28,39.5
1995-03-01,40.0
1995-03-02,40.0
1995-03-03,40.25
1995-03-06,39.75
1995-03-07,38.31
1995-03-08,39.56
1995-03-09,39.75
1995-03-10,39.5
1995-03-13,38.13
1995-03-14,35.0
1995-03-15,35.0
1995-03-16,35.25
1995-03-17,35.13
1995-03-20,35.25
1995-03-21,36.25
1995-03-22,38.06
1995-03-23,37.13
1995-03-24,37.75
1995-03-27,37.19
1995-03-28,34.38
1995-03-29,34.38
1995-03-30,35.38
1995-03-31,35.25
1995-04-03,35.5
1995-04-04,33.88
1995-04-05,34.75
1995-04-06,36.75
1995-04-07,36.75
1995-04-10,36.63
1995-04-11,37.75
1995-04-12,39.0
1995-04-13,38.25
1995-04-17,38.38
1995-04-18,37.5
1995-04-19,36.38
1995-04-20,37.63
1995-04-21,39.13
1995-04-24,39.0
1995-04-25,37.75
1995-04-26,38.25
1995-04-27,37.88
1995-04-28,38.25
1995-05-01,38.25
1995-05-02,38.13
1995-05-03,38.13
1995-05-04,38.5
1995-05-05,38.88
1995-05-08,40.5
1995-05-09,41.25
1995-05-10,41.44
1995-05-11,41.0
1995-05-12,43.63
1995-05-15,43.63
1995-05-16,43.75
1995-05-17,44.0
1995-05-18,43.38
1995-05-19,42.75
1995-05-22,44.13
1995-05-23,43.88
1995-05-24,43.5
1995-05-25,43.38
1995-05-26,42.69
1995-05-30,42.0
1995-05-31,41.56
1995-06-01,42.19
1995-06-02,42.13
1995-06-05,43.5
1995-06-06,44.0
1995-06-07,43.13
1995-06-08,42.94
1995-06-09,43.5
1995-06-12,44.17
1995-06-13,44.0
1995-06-14,43.63
1995-06-15,43.63
1995-06-16,43.88
1995-06-19,44.38
1995-06-20,47.38
1995-06-21,49.38
1995-06-22,49.13
1995-06-23,48.75
1995-06-26,48.13
1995-06-27,46.38
1995-06-28,46.63
1995-06-29,47.25
1995-06-30,46.44
1995-07-03,46.94
1995-07-05,46.5
1995-07-06,47.0
1995-07-07,48.63
1995-07-10,48.63
1995-07-11,47.13
1995-07-12,47.0
1995-07-13,47.63
1995-07-14,48.75
1995-07-17,49.0
1995-07-18,48.13
1995-07-19,45.5
1995-07-20,47.06
1995-07-21,43.75
1995-07-24,45.38
1995-07-25,45.75
1995-07-26,45.38
1995-07-27,46.81
1995-07-28,45.5
1995-07-31,45.0
1995-08-01,43.5
1995-08-02,44.38
1995-08-03,45.0
1995-08-04,44.25
1995-08-07,43.38
1995-08-08,42.5
1995-08-09,43.13
1995-08-10,42.75
1995-08-11,43.06
1995-08-14,43.38
1995-08-15,44.06
1995-08-16,44.5
1995-08-17,44.63
1995-08-18,44.88
1995-08-21,44.13
1995-08-22,44.75
1995-08-23,45.5
1995-08-24,45.75
1995-08-25,44.75
1995-08-28,43.0
1995-08-29,43.13
1995-08-30,43.38
1995-08-31,43.0
1995-09-01,42.94
1995-09-05,43.5
1995-09-06,43.75
1995-09-07,44.75
1995-09-08,44.75
1995-09-11,44.25
1995-09-12,42.94
1995-09-13,42.38
1995-09-14,40.0
1995-09-15,35.88
1995-09-18,36.69
1995-09-19,36.75
1995-09-20,36.63
1995-09-21,37.0
1995-09-22,37.06
1995-09-25,37.52
1995-09-26,37.38
1995-09-27,36.25
1995-09-28,37.75
1995-09-29,37.25
1995-10-02,37.63
1995-10-03,37.63
1995-10-04,36.38
1995-10-05,36.5
1995-10-06,35.69
1995-10-09,34.81
1995-10-10,34.69
1995-10-11,34.88
1995-10-12,35.31
1995-10-13,36.0
1995-10-16,36.13
1995-10-17,36.63
1995-10-18,37.38
1995-10-19,34.75
1995-10-20,35.13
1995-10-23,35.13
1995-10-24,35.13
1995-10-25,34.75
1995-10-26,34.88
1995-10-27,34.75
1995-10-30,35.25
1995-10-31,36.31
1995-11-01,36.63
1995-11-02,36.63
1995-11-03,36.5
1995-11-06,38.13
1995-11-07,39.63
1995-11-08,38.88
1995-11-09,39.38
1995-11-10,39.75
1995-11-13,40.88
1995-11-14,41.5
1995-11-15,41.0
1995-11-16,39.94
1995-11-17,40.13
1995-11-20,38.63
1995-11-21,38.63
1995-11-22,38.63
1995-11-24,40.19
1995-11-27,39.38
1995-11-28,40.0
1995-11-29,39.25
1995-11-30,38.13
1995-12-01,37.63
1995-12-04,39.5
1995-12-05,39.5
1995-12-06,38.75
1995-12-07,38.56
1995-12-08,39.38
1995-12-11,38.63
1995-12-12,38.0
1995-12-13,38.38
1995-12-14,38.25
1995-12-15,35.25
1995-12-18,32.25
1995-12-19,32.75
1995-12-20,32.63
1995-12-21,32.5
1995-12-22,32.25
1995-12-26,32.06
1995-12-27,32.38
1995-12-28,32.0
1995-12-29,31.87
1996-01-02,32.13
1996-01-03,32.13
1996-01-04,31.56
1996-01-05,34.25
1996-01-08,34.63
1996-01-09,32.75
1996-01-10,34.25
1996-01-11,35.0
1996-01-12,33.88
1996-01-15,34.13
1996-01-16,34.56
1996-01-17,34.0
1996-01-18,31.94
1996-01-19,29.87
1996-01-22,30.5
1996-01-23,31.62
1996-01-24,32.25
1996-01-25,30.25
1996-01-26,30.62
1996-01-29,29.12
1996-01-30,27.31
1996-01-31,27.62
1996-02-01,28.37
1996-02-02,29.25
1996-02-05,29.25
1996-02-06,29.62
1996-02-07,28.25
1996-02-08,27.87
1996-02-09,27.75
1996-02-12,28.37
1996-02-13,28.12
1996-02-14,27.62
1996-02-15,28.0
1996-02-16,27.5
1996-02-20,29.0
1996-02-21,29.62
1996-02-22,29.87
1996-02-23,29.87
1996-02-26,29.5
1996-02-27,28.62
1996-02-28,27.75
1996-02-29,27.5
1996-03-01,26.87
1996-03-04,26.25
1996-03-05,26.62
1996-03-06,26.19
1996-03-07,25.81
1996-03-08,26.0
1996-03-11,25.87
1996-03-12,25.81
1996-03-13,25.75
1996-03-14,25.62
1996-03-15,25.87
1996-03-18,26.12
1996-03-19,25.75
1996-03-20,25.25
1996-03-21,25.12
1996-03-22,25.37
1996-03-25,24.0
1996-03-26,23.87
1996-03-27,25.25
1996-03-28,24.19
1996-03-29,24.56
1996-04-01,25.5
1996-04-02,25.0
1996-04-03,24.56
1996-04-04,24.12
1996-04-08,24.37
1996-04-09,26.0
1996-04-10,26.0
1996-04-11,25.75
1996-04-12,25.5
1996-04-15,25.75
1996-04-16,25.87
1996-04-17,25.25
1996-04-18,24.75
1996-04-19,25.06
1996-04-22,25.12
1996-04-23,24.75
1996-04-24,24.25
1996-04-25,24.87
1996-04-26,24.75
1996-04-29,24.75
1996-04-30,24.37
1996-05-01,24.37
1996-05-02,23.75
1996-05-03,23.87
1996-05-06,25.62
1996-05-07,26.87
1996-05-08,26.75
1996-05-09,26.12
1996-05-10,27.25
1996-05-13,27.06
1996-05-14,27.5
1996-05-15,28.5
1996-05-16,28.37
1996-05-17,27.62
1996-05-20,27.94
1996-05-21,27.12
1996-05-22,26.06
1996-05-23,26.25
1996-05-24,26.75
1996-05-28,26.37
1996-05-29,24.87
1996-05-30,25.5
1996-05-31,26.12
1996-06-03,24.75
1996-06-04,24.19
1996-06-05,25.12
1996-06-06,24.25
1996-06-07,24.37
1996-06-10,24.12
1996-06-11,24.0
1996-06-12,24.25
1996-06-13,24.62
1996-06-14,23.94
1996-06-17,23.62
1996-06-18,22.75
1996-06-19,23.12
1996-06-20,22.75
1996-06-21,22.62
1996-06-24,22.25
1996-06-25,20.62
1996-06-26,19.87
1996-06-27,20.62
1996-06-28,21.0
1996-07-01,21.5
1996-07-02,21.0
1996-07-03,19.37
1996-07-05,19.5
1996-07-08,19.12
1996-07-09,19.0
1996-07-10,18.75
1996-07-11,17.87
1996-07-12,18.06
1996-07-15,17.19
1996-07-16,16.87
1996-07-17,16.87
1996-07-18,20.87
1996-07-19,20.75
1996-07-22,20.25
1996-07-23,20.5
1996-07-24,20.81
1996-07-25,21.0
1996-07-26,22.0
1996-07-29,22.25
1996-07-30,21.37
1996-07-31,22.0
1996-08-01,21.25
1996-08-02,21.62
1996-08-05,21.0
1996-08-06,21.5
1996-08-07,22.37
1996-08-08,22.12
1996-08-09,23.12
1996-08-12,23.0
1996-08-13,22.5
1996-08-14,22.75
1996-08-15,22.25
1996-08-16,22.5
1996-08-19,23.62
1996-08-20,23.5
1996-08-21,23.0
1996-08-22,23.25
1996-08-23,23.87
1996-08-26,24.12
1996-08-27,24.86
1996-08-28,24.87
1996-08-29,24.5
1996-08-30,24.25
1996-09-03,24.12
1996-09-04,24.12
1996-09-05,22.87
1996-09-06,23.0
1996-09-09,22.0
1996-09-10,21.5
1996-09-11,21.12
1996-09-12,20.37
1996-09-13,21.0
1996-09-16,22.37
1996-09-17,23.0
1996-09-18,23.5
1996-09-19,23.37
1996-09-20,22.87
1996-09-23,22.37
1996-09-24,22.5
1996-09-25,22.37
1996-09-26,22.37
1996-09-27,22.31
1996-09-30,22.19
1996-10-01,24.62
1996-10-02,23.62
1996-10-03,22.37
1996-10-04,22.81
1996-10-07,23.12
1996-10-08,23.25
1996-10-09,23.0
1996-10-10,24.19
1996-10-11,24.25
1996-10-14,25.25
1996-10-15,25.25
1996-10-16,25.75
1996-10-17,26.37
1996-10-18,26.56
1996-10-21,25.62
1996-10-22,24.87
1996-10-23,24.75
1996-10-24,24.75
1996-10-25,24.5
1996-10-28,24.5
1996-10-29,23.25
1996-10-30,22.87
1996-10-31,23.0
1996-11-01,24.25
1996-11-04,24.37
1996-11-05,25.5
1996-11-06,25.5
1996-11-07,25.87
1996-11-08,26.25
1996-11-11,26.0
1996-11-12,25.25
1996-11-13,25.56
1996-11-14,25.62
1996-11-15,25.0
1996-11-18,24.75
1996-11-19,24.87
1996-11-20,25.0
1996-11-21,24.5
1996-11-22,25.25
1996-11-25,25.0
1996-11-26,24.25
1996-11-27,24.5
1996-11-29,24.12
1996-12-02,25.12
1996-12-03,25.12
1996-12-04,25.0
1996-12-05,25.0
1996-12-06,25.12
1996-12-09,25.0
1996-12-10,24.5
1996-12-11,24.0
1996-12-12,23.87
1996-12-13,23.25
1996-12-16,22.62
1996-12-17,22.5
1996-12-18,23.12
1996-12-19,22.25
1996-12-20,23.5
1996-12-23,23.25
1996-12-24,23.12
1996-12-26,23.0
1996-12-27,23.12
1996-12-30,21.75
1996-12-31,20.87
1997-01-02,21.0
1997-01-03,21.75
1997-01-06,17.87
1997-01-07,17.5
1997-01-08,17.62
1997-01-09,17.75
1997-01-10,18.25
1997-01-13,18.12
1997-01-14,17.87
1997-01-15,17.25
1997-01-16,16.75
1997-01-17,16.75
1997-01-20,16.94
1997-01-21,17.25
1997-01-22,17.19
1997-01-23,17.25
1997-01-24,16.87
1997-01-27,16.62
1997-01-28,16.62
1997-01-29,16.62
1997-01-30,16.75
1997-01-31,16.62
1997-02-03,16.31
1997-02-04,15.38
1997-02-05,15.25
1997-02-06,16.0
1997-02-07,15.81
1997-02-10,15.63
1997-02-11,15.69
1997-02-12,15.75
1997-02-13,16.12
1997-02-14,16.31
1997-02-18,17.87
1997-02-19,17.62
1997-02-20,17.0
1997-02-21,16.37
1997-02-24,16.62
1997-02-25,16.87
1997-02-26,17.12
1997-02-27,17.0
1997-02-28,16.25
1997-03-03,16.12
1997-03-04,16.5
1997-03-05,17.0
1997-03-06,16.62
1997-03-07,16.5
1997-03-10,16.62
1997-03-11,16.37
1997-03-12,16.25
1997-03-13,16.37
1997-03-14,16.56
1997-03-17,16.5
1997-03-18,16.25
1997-03-19,16.12
1997-03-20,17.25
1997-03-21,16.62
1997-03-24,16.5
1997-03-25,16.5
1997-03-26,16.75
1997-03-27,18.62
1997-03-31,18.25
1997-04-01,17.5
1997-04-02,18.0
1997-04-03,18.87
1997-04-04,19.25
1997-04-07,19.5
1997-04-08,19.12
1997-04-09,19.0
1997-04-10,18.87
1997-04-11,18.25
1997-04-14,18.75
1997-04-15,18.44
1997-04-16,18.56
1997-04-17,19.0
1997-04-18,18.37
1997-04-21,18.0
1997-04-22,18.5
1997-04-23,18.12
1997-04-24,17.87
1997-04-25,17.5
1997-04-28,17.62
1997-04-29,17.69
1997-04-30,17.0
1997-05-01,17.0
1997-05-02,17.0
1997-05-05,17.0
1997-05-06,16.87
1997-05-07,16.5
1997-05-08,17.0
1997-05-09,17.06
1997-05-12,17.56
1997-05-13,17.56
1997-05-14,17.69
1997-05-15,17.75
1997-05-16,17.25
1997-05-19,17.0
1997-05-20,17.25
1997-05-21,16.87
1997-05-22,16.62
1997-05-23,16.87
1997-05-27,17.25
1997-05-28,17.0
1997-05-29,16.62
1997-05-30,16.62
1997-06-02,16.94
1997-06-03,16.69
1997-06-04,16.62
1997-06-05,16.69
1997-06-06,16.75
1997-06-09,16.62
1997-06-10,16.25
1997-06-11,16.31
1997-06-12,16.06
1997-06-13,15.81
1997-06-16,15.5
1997-06-17,16.34
1997-06-18,15.94
1997-06-19,15.75
1997-06-20,15.56
1997-06-23,15.38
1997-06-24,15.31
1997-06-25,15.13
1997-06-26,14.69
1997-06-27,14.69
1997-06-30,14.25
1997-07-01,13.19
1997-07-02,13.06
1997-07-03,13.69
1997-07-07,13.81
1997-07-08,13.75
1997-07-09,13.69
1997-07-10,13.25
1997-07-11,15.19
1997-07-14,15.63
1997-07-15,15.94
1997-07-16,16.44
1997-07-17,17.5
1997-07-18,17.34
1997-07-21,16.16
1997-07-22,16.56
1997-07-23,16.12
1997-07-24,15.81
1997-07-25,16.25
1997-07-28,16.44
1997-07-29,16.5
1997-07-30,17.37
1997-07-31,17.5
1997-08-01,19.19
1997-08-04,19.75
1997-08-05,19.75
1997-08-06,26.31
1997-08-07,29.19
1997-08-08,26.81
1997-08-11,24.56
1997-08-12,22.06
1997-08-13,23.62
1997-08-14,23.0
1997-08-15,23.25
1997-08-18,23.62
1997-08-19,24.44
1997-08-20,24.62
1997-08-21,24.0
1997-08-22,23.62
1997-08-25,23.06
1997-08-26,22.25
1997-08-27,22.69
1997-08-28,22.0
1997-08-29,21.75
1997-09-02,22.37
1997-09-03,22.5
1997-09-04,22.5
1997-09-05,22.19
1997-09-08,21.5
1997-09-09,21.81
1997-09-10,22.94
1997-09-11,22.37
1997-09-12,22.06
1997-09-15,21.5
1997-09-16,21.94
1997-09-17,21.81
1997-09-18,22.31
1997-09-19,21.94
1997-09-22,22.81
1997-09-23,21.75
1997-09-24,21.5
1997-09-25,21.12
1997-09-26,21.31
1997-09-29,22.06
1997-09-30,21.69
1997-10-01,21.53
1997-10-02,21.94
1997-10-03,22.12
1997-10-06,21.94
1997-10-07,21.81
1997-10-08,21.5
1997-10-09,21.75
1997-10-10,22.69
1997-10-13,22.69
1997-10-14,22.69
1997-10-15,23.81
1997-10-16,21.5
1997-10-17,20.12
1997-10-20,18.69
1997-10-21,19.06
1997-10-22,18.56
1997-10-23,17.75
1997-10-24,16.56
1997-10-27,16.75
1997-10-28,18.12
1997-10-29,17.5
1997-10-30,16.5
1997-10-31,17.03
1997-11-03,17.37
1997-11-04,17.94
1997-11-05,18.37
1997-11-06,19.0
1997-11-07,19.75
1997-11-10,18.69
1997-11-11,18.37
1997-11-12,17.62
1997-11-13,18.0
1997-11-14,18.44
1997-11-17,18.5
1997-11-18,18.06
1997-11-19,18.25
1997-11-20,18.5
1997-11-21,18.19
1997-11-24,17.62
1997-11-25,17.37
1997-11-26,17.5
1997-11-28,17.75
1997-12-01,17.75
1997-12-02,15.88
1997-12-03,15.75
1997-12-04,15.63
1997-12-05,15.81
1997-12-08,15.56
1997-12-09,15.25
1997-12-10,14.75
1997-12-11,14.56
1997-12-12,14.13
1997-12-15,13.94
1997-12-16,14.31
1997-12-17,13.94
1997-12-18,13.81
1997-12-19,13.69
1997-12-22,13.31
1997-12-23,12.94
1997-12-24,13.13
1997-12-26,13.31
1997-12-29,13.13
1997-12-30,13.19
1997-12-31,13.13
1998-01-02,16.25
1998-01-05,15.88
1998-01-06,18.94
1998-01-07,17.5
1998-01-08,18.19
1998-01-09,18.19
1998-01-12,18.25
1998-01-13,19.5
1998-01-14,19.75
1998-01-15,19.19
1998-01-16,18.81
1998-01-20,19.06
1998-01-21,18.91
1998-01-22,19.25
1998-01-23,19.5
1998-01-26,19.44
1998-01-27,19.12
1998-01-28,19.19
1998-01-29,18.5
1998-01-30,18.31
1998-02-02,17.69
1998-02-03,18.31
1998-02-04,18.25
1998-02-05,18.31
1998-02-06,18.5
1998-02-09,19.19
1998-02-10,19.44
1998-02-11,19.0
1998-02-12,19.37
1998-02-13,19.5
1998-02-17,19.62
1998-02-18,20.56
1998-02-19,20.44
1998-02-20,20.0
1998-02-23,21.25
1998-02-24,21.31
1998-02-25,22.31
1998-02-26,23.5
1998-02-27,23.62
1998-03-02,22.75
1998-03-03,23.12
1998-03-04,24.44
1998-03-05,24.06
1998-03-06,24.44
1998-03-09,22.75
1998-03-10,24.06
1998-03-11,26.12
1998-03-12,27.0
1998-03-13,27.12
1998-03-16,26.69
1998-03-17,26.34
1998-03-18,26.94
1998-03-19,26.75
1998-03-20,26.37
1998-03-23,26.12
1998-03-24,28.0
1998-03-25,27.16
1998-03-26,26.56
1998-03-27,26.94
1998-03-30,27.44
1998-03-31,27.5
1998-04-01,27.5
1998-04-02,27.31
1998-04-03,27.06
1998-04-06,26.25
1998-04-07,25.5
1998-04-08,25.0
1998-04-09,25.62
1998-04-13,26.44
1998-04-14,26.94
1998-04-15,27.44
1998-04-16,28.62
1998-04-17,27.94
1998-04-20,29.0
1998-04-21,29.0
1998-04-22,27.5
1998-04-23,27.69
1998-04-24,27.94
1998-04-27,27.75
1998-04-28,26.94
1998-04-29,27.0
1998-04-30,27.37
1998-05-01,28.0
1998-05-04,29.06
1998-05-05,29.69
1998-05-06,30.31
1998-05-07,30.19
1998-05-08,30.44
1998-05-11,30.94
1998-05-12,30.12
1998-05-13,30.44
1998-05-14,30.06
1998-05-15,29.56
1998-05-18,28.5
1998-05-19,29.37
1998-05-20,29.56
1998-05-21,28.87
1998-05-22,27.87
1998-05-26,26.69
1998-05-27,26.75
1998-05-28,27.44
1998-05-29,26.62
1998-06-01,26.25
1998-06-02,26.87
1998-06-03,26.31
1998-06-04,26.81
1998-06-05,26.87
1998-06-08,27.25
1998-06-09,28.25
1998-06-10,28.06
1998-06-11,27.81
1998-06-12,28.12
1998-06-15,27.5
1998-06-16,28.0
1998-06-17,28.12
1998-06-18,27.31
1998-06-19,27.06
1998-06-22,27.37
1998-06-23,27.81
1998-06-24,28.25
1998-06-25,28.56
1998-06-26,28.19
1998-06-29,28.69
1998-06-30,28.69
1998-07-01,29.94
1998-07-02,29.0
1998-07-06,30.37
1998-07-07,30.5
1998-07-08,32.56
1998-07-09,31.69
1998-07-10,32.06
1998-07-13,33.94
1998-07-14,33.44
1998-07-15,34.44
1998-07-16,37.5
1998-07-17,36.88
1998-07-20,36.25
1998-07-21,35.63
1998-07-22,35.0
1998-07-23,34.94
1998-07-24,34.69
1998-07-27,34.44
1998-07-28,33.63
1998-07-29,35.13
1998-07-30,36.5
1998-07-31,34.63
1998-08-03,35.13
1998-08-04,34.19
1998-08-05,36.0
1998-08-06,36.88
1998-08-07,36.5
1998-08-10,37.94
1998-08-11,39.0
1998-08-12,40.06
1998-08-13,39.44
1998-08-14,40.5
1998-08-17,41.94
1998-08-18,42.56
1998-08-19,41.0
1998-08-20,40.63
1998-08-21,43.0
1998-08-24,41.19
1998-08-25,40.81
1998-08-26,40.38
1998-08-27,37.5
1998-08-28,34.19
1998-08-31,31.19
1998-09-01,34.13
1998-09-02,35.56
1998-09-03,34.63
1998-09-04,35.13
1998-09-08,38.25
1998-09-09,37.38
1998-09-10,38.13
1998-09-11,37.63
1998-09-14,37.19
1998-09-15,38.19
1998-09-16,37.31
1998-09-17,36.0
1998-09-18,36.75
1998-09-21,36.94
1998-09-22,37.0
1998-09-23,38.31
1998-09-24,38.5
1998-09-25,38.75
1998-09-28,39.06
1998-09-29,39.5
1998-09-30,38.13
1998-10-01,35.69
1998-10-02,35.06
1998-10-05,32.19
1998-10-06,32.56
1998-10-07,31.94
1998-10-08,30.81
1998-10-09,35.13
1998-10-12,37.44
1998-10-13,38.75
1998-10-14,37.38
1998-10-15,36.63
1998-10-16,36.69
1998-10-19,37.5
1998-10-20,36.06
1998-10-21,37.13
1998-10-22,36.75
1998-10-23,35.5
1998-10-26,37.44
1998-10-27,35.25
1998-10-28,36.81
1998-10-29,36.44
1998-10-30,37.13
1998-11-02,37.63
1998-11-03,37.81
1998-11-04,38.69
1998-11-05,38.19
1998-11-06,38.06
1998-11-09,36.63
1998-11-10,35.13
1998-11-11,33.56
1998-11-12,34.0
1998-11-13,35.69
1998-11-16,36.0
1998-11-17,34.81
1998-11-18,35.44
1998-11-19,35.75
1998-11-20,35.31
1998-11-23,36.25
1998-11-24,35.94
1998-11-25,35.13
1998-11-27,35.06
1998-11-30,31.94
1998-12-01,34.13
1998-12-02,36.0
1998-12-03,33.69
1998-12-04,32.75
1998-12-07,33.75
1998-12-08,32.06
1998-12-09,32.0
1998-12-10,32.0
1998-12-11,33.75
1998-12-14,32.5
1998-12-15,33.56
1998-12-16,32.81
1998-12-17,33.44
1998-12-18,35.19
1998-12-21,35.06
1998-12-22,38.0
1998-12-23,39.81
1998-12-24,39.25
1998-12-28,40.88
1998-12-29,40.81
1998-12-30,40.06
1998-12-31,40.94
1999-01-04,41.25
1999-01-05,43.31
1999-01-06,41.75
1999-01-07,45.0
1999-01-08,45.0
1999-01-11,45.88
1999-01-12,46.13
1999-01-13,46.5
1999-01-14,41.38
1999-01-15,41.31
1999-01-19,40.88
1999-01-20,40.56
1999-01-21,38.81
1999-01-22,38.75
1999-01-25,39.38
1999-01-26,40.5
1999-01-27,40.13
1999-01-28,40.88
1999-01-29,41.19
1999-02-01,40.94
1999-02-02,39.19
1999-02-03,40.19
1999-02-04,37.88
1999-02-05,36.31
1999-02-08,37.75
1999-02-09,37.19
1999-02-10,38.31
1999-02-11,39.63
1999-02-12,37.69
1999-02-16,38.31
1999-02-17,37.0
1999-02-18,36.0
1999-02-19,37.19
1999-02-22,38.44
1999-02-23,38.44
1999-02-24,37.44
1999-02-25,36.94
1999-02-26,34.81
1999-03-01,33.75
1999-03-02,34.63
1999-03-03,34.19
1999-03-04,33.44
1999-03-05,33.19
1999-03-08,34.38
1999-03-09,34.13
1999-03-10,32.56
1999-03-11,32.19
1999-03-12,33.19
1999-03-15,34.06
1999-03-16,35.5
1999-03-17,34.06
1999-03-18,35.5
1999-03-19,33.5
1999-03-22,35.06
1999-03-23,33.0
1999-03-24,33.69
1999-03-25,33.81
1999-03-26,33.25
1999-03-29,35.38
1999-03-30,35.88
1999-03-31,35.94
1999-04-01,36.06
1999-04-05,37.06
1999-04-06,38.0
1999-04-07,37.13
1999-04-08,36.88
1999-04-09,36.75
1999-04-12,36.25
1999-04-13,34.63
1999-04-14,35.53
1999-04-15,35.75
1999-04-16,35.44
1999-04-19,33.88
1999-04-20,34.06
1999-04-21,34.38
1999-04-22,36.38
1999-04-23,39.19
1999-04-26,40.94
1999-04-27,45.75
1999-04-28,44.06
1999-04-29,43.0
1999-04-30,46.0
1999-05-03,49.56
1999-05-04,46.5
1999-05-05,47.0
1999-05-06,44.5
1999-05-07,45.88
1999-05-10,45.25
1999-05-11,44.75
1999-05-12,46.5
1999-05-13,46.19
1999-05-14,44.38
1999-05-17,44.38
1999-05-18,45.25
1999-05-19,45.19
1999-05-20,42.5
1999-05-21,43.94
1999-05-24,41.94
1999-05-25,41.5
1999-05-26,44.06
1999-05-27,43.5
1999-05-28,44.06
1999-06-01,44.81
1999-06-02,46.56
1999-06-03,47.44
1999-06-04,48.13
1999-06-07,48.94
1999-06-08,47.69
1999-06-09,48.44
1999-06-10,48.13
1999-06-11,46.44
1999-06-14,45.44
1999-06-15,46.06
1999-06-16,47.94
1999-06-17,46.38
1999-06-18,47.13
1999-06-21,46.5
1999-06-22,45.38
1999-06-23,43.69
1999-06-24,42.31
1999-06-25,42.19
1999-06-28,42.56
1999-06-29,45.38
1999-06-30,46.31
1999-07-01,45.31
1999-07-02,46.31
1999-07-06,47.38
1999-07-07,49.88
1999-07-08,54.5
1999-07-09,55.63
1999-07-12,54.5
1999-07-13,53.69
1999-07-14,55.94
1999-07-15,53.25
1999-07-16,53.06
1999-07-19,54.44
1999-07-20,52.88
1999-07-21,54.06
1999-07-22,52.38
1999-07-23,53.31
1999-07-26,50.94
1999-07-27,53.69
1999-07-28,54.38
1999-07-29,53.88
1999-07-30,55.69
1999-08-02,55.75
1999-08-03,55.25
1999-08-04,53.81
1999-08-05,54.75
1999-08-06,54.13
1999-08-09,54.44
1999-08-10,55.38
1999-08-11,59.69
1999-08-12,60.0
1999-08-13,60.06
1999-08-16,60.5
1999-08-17,60.31
1999-08-18,60.13
1999-08-19,58.75
1999-08-20,59.19
1999-08-23,60.75
1999-08-24,60.38
1999-08-25,61.38
1999-08-26,62.13
1999-08-27,64.75
1999-08-30,62.06
1999-08-31,65.25
1999-09-01,68.62
1999-09-02,70.56
1999-09-03,73.5
1999-09-07,76.37
1999-09-08,74.5
1999-09-09,75.56
1999-09-10,77.44
1999-09-13,75.0
1999-09-14,77.81
1999-09-15,75.37
1999-09-16,76.81
1999-09-17,76.94
1999-09-20,79.06
1999-09-21,69.25
1999-09-22,70.31
1999-09-23,63.31
1999-09-24,64.94
1999-09-27,61.31
1999-09-28,59.63
1999-09-29,59.06
1999-09-30,63.31
1999-10-01,61.72
1999-10-04,64.56
1999-10-05,67.94
1999-10-06,67.19
1999-10-07,66.37
1999-10-08,65.56
1999-10-11,66.69
1999-10-12,67.69
1999-10-13,64.03
1999-10-14,73.19
1999-10-15,74.56
1999-10-18,73.25
1999-10-19,68.5
1999-10-20,75.12
1999-10-21,76.12
1999-10-22,73.94
1999-10-25,74.5
1999-10-26,75.06
1999-10-27,76.37
1999-10-28,77.87
1999-10-29,80.12
1999-11-01,77.62
1999-11-02,80.25
1999-11-03,81.5
1999-11-04,83.62
1999-11-05,88.31
1999-11-08,96.37
1999-11-09,89.62
1999-11-10,91.44
1999-11-11,92.25
1999-11-12,90.62
1999-11-15,89.44
1999-11-16,91.19
1999-11-17,90.25
1999-11-18,89.62
1999-11-19,92.44
1999-11-22,90.62
1999-11-23,92.81
1999-11-24,94.69
1999-11-26,95.06
1999-11-29,94.56
1999-11-30,97.87
1999-12-01,103.06
1999-12-02,110.19
1999-12-03,115.0
1999-12-06,116.0
1999-12-07,117.81
1999-12-08,110.06
1999-12-09,105.25
1999-12-10,103.0
1999-12-13,99.0
1999-12-14,94.87
1999-12-15,97.0
1999-12-16,98.31
1999-12-17,100.0
1999-12-20,98.0
1999-12-21,102.5
1999-12-22,99.94
1999-12-23,103.5
1999-12-27,99.31
1999-12-28,98.19
1999-12-29,100.69
1999-12-30,100.31
1999-12-31,102.81
2000-01-03,111.94
2000-01-04,102.5
2000-01-05,104.0
2000-01-06,95.0
2000-01-07,99.5
2000-01-10,97.75
2000-01-11,92.75
2000-01-12,87.19
2000-01-13,96.75
2000-01-14,100.44
2000-01-18,103.94
2000-01-19,106.56
2000-01-20,113.5
2000-01-21,111.31
2000-01-24,106.25
2000-01-25,112.25
2000-01-26,110.19
2000-01-27,110.0
2000-01-28,101.62
2000-01-31,103.75
2000-02-01,100.25
2000-02-02,98.81
2000-02-03,103.31
2000-02-04,108.0
2000-02-07,114.06
2000-02-08,114.87
2000-02-09,112.62
2000-02-10,113.5
2000-02-11,108.75
2000-02-14,115.81
2000-02-15,119.0
2000-02-16,114.12
2000-02-17,114.87
2000-02-18,111.25
2000-02-22,113.81
2000-02-23,116.25
2000-02-24,115.2
2000-02-25,110.37
2000-02-28,113.25
2000-02-29,114.62
2000-03-01,130.31
2000-03-02,122.0
2000-03-03,128.0
2000-03-06,125.69
2000-03-07,122.87
2000-03-08,122.0
2000-03-09,122.25
2000-03-10,125.75
2000-03-13,121.31
2000-03-14,114.25
2000-03-15,116.25
2000-03-16,121.56
2000-03-17,125.0
2000-03-20,123.0
2000-03-21,134.94
2000-03-22,144.19
2000-03-23,141.31
2000-03-24,138.69
2000-03-27,139.56
2000-03-28,139.13
2000-03-29,135.94
2000-03-30,125.75
2000-03-31,135.81
2000-04-03,133.31
2000-04-04,127.31
2000-04-05,130.38
2000-04-06,125.19
2000-04-07,131.75
2000-04-10,125.0
2000-04-11,119.44
2000-04-12,109.25
2000-04-13,113.81
2000-04-14,111.87
2000-04-17,123.87
2000-04-18,126.87
2000-04-19,121.12
2000-04-20,118.87
2000-04-24,120.5
2000-04-25,128.31
2000-04-26,121.31
2000-04-27,126.75
2000-04-28,124.06
2000-05-01,124.31
2000-05-02,117.87
2000-05-03,115.06
2000-05-04,110.69
2000-05-05,113.12
2000-05-08,110.12
2000-05-09,105.44
2000-05-10,99.31
2000-05-11,102.81
2000-05-12,107.62
2000-05-15,101.0
2000-05-16,105.69
2000-05-17,101.37
2000-05-18,100.75
2000-05-19,94.0
2000-05-22,89.94
2000-05-23,85.81
2000-05-24,87.69
2000-05-25,87.27
2000-05-26,86.37
2000-05-30,87.56
2000-05-31,84.0
2000-06-01,89.12
2000-06-02,92.56
2000-06-05,91.31
2000-06-06,92.87
2000-06-07,96.56
2000-06-08,94.81
2000-06-09,95.75
2000-06-12,91.19
2000-06-13,94.5
2000-06-14,90.44
2000-06-15,92.37
2000-06-16,91.19
2000-06-19,96.62
2000-06-20,101.25
2000-06-21,55.63
2000-06-22,53.75
2000-06-23,51.69
2000-06-26,54.13
2000-06-27,51.75
2000-06-28,54.44
2000-06-29,51.25
2000-06-30,52.38
2000-07-03,53.31
2000-07-05,51.63
2000-07-06,51.81
2000-07-07,54.44
2000-07-10,57.13
2000-07-11,56.94
2000-07-12,58.88
2000-07-13,56.5
2000-07-14,57.69
2000-07-17,58.31
2000-07-18,57.25
2000-07-19,52.69
2000-07-20,55.13
2000-07-21,53.56
2000-07-24,48.69
2000-07-25,50.06
2000-07-26,50.06
2000-07-27,52.0
2000-07-28,48.31
2000-07-31,50.81
2000-08-01,49.31
2000-08-02,47.25
2000-08-03,48.0
2000-08-04,47.38
2000-08-07,47.94
2000-08-08,46.75
2000-08-09,47.5
2000-08-10,47.56
2000-08-11,47.69
2000-08-14,47.06
2000-08-15,46.69
2000-08-16,48.5
2000-08-17,51.44
2000-08-18,50.0
2000-08-21,50.5
2000-08-22,51.69
2000-08-23,54.31
2000-08-24,56.11
2000-08-25,56.81
2000-08-28,58.06
2000-08-29,59.19
2000-08-30,59.5
2000-08-31,60.94
2000-09-01,63.44
2000-09-05,62.44
2000-09-06,58.44
2000-09-07,62.0
2000-09-08,58.88
2000-09-11,58.44
2000-09-12,57.75
2000-09-13,58.0
2000-09-14,56.86
2000-09-15,55.23
2000-09-18,60.66
2000-09-19,59.94
2000-09-20,61.05
2000-09-21,56.69
2000-09-22,52.19
2000-09-25,53.5
2000-09-26,51.44
2000-09-27,48.94
2000-09-28,53.5
2000-09-29,25.75
2000-10-02,24.25
2000-10-03,22.31
2000-10-04,23.62
2000-10-05,22.06
2000-10-06,22.19
2000-10-09,21.75
2000-10-10,20.87
2000-10-11,19.62
2000-10-12,20.0
2000-10-13,22.06
2000-10-16,21.5
2000-10-17,20.12
2000-10-18,20.12
2000-10-19,18.94
2000-10-20,19.5
2000-10-23,20.37
2000-10-24,18.87
2000-10-25,18.5
2000-10-26,18.5
2000-10-27,18.56
2000-10-30,19.31
2000-10-31,19.56
2000-11-01,20.5
2000-11-02,22.31
2000-11-03,22.25
2000-11-06,21.44
2000-11-07,21.31
2000-11-08,20.06
2000-11-09,20.19
2000-11-10,19.06
2000-11-13,19.37
2000-11-14,20.25
2000-11-15,19.87
2000-11-16,19.0
2000-11-17,18.5
2000-11-20,18.94
2000-11-21,18.81
2000-11-22,18.5
2000-11-24,19.31
2000-11-27,18.69
2000-11-28,18.03
2000-11-29,17.56
2000-11-30,16.5
2000-12-01,17.06
2000-12-04,16.69
2000-12-05,17.0
2000-12-06,14.31
2000-12-07,14.31
2000-12-08,15.06
2000-12-11,15.19
2000-12-12,15.38
2000-12-13,15.0
2000-12-14,14.44
2000-12-15,14.06
2000-12-18,14.25
2000-12-19,14.0
2000-12-20,14.38
2000-12-21,14.06
2000-12-22,15.0
2000-12-26,14.69
2000-12-27,14.81
2000-12-28,14.81
2000-12-29,14.88
2001-01-02,7.44
2001-01-03,8.19
2001-01-04,8.53
2001-01-05,8.19
2001-01-08,8.28
2001-01-09,8.59
2001-01-10,8.28
2001-01-11,9.0
2001-01-12,8.59
2001-01-16,8.56
2001-01-17,8.41
2001-01-18,9.34
2001-01-19,9.75
2001-01-22,9.62
2001-01-23,10.25
2001-01-24,10.25
2001-01-25,9.97
2001-01-26,9.78
2001-01-29,10.84
2001-01-30,10.88
2001-01-31,10.81
2001-02-01,10.56
2001-02-02,10.31
2001-02-05,10.09
2001-02-06,10.56
2001-02-07,10.38
2001-02-08,10.38
2001-02-09,9.56
2001-02-12,9.84
2001-02-13,9.56
2001-02-14,9.75
2001-02-15,10.03
2001-02-16,9.5
2001-02-20,9.16
2001-02-21,9.44
2001-02-22,9.41
2001-02-23,9.41
2001-02-26,9.75
2001-02-27,9.69
2001-02-28,9.12
2001-03-01,9.38
2001-03-02,9.62
2001-03-05,10.19
2001-03-06,10.75
2001-03-07,10.62
2001-03-08,10.41
2001-03-09,10.12
2001-03-12,9.31
2001-03-13,9.78
2001-03-14,10.22
2001-03-15,9.84
2001-03-16,9.81
2001-03-19,10.28
2001-03-20,9.84
2001-03-21,10.06
2001-03-22,10.81
2001-03-23,11.5
2001-03-26,10.89
2001-03-27,11.43
2001-03-28,11.08
2001-03-29,11.26
2001-03-30,11.04
2001-04-02,10.8
2001-04-03,10.12
2001-04-04,9.75
2001-04-05,10.43
2001-04-06,10.3
2001-04-09,10.27
2001-04-10,11.02
2001-04-11,10.9
2001-04-12,11.21
2001-04-16,10.72
2001-04-17,10.2
2001-04-18,11.39
2001-04-19,12.86
2001-04-20,12.52
2001-04-23,12.12
2001-04-24,12.01
2001-04-25,12.36
2001-04-26,12.34
2001-04-27,13.1
2001-04-30,12.74
2001-05-01,12.96
2001-05-02,13.3
2001-05-03,12.48
2001-05-04,12.88
2001-05-07,12.48
2001-05-08,12.28
2001-05-09,11.99
2001-05-10,11.5
2001-05-11,11.42
2001-05-14,11.64
2001-05-15,11.59
2001-05-16,12.05
2001-05-17,11.78
2001-05-18,11.76
2001-05-21,11.78
2001-05-22,11.75
2001-05-23,11.62
2001-05-24,11.6
2001-05-25,11.38
2001-05-29,10.74
2001-05-30,9.89
2001-05-31,9.97
2001-06-01,10.45
2001-06-04,10.33
2001-06-05,10.47
2001-06-06,10.36
2001-06-07,10.83
2001-06-08,10.66
2001-06-11,10.02
2001-06-12,10.16
2001-06-13,10.24
2001-06-14,9.94
2001-06-15,10.22
2001-06-18,10.16
2001-06-19,10.09
2001-06-20,10.84
2001-06-21,11.24
2001-06-22,11.13
2001-06-25,12.0
2001-06-26,11.88
2001-06-27,11.67
2001-06-28,11.77
2001-06-29,11.62
2001-07-02,11.95
2001-07-03,11.92
2001-07-05,11.59
2001-07-06,11.01
2001-07-09,11.35
2001-07-10,10.57
2001-07-11,11.27
2001-07-12,12.18
2001-07-13,12.42
2001-07-16,11.98
2001-07-17,12.55
2001-07-18,10.39
2001-07-19,9.98
2001-07-20,9.99
2001-07-23,9.77
2001-07-24,9.54
2001-07-25,9.24
2001-07-26,9.3
2001-07-27,9.48
2001-07-30,9.46
2001-07-31,9.39
2001-08-01,9.53
2001-08-02,9.91
2001-08-03,9.75
2001-08-06,9.57
2001-08-07,9.62
2001-08-08,9.45
2001-08-09,9.53
2001-08-10,9.51
2001-08-13,9.54
2001-08-14,9.36
2001-08-15,9.22
2001-08-16,9.32
2001-08-17,9.04
2001-08-20,9.06
2001-08-21,8.96
2001-08-22,9.11
2001-08-23,8.9
2001-08-24,9.28
2001-08-27,9.46
2001-08-28,9.2
2001-08-29,8.92
2001-08-30,8.92
2001-08-31,9.28
2001-09-04,9.12
2001-09-05,9.28
2001-09-06,8.86
2001-09-07,8.64
2001-09-10,8.68
2001-09-17,8.5
2001-09-18,8.14
2001-09-19,8.51
2001-09-20,7.84
2001-09-21,7.86
2001-09-24,8.22
2001-09-25,7.77
2001-09-26,7.58
2001-09-27,7.76
2001-09-28,7.76
2001-10-01,7.77
2001-10-02,7.53
2001-10-03,7.49
2001-10-04,7.94
2001-10-05,8.07
2001-10-08,8.1
2001-10-09,8.0
2001-10-10,8.41
2001-10-11,8.87
2001-10-12,9.0
2001-10-15,9.0
2001-10-16,9.0
2001-10-17,8.5
2001-10-18,9.0
2001-10-19,9.15
2001-10-22,9.51
2001-10-23,9.07
2001-10-24,9.48
2001-10-25,9.6
2001-10-26,9.34
2001-10-29,8.82
2001-10-30,8.8
2001-10-31,8.78
2001-11-01,9.3
2001-11-02,9.28
2001-11-05,9.54
2001-11-06,9.78
2001-11-07,9.8
2001-11-08,9.36
2001-11-09,9.36
2001-11-12,9.38
2001-11-13,9.68
2001-11-14,9.8
2001-11-15,9.72
2001-11-16,9.48
2001-11-19,10.0
2001-11-20,9.76
2001-11-21,9.84
2001-11-23,9.92
2001-11-26,10.68
2001-11-27,10.5
2001-11-28,10.26
2001-11-29,10.21
2001-11-30,10.65
2001-12-03,10.52
2001-12-04,11.2
2001-12-05,11.88
2001-12-06,11.39
2001-12-07,11.27
2001-12-10,11.27
2001-12-11,10.89
2001-12-12,10.74
2001-12-13,10.5
2001-12-14,10.2
2001-12-17,10.31
2001-12-18,10.5
2001-12-19,10.81
2001-12-20,10.34
2001-12-21,10.5
2001-12-24,10.68
2001-12-26,10.74
2001-12-27,11.04
2001-12-28,11.22
2001-12-31,10.95
2002-01-02,11.65
2002-01-03,11.79
2002-01-04,11.84
2002-01-07,11.45
2002-01-08,11.3
2002-01-09,10.82
2002-01-10,10.62
2002-01-11,10.52
2002-01-14,10.58
2002-01-15,10.85
2002-01-16,10.39
2002-01-17,11.24
2002-01-18,11.08
2002-01-22,10.91
2002-01-23,11.51
2002-01-24,11.6
2002-01-25,11.62
2002-01-28,11.64
2002-01-29,11.54
2002-01-30,12.04
2002-01-31,12.36
2002-02-01,12.2
2002-02-04,12.68
2002-02-05,12.72
2002-02-06,12.34
2002-02-07,12.15
2002-02-08,12.02
2002-02-11,12.49
2002-02-12,12.36
2002-02-13,12.5
2002-02-14,12.3
2002-02-15,11.95
2002-02-19,11.31
2002-02-20,11.56
2002-02-21,10.75
2002-02-22,11.37
2002-02-25,11.9
2002-02-26,11.84
2002-02-27,10.98
2002-02-28,10.85
2002-03-01,11.72
2002-03-04,12.14
2002-03-05,11.76
2002-03-06,12.04
2002-03-07,12.19
2002-03-08,12.33
2002-03-11,12.53
2002-03-12,12.36
2002-03-13,12.24
2002-03-14,12.22
2002-03-15,12.48
2002-03-18,12.37
2002-03-19,12.42
2002-03-20,12.46
2002-03-21,12.14
2002-03-22,12.04
2002-03-25,11.68
2002-03-26,11.73
2002-03-27,11.74
2002-03-28,11.84
2002-04-01,12.23
2002-04-02,12.04
2002-04-03,11.88
2002-04-04,12.45
2002-04-05,12.37
2002-04-08,12.28
2002-04-09,12.05
2002-04-10,12.33
2002-04-11,12.43
2002-04-12,12.53
2002-04-15,12.5
2002-04-16,12.87
2002-04-17,13.06
2002-04-18,12.7
2002-04-19,12.49
2002-04-22,12.26
2002-04-23,12.12
2002-04-24,11.88
2002-04-25,12.06
2002-04-26,11.5
2002-04-29,11.98
2002-04-30,12.14
2002-05-01,11.99
2002-05-02,11.84
2002-05-03,11.76
2002-05-06,11.32
2002-05-07,11.24
2002-05-08,12.18
2002-05-09,12.1
2002-05-10,11.66
2002-05-13,11.97
2002-05-14,12.8
2002-05-15,12.64
2002-05-16,12.6
2002-05-17,12.5
2002-05-20,12.37
2002-05-21,11.73
2002-05-22,12.16
2002-05-23,12.59
2002-05-24,12.08
2002-05-28,11.99
2002-05-29,11.99
2002-05-30,12.1
2002-05-31,11.65
2002-06-03,11.46
2002-06-04,11.39
2002-06-05,11.36
2002-06-06,11.08
2002-06-07,10.7
2002-06-10,10.74
2002-06-11,10.23
2002-06-12,10.04
2002-06-13,9.77
2002-06-14,10.05
2002-06-17,10.27
2002-06-18,10.08
2002-06-19,8.56
2002-06-20,8.56
2002-06-21,8.42
2002-06-24,8.64
2002-06-25,8.57
2002-06-26,8.28
2002-06-27,8.53
2002-06-28,8.86
2002-07-01,8.53
2002-07-02,8.47
2002-07-03,8.78
2002-07-05,9.37
2002-07-08,9.0
2002-07-09,8.76
2002-07-10,8.66
2002-07-11,9.15
2002-07-12,8.73
2002-07-15,9.12
2002-07-16,8.93
2002-07-17,7.82
2002-07-18,7.5
2002-07-19,7.48
2002-07-22,7.46
2002-07-23,7.24
2002-07-24,7.6
2002-07-25,7.18
2002-07-26,7.17
2002-07-29,7.51
2002-07-30,7.72
2002-07-31,7.63
2002-08-01,7.4
2002-08-02,7.22
2002-08-05,7.0
2002-08-06,7.37
2002-08-07,7.52
2002-08-08,7.65
2002-08-09,7.5
2002-08-12,7.5
2002-08-13,7.3
2002-08-14,7.58
2002-08-15,7.8
2002-08-16,7.9
2002-08-19,7.99
2002-08-20,7.96
2002-08-21,8.06
2002-08-22,7.98
2002-08-23,7.86
2002-08-26,7.76
2002-08-27,7.42
2002-08-28,7.35
2002-08-29,7.35
2002-08-30,7.38
2002-09-03,7.02
2002-09-04,7.24
2002-09-05,7.09
2002-09-06,7.19
2002-09-09,7.18
2002-09-10,7.16
2002-09-11,7.14
2002-09-12,7.07
2002-09-13,7.08
2002-09-16,7.25
2002-09-17,7.4
2002-09-18,7.51
2002-09-19,7.29
2002-09-20,7.44
2002-09-23,7.42
2002-09-24,7.32
2002-09-25,7.46
2002-09-26,7.35
2002-09-27,7.36
2002-09-30,7.25
2002-10-01,7.26
2002-10-02,7.08
2002-10-03,7.15
2002-10-04,7.02
2002-10-07,6.88
2002-10-08,6.84
2002-10-09,6.8
2002-10-10,7.06
2002-10-11,7.26
2002-10-14,7.38
2002-10-15,7.58
2002-10-16,7.28
2002-10-17,7.06
2002-10-18,7.17
2002-10-21,7.28
2002-10-22,7.35
2002-10-23,7.44
2002-10-24,7.34
2002-10-25,7.71
2002-10-28,7.8
2002-10-29,7.72
2002-10-30,8.04
2002-10-31,8.04
2002-11-01,8.18
2002-11-04,8.44
2002-11-05,8.45
2002-11-06,8.61
2002-11-07,8.0
2002-11-08,7.92
2002-11-11,7.58
2002-11-12,7.82
2002-11-13,7.8
2002-11-14,8.15
2002-11-15,7.98
2002-11-18,7.82
2002-11-19,7.64
2002-11-20,7.76
2002-11-21,8.18
2002-11-22,8.0
2002-11-25,7.98
2002-11-26,7.7
2002-11-27,7.86
2002-11-29,7.75
2002-12-02,7.59
2002-12-03,7.58
2002-12-04,7.48
2002-12-05,7.32
2002-12-06,7.48
2002-12-09,7.38
2002-12-10,7.64
2002-12-11,7.74
2002-12-12,7.6
2002-12-13,7.4
2002-12-16,7.42
2002-12-17,7.54
2002-12-18,7.28
2002-12-19,7.1
2002-12-20,7.07
2002-12-23,7.24
2002-12-24,7.18
2002-12-26,7.2
2002-12-27,7.03
2002-12-30,7.02
2002-12-31,7.16
2003-01-02,7.4
2003-01-03,7.45
2003-01-06,7.45
2003-01-07,7.42
2003-01-08,7.28
2003-01-09,7.34
2003-01-10,7.36
2003-01-13,7.32
2003-01-14,7.3
2003-01-15,7.22
2003-01-16,7.31
2003-01-17,7.05
2003-01-21,7.01
2003-01-22,6.94
2003-01-23,7.08
2003-01-24,6.9
2003-01-27,7.06
2003-01-28,7.29
2003-01-29,7.46
2003-01-30,7.16
2003-01-31,7.18
2003-02-03,7.33
2003-02-04,7.3
2003-02-05,7.22
2003-02-06,7.22
2003-02-07,7.08
2003-02-10,7.18
2003-02-11,7.18
2003-02-12,7.2
2003-02-13,7.27
2003-02-14,7.34
2003-02-18,7.64
2003-02-19,7.42
2003-02-20,7.38
2003-02-21,7.5
2003-02-24,7.37
2003-02-25,7.51
2003-02-26,7.25
2003-02-27,7.43
2003-02-28,7.5
2003-03-03,7.32
2003-03-04,7.28
2003-03-05,7.31
2003-03-06,7.28
2003-03-07,7.26
2003-03-10,7.18
2003-03-11,7.12
2003-03-12,7.11
2003-03-13,7.36
2003-03-14,7.39
2003-03-17,7.5
2003-03-18,7.5
2003-03-19,7.48
2003-03-20,7.46
2003-03-21,7.5
2003-03-24,7.18
2003-03-25,7.28
2003-03-26,7.2
2003-03-27,7.24
2003-03-28,7.28
2003-03-31,7.07
2003-04-01,7.08
2003-04-02,7.3
2003-04-03,7.23
2003-04-04,7.2
2003-04-07,7.24
2003-04-08,7.22
2003-04-09,7.1
2003-04-10,7.18
2003-04-11,6.6
2003-04-14,6.79
2003-04-15,6.7
2003-04-16,6.62
2003-04-17,6.56
2003-04-21,6.57
2003-04-22,6.76
2003-04-23,6.79
2003-04-24,6.72
2003-04-25,6.68
2003-04-28,6.93
2003-04-29,7.03
2003-04-30,7.11
2003-05-01,7.18
2003-05-02,7.22
2003-05-05,8.04
2003-05-06,8.75
2003-05-07,8.82
2003-05-08,9.0
2003-05-09,9.15
2003-05-12,9.28
2003-05-13,9.34
2003-05-14,9.28
2003-05-15,9.36
2003-05-16,9.4
2003-05-19,9.05
2003-05-20,8.9
2003-05-21,8.92
2003-05-22,9.12
2003-05-23,9.16
2003-05-27,9.44
2003-05-28,9.14
2003-05-29,9.05
2003-05-30,8.98
2003-06-02,8.72
2003-06-03,8.66
2003-06-04,8.8
2003-06-05,8.82
2003-06-06,8.58
2003-06-09,8.4
2003-06-10,8.59
2003-06-11,8.72
2003-06-12,8.88
2003-06-13,8.71
2003-06-16,9.14
2003-06-17,9.1
2003-06-18,9.56
2003-06-19,9.57
2003-06-20,9.6
2003-06-23,9.53
2003-06-24,9.39
2003-06-25,9.54
2003-06-26,9.64
2003-06-27,9.36
2003-06-30,9.53
2003-07-01,9.54
2003-07-02,9.64
2003-07-03,9.56
2003-07-07,9.94
2003-07-08,10.2
2003-07-09,9.94
2003-07-10,9.79
2003-07-11,9.92
2003-07-14,9.95
2003-07-15,9.8
2003-07-16,9.94
2003-07-17,10.45
2003-07-18,10.43
2003-07-21,10.3
2003-07-22,10.4
2003-07-23,10.4
2003-07-24,10.26
2003-07-25,10.77
2003-07-28,10.5
2003-07-29,10.36
2003-07-30,10.14
2003-07-31,10.54
2003-08-01,10.36
2003-08-04,10.6
2003-08-05,10.19
2003-08-06,9.82
2003-08-07,9.96
2003-08-08,9.82
2003-08-11,9.83
2003-08-12,9.85
2003-08-13,10.09
2003-08-14,9.98
2003-08-15,9.86
2003-08-18,10.17
2003-08-19,10.16
2003-08-20,10.5
2003-08-21,10.84
2003-08-22,10.44
2003-08-25,10.43
2003-08-26,10.52
2003-08-27,10.74
2003-08-28,11.1
2003-08-29,11.3
2003-09-02,11.42
2003-09-03,11.48
2003-09-04,11.42
2003-09-05,11.25
2003-09-08,11.37
2003-09-09,11.18
2003-09-10,11.09
2003-09-11,11.28
2003-09-12,11.55
2003-09-15,11.1
2003-09-16,11.18
2003-09-17,11.06
2003-09-18,11.44
2003-09-19,11.29
2003-09-22,11.04
2003-09-23,11.22
2003-09-24,10.66
2003-09-25,10.22
2003-09-26,10.34
2003-09-29,10.65
2003-09-30,10.36
2003-10-01,10.4
2003-10-02,10.28
2003-10-03,10.84
2003-10-06,11.14
2003-10-07,11.61
2003-10-08,11.53
2003-10-09,11.72
2003-10-10,11.84
2003-10-13,12.18
2003-10-14,12.28
2003-10-15,12.41
2003-10-16,11.62
2003-10-17,11.38
2003-10-20,11.61
2003-10-21,11.59
2003-10-22,11.38
2003-10-23,11.5
2003-10-24,11.3
2003-10-27,11.3
2003-10-28,11.86
2003-10-29,11.84
2003-10-30,11.54
2003-10-31,11.44
2003-11-03,11.58
2003-11-04,11.46
2003-11-05,11.52
2003-11-06,11.56
2003-11-07,11.25
2003-11-10,10.95
2003-11-11,10.77
2003-11-12,11.16
2003-11-13,11.21
2003-11-14,10.73
2003-11-17,10.56
2003-11-18,10.2
2003-11-19,10.21
2003-11-20,10.19
2003-11-21,10.14
2003-11-24,10.58
2003-11-25,10.34
2003-11-26,10.36
2003-11-28,10.46
2003-12-01,10.86
2003-12-02,10.77
2003-12-03,10.52
2003-12-04,10.58
2003-12-05,10.42
2003-12-08,10.52
2003-12-09,10.22
2003-12-10,10.19
2003-12-11,10.6
2003-12-12,10.44
2003-12-15,10.08
2003-12-16,10.06
2003-12-17,9.94
2003-12-18,10.02
2003-12-19,9.85
2003-12-22,9.92
2003-12-23,9.9
2003-12-24,10.2
2003-12-26,10.39
2003-12-29,10.58
2003-12-30,10.64
2003-12-31,10.68
2004-01-02,10.64
2004-01-05,11.08
2004-01-06,11.04
2004-01-07,11.3
2004-01-08,11.68
2004-01-09,11.5
2004-01-12,11.86
2004-01-13,12.06
2004-01-14,12.1
2004-01-15,11.42
2004-01-16,11.36
2004-01-20,11.36
2004-01-21,11.3
2004-01-22,11.09
2004-01-23,11.28
2004-01-26,11.5
2004-01-27,11.54
2004-01-28,11.26
2004-01-29,11.34
2004-01-30,11.28
2004-02-02,11.16
2004-02-03,11.13
2004-02-04,10.9
2004-02-05,11.21
2004-02-06,11.36
2004-02-09,11.33
2004-02-10,11.49
2004-02-11,11.9
2004-02-12,11.86
2004-02-13,11.5
2004-02-17,11.58
2004-02-18,11.63
2004-02-19,11.24
2004-02-20,11.2
2004-02-23,11.1
2004-02-24,11.18
2004-02-25,11.4
2004-02-26,11.52
2004-02-27,11.96
2004-03-01,12.01
2004-03-02,11.9
2004-03-03,11.96
2004-03-04,12.58
2004-03-05,13.37
2004-03-08,13.0
2004-03-09,13.55
2004-03-10,13.84
2004-03-11,13.58
2004-03-12,13.78
2004-03-15,13.22
2004-03-16,12.91
2004-03-17,13.1
2004-03-18,12.84
2004-03-19,12.93
2004-03-22,12.93
2004-03-23,12.64
2004-03-24,12.75
2004-03-25,13.44
2004-03-26,13.52
2004-03-29,13.96
2004-03-30,13.96
2004-03-31,13.52
2004-04-01,13.56
2004-04-02,13.75
2004-04-05,14.16
2004-04-06,13.92
2004-04-07,13.66
2004-04-08,13.76
2004-04-12,14.02
2004-04-13,13.46
2004-04-14,13.32
2004-04-15,14.65
2004-04-16,14.59
2004-04-19,14.18
2004-04-20,13.86
2004-04-21,13.86
2004-04-22,13.89
2004-04-23,13.85
2004-04-26,13.56
2004-04-27,13.47
2004-04-28,13.22
2004-04-29,13.38
2004-04-30,12.89
2004-05-03,13.04
2004-05-04,13.07
2004-05-05,13.32
2004-05-06,13.29
2004-05-07,13.34
2004-05-10,13.14
2004-05-11,13.57
2004-05-12,13.65
2004-05-13,13.6
2004-05-14,13.53
2004-05-17,13.32
2004-05-18,13.53
2004-05-19,13.24
2004-05-20,13.36
2004-05-21,13.56
2004-05-24,13.67
2004-05-25,14.2
2004-05-26,14.26
2004-05-27,14.08
2004-05-28,14.03
2004-06-01,14.03
2004-06-02,14.46
2004-06-03,14.2
2004-06-04,14.39
2004-06-07,14.9
2004-06-08,15.18
2004-06-09,15.1
2004-06-10,15.37
2004-06-14,15.06
2004-06-15,15.34
2004-06-16,16.37
2004-06-17,16.4
2004-06-18,16.46
2004-06-21,16.16
2004-06-22,16.5
2004-06-23,16.85
2004-06-24,16.59
2004-06-25,16.85
2004-06-28,16.24
2004-06-29,16.25
2004-06-30,16.27
2004-07-01,16.15
2004-07-02,15.54
2004-07-06,15.48
2004-07-07,15.2
2004-07-08,15.07
2004-07-09,15.02
2004-07-12,14.57
2004-07-13,14.61
2004-07-14,14.79
2004-07-15,16.46
2004-07-16,16.1
2004-07-19,15.98
2004-07-20,16.1
2004-07-21,15.81
2004-07-22,15.84
2004-07-23,15.35
2004-07-26,15.63
2004-07-27,16.22
2004-07-28,16.14
2004-07-29,16.32
2004-07-30,16.17
2004-08-02,15.79
2004-08-03,15.64
2004-08-04,15.9
2004-08-05,15.7
2004-08-06,14.89
2004-08-09,15.15
2004-08-10,15.76
2004-08-11,15.5
2004-08-12,15.18
2004-08-13,15.42
2004-08-16,15.39
2004-08-17,15.44
2004-08-18,15.87
2004-08-19,15.36
2004-08-20,15.4
2004-08-23,15.54
2004-08-24,15.98
2004-08-25,16.52
2004-08-26,17.33
2004-08-27,17.18
2004-08-30,17.06
2004-08-31,17.24
2004-09-01,17.93
2004-09-02,17.83
2004-09-03,17.62
2004-09-07,17.88
2004-09-08,18.18
2004-09-09,17.85
2004-09-10,17.94
2004-09-13,17.8
2004-09-14,17.74
2004-09-15,17.6
2004-09-16,18.18
2004-09-17,18.57
2004-09-20,18.86
2004-09-21,19.0
2004-09-22,18.46
2004-09-23,18.64
2004-09-24,18.64
2004-09-27,18.76
2004-09-28,19.02
2004-09-29,19.34
2004-09-30,19.38
2004-10-01,19.34
2004-10-04,19.4
2004-10-05,19.68
2004-10-06,20.32
2004-10-07,19.81
2004-10-08,19.53
2004-10-11,19.3
2004-10-12,19.14
2004-10-13,19.88
2004-10-14,22.49
2004-10-15,22.75
2004-10-18,23.88
2004-10-19,23.71
2004-10-20,23.74
2004-10-21,23.97
2004-10-22,23.7
2004-10-25,23.78
2004-10-26,23.98
2004-10-27,25.15
2004-10-28,26.1
2004-10-29,26.2
2004-11-01,26.22
2004-11-02,26.75
2004-11-03,27.66
2004-11-04,27.22
2004-11-05,27.36
2004-11-08,27.19
2004-11-09,27.02
2004-11-10,27.38
2004-11-11,27.65
2004-11-12,27.75
2004-11-15,27.62
2004-11-16,27.47
2004-11-17,27.45
2004-11-18,27.7
2004-11-19,27.58
2004-11-22,30.68
2004-11-23,30.64
2004-11-24,32.02
2004-11-26,32.28
2004-11-29,34.22
2004-11-30,33.52
2004-12-01,33.9
2004-12-02,32.6
2004-12-03,31.34
2004-12-06,32.89
2004-12-07,31.44
2004-12-08,31.64
2004-12-09,32.0
2004-12-10,32.58
2004-12-13,32.46
2004-12-14,32.64
2004-12-15,32.63
2004-12-16,33.3
2004-12-17,32.5
2004-12-20,31.36
2004-12-21,31.84
2004-12-22,31.88
2004-12-23,32.0
2004-12-27,31.58
2004-12-28,32.09
2004-12-29,32.22
2004-12-30,32.4
2004-12-31,32.2
2007-03-19,91.13
2007-03-20,91.48
2007-03-21,93.87
2007-03-22,93.96
2007-03-23,93.52
2007-03-26,95.85
2007-03-27,95.46
2007-03-28,93.24
2007-03-29,93.75
2007-03-30,92.91
2007-04-02,93.65
2007-04-03,94.5
2007-04-04,94.27
2007-04-05,94.68
2007-04-09,93.65
2007-04-10,94.25
2007-04-11,92.59
2007-04-12,92.19
2007-04-13,90.24
2007-04-16,91.43
2007-04-17,90.35
2007-04-18,90.4
2007-04-19,90.27
2007-04-20,90.97
2007-04-23,93.51
2007-04-24,93.24
2007-04-25,95.34
2007-04-26,98.84
2007-04-27,99.92
2007-04-30,99.8
2007-05-01,99.47
2007-05-02,100.39
2007-05-03,100.4
2007-05-04,100.81
2007-05-07,103.92
2007-05-08,105.06
2007-05-09,106.88
2007-05-10,107.34
2007-05-11,108.74
2007-05-14,109.36
2007-05-15,107.52
2007-05-16,107.34
2007-05-17,109.44
2007-05-18,110.02
2007-05-21,111.98
2007-05-22,113.54
2007-05-23,112.89
2007-05-24,110.69
2007-05-25,113.62
2007-05-29,114.35
2007-05-30,118.77
2007-05-31,121.19
2007-06-01,118.4
2007-06-04,121.33
2007-06-05,122.67
2007-06-06,123.64
2007-06-07,124.07
2007-06-08,124.49
2007-06-11,120.19
2007-06-12,120.38
2007-06-13,117.5
2007-06-14,118.75
2007-06-15,120.5
2007-06-18,125.09
2007-06-19,123.66
2007-06-20,121.55
2007-06-21,123.9
2007-06-22,123.0
2007-06-25,122.34
2007-06-26,119.65
2007-06-27,121.89
2007-06-28,120.56
2007-06-29,122.04
2007-07-02,121.26
2007-07-03,127.17
2007-07-05,132.75
2007-07-06,132.3
2007-07-09,130.33
2007-07-10,132.35
2007-07-11,132.39
2007-07-12,134.07
2007-07-13,137.73
2007-07-16,138.1
2007-07-17,138.91
2007-07-18,138.12
2007-07-19,140.0
2007-07-20,143.75
2007-07-23,143.7
2007-07-24,134.89
2007-07-25,137.26
2007-07-26,146.0
2007-07-27,143.85
2007-07-30,141.43
2007-07-31,131.76
2007-08-01,135.0
2007-08-02,136.49
2007-08-03,131.85
2007-08-06,135.25
2007-08-07,135.03
2007-08-08,134.01
2007-08-09,126.39
2007-08-10,125.0
2007-08-13,127.79
2007-08-14,124.03
2007-08-15,119.9
2007-08-16,117.05
2007-08-17,122.06
2007-08-20,122.22
2007-08-21,127.57
2007-08-22,132.51
2007-08-23,131.07
2007-08-24,135.3
2007-08-27,132.25
2007-08-28,126.82
2007-08-29,134.08
2007-08-30,136.25
2007-08-31,138.48
2007-09-04,144.16
2007-09-05,136.76
2007-09-06,135.01
2007-09-07,131.77
2007-09-10,136.71
2007-09-11,135.49
2007-09-12,136.85
2007-09-13,137.2
2007-09-14,138.81
2007-09-17,138.41
2007-09-18,140.92
2007-09-19,140.77
2007-09-20,140.31
2007-09-21,144.15
2007-09-24,148.28
2007-09-25,153.18
2007-09-26,152.77
2007-09-27,154.5
2007-09-28,153.47
2007-10-01,156.34
2007-10-02,158.45
2007-10-03,157.92
2007-10-04,156.24
2007-10-05,161.45
2007-10-08,167.91
2007-10-09,167.86
2007-10-10,166.79
2007-10-11,162.23
2007-10-12,167.25
2007-10-15,166.98
2007-10-16,169.58
2007-10-17,172.75
2007-10-18,173.5
2007-10-19,170.42
2007-10-22,174.36
2007-10-23,186.16
2007-10-24,185.93
2007-10-25,182.78
2007-10-26,184.7
2007-10-29,185.09
2007-10-30,187.0
2007-10-31,189.95
2007-11-01,187.44
2007-11-02,187.87
2007-11-05,186.18
2007-11-06,191.79
2007-11-07,186.3
2007-11-08,175.46
2007-11-09,165.37
2007-11-12,153.76
2007-11-13,169.96
2007-11-14,166.11
2007-11-15,164.3
2007-11-16,166.39
2007-11-19,163.95
2007-11-20,168.85
2007-11-21,168.46
2007-11-23,171.54
2007-11-26,172.54
2007-11-27,174.81
2007-11-28,180.22
2007-11-29,184.29
2007-11-30,182.22
2007-12-03,178.86
2007-12-04,179.81
2007-12-05,185.5
2007-12-06,189.95
2007-12-07,194.3
2007-12-10,194.21
2007-12-11,188.54
2007-12-12,190.86
2007-12-13,191.83
2007-12-14,190.39
2007-12-17,184.4
2007-12-18,182.98
2007-12-19,183.12
2007-12-20,187.21
2007-12-21,193.91
2007-12-24,198.8
2007-12-26,198.95
2007-12-27,198.57
2007-12-28,199.83
2007-12-31,198.08
2008-01-02,194.84
2008-01-03,194.93
2008-01-04,180.05
2008-01-07,177.64
2008-01-08,171.25
2008-01-09,179.4
2008-01-10,178.02
2008-01-11,172.69
2008-01-14,178.78
2008-01-15,169.04
2008-01-16,159.64
2008-01-17,160.89
2008-01-18,161.36
2008-01-22,155.64
2008-01-23,139.07
2008-01-24,135.6
2008-01-25,130.01
2008-01-28,130.01
2008-01-29,131.54
2008-01-30,132.18
2008-01-31,135.36
2008-02-01,133.75
2008-02-04,131.65
2008-02-05,129.36
2008-02-06,122.0
2008-02-07,121.24
2008-02-08,125.48
2008-02-11,129.45
2008-02-12,124.86
2008-02-13,129.4
2008-02-14,127.46
2008-02-15,124.63
2008-02-19,122.18
2008-02-20,123.82
2008-02-21,121.54
2008-02-22,119.46
2008-02-25,119.74
2008-02-26,119.15
2008-02-27,122.96
2008-02-28,129.91
2008-02-29,125.02
2008-03-03,121.73
2008-03-04,124.62
2008-03-05,124.49
2008-03-06,120.93
2008-03-07,122.25
2008-03-10,119.69
2008-03-11,127.35
2008-03-12,126.03
2008-03-13,127.94
2008-03-14,126.61
2008-03-17,126.73
2008-03-18,132.82
2008-03-19,129.67
2008-03-20,133.27
2008-03-24,139.53
2008-03-25,140.98
2008-03-26,145.06
2008-03-27,140.25
2008-03-28,143.01
2008-03-31,143.5
2008-04-01,149.53
2008-04-02,147.49
2008-04-03,151.61
2008-04-04,153.08
2008-04-07,155.89
2008-04-08,152.84
2008-04-09,151.44
2008-04-10,154.55
2008-04-11,147.14
2008-04-14,147.78
2008-04-15,148.38
2008-04-16,153.7
2008-04-17,154.49
2008-04-18,161.04
2008-04-21,168.16
2008-04-22,160.2
2008-04-23,162.89
2008-04-24,168.94
2008-04-25,169.73
2008-04-28,172.24
2008-04-29,175.05
2008-04-30,173.95
2008-05-01,180.0
2008-05-02,180.94
2008-05-05,184.73
2008-05-06,186.66
2008-05-07,182.59
2008-05-08,185.06
2008-05-09,183.45
2008-05-12,188.16
2008-05-13,189.96
2008-05-14,186.26
2008-05-15,189.73
2008-05-16,187.62
2008-05-19,183.6
2008-05-20,185.9
2008-05-21,178.19
2008-05-22,177.05
2008-05-23,181.17
2008-05-27,186.43
2008-05-28,187.01
2008-05-29,186.69
2008-05-30,188.75
2008-06-02,186.1
2008-06-03,185.37
2008-06-04,185.19
2008-06-05,189.43
2008-06-06,185.64
2008-06-09,181.61
2008-06-10,185.64
2008-06-11,180.81
2008-06-12,173.26
2008-06-13,172.37
2008-06-16,176.84
2008-06-17,181.43
2008-06-18,178.75
2008-06-19,180.9
2008-06-20,175.27
2008-06-23,173.16
2008-06-24,173.25
2008-06-25,177.39
2008-06-26,168.26
2008-06-27,170.09
2008-06-30,167.44
2008-07-01,174.68
2008-07-02,168.18
2008-07-03,170.12
2008-07-07,175.16
2008-07-08,179.55
2008-07-09,174.25
2008-07-10,176.63
2008-07-11,172.58
2008-07-14,173.88
2008-07-15,169.64
2008-07-16,172.81
2008-07-17,171.81
2008-07-18,165.15
2008-07-21,166.29
2008-07-22,162.02
2008-07-23,166.26
2008-07-24,159.03
2008-07-25,162.12
2008-07-28,154.4
2008-07-29,157.08
2008-07-30,159.88
2008-07-31,158.95
2008-08-01,156.66
2008-08-04,153.23
2008-08-05,160.64
2008-08-06,164.19
2008-08-07,163.57
2008-08-08,169.55
2008-08-11,173.56
2008-08-12,176.73
2008-08-13,179.3
2008-08-14,179.32
2008-08-15,175.74
2008-08-18,175.39
2008-08-19,173.53
2008-08-20,175.84
2008-08-21,174.29
2008-08-22,176.79
2008-08-25,172.55
2008-08-26,173.64
2008-08-27,174.67
2008-08-28,173.74
2008-08-29,169.53
2008-09-02,166.19
2008-09-03,166.96
2008-09-04,161.22
2008-09-05,160.18
2008-09-08,157.92
2008-09-09,151.68
2008-09-10,151.61
2008-09-11,152.65
2008-09-12,148.94
2008-09-15,140.36
2008-09-16,139.88
2008-09-17,127.83
2008-09-18,134.09
2008-09-19,140.91
2008-09-22,131.05
2008-09-23,126.84
2008-09-24,128.71
2008-09-25,131.93
2008-09-26,128.24
2008-09-29,105.26
2008-09-30,113.66
2008-10-01,109.12
2008-10-02,100.1
2008-10-03,97.07
2008-10-06,98.14
2008-10-07,89.16
2008-10-08,89.79
2008-10-09,88.74
2008-10-10,96.8
2008-10-13,110.26
2008-10-14,104.08
2008-10-15,97.95
2008-10-16,101.89
2008-10-17,97.4
2008-10-20,98.44
2008-10-21,91.49
2008-10-22,96.87
2008-10-23,98.23
2008-10-24,96.38
2008-10-27,92.09
2008-10-28,99.91
2008-10-29,104.55
2008-10-30,111.04
2008-10-31,107.59
2008-11-03,106.96
2008-11-04,110.99
2008-11-05,103.3
2008-11-06,99.1
2008-11-07,98.24
2008-11-10,95.88
2008-11-11,94.77
2008-11-12,90.12
2008-11-13,96.44
2008-11-14,90.24
2008-11-17,88.14
2008-11-18,89.91
2008-11-19,86.29
2008-11-20,80.49
2008-11-21,82.58
2008-11-24,92.95
2008-11-25,90.8
2008-11-26,95.0
2008-11-28,92.67
2008-12-01,88.93
2008-12-02,92.47
2008-12-03,95.9
2008-12-04,91.41
2008-12-05,94.0
2008-12-08,99.72
2008-12-09,100.06
2008-12-10,98.21
2008-12-11,95.0
2008-12-12,98.27
2008-12-15,94.75
2008-12-16,95.43
2008-12-17,89.16
2008-12-18,89.43
2008-12-19,90.0
2008-12-22,85.74
2008-12-23,86.38
2008-12-24,85.04
2008-12-26,85.81
2008-12-29,86.61
2008-12-30,86.29
2008-12-31,85.35
2009-01-02,90.75
2009-01-05,94.58
2009-01-06,93.02
2009-01-07,91.01
2009-01-08,92.7
2009-01-09,90.58
2009-01-12,88.66
2009-01-13,87.71
2009-01-14,85.33
2009-01-15,83.38
2009-01-16,82.33
2009-01-20,78.2
2009-01-21,82.83
2009-01-22,88.36
2009-01-23,88.36
2009-01-26,89.64
2009-01-27,90.73
2009-01-28,94.2
2009-01-29,93.0
2009-01-30,90.13
2009-02-02,91.51
2009-02-03,92.98
2009-02-04,93.55
2009-02-05,96.46
2009-02-06,99.72
2009-02-09,102.51
2009-02-10,97.83
2009-02-11,96.82
2009-02-12,99.27
2009-02-13,99.16
2009-02-17,94.53
2009-02-18,94.37
2009-02-19,90.64
2009-02-20,91.2
2009-02-23,86.95
2009-02-24,90.25
2009-02-25,91.16
2009-02-26,89.19
2009-02-27,89.31
2009-03-02,87.94
2009-03-03,88.37
2009-03-04,91.17
2009-03-05,88.84
2009-03-06,85.3
2009-03-09,83.11
2009-03-10,88.62
2009-03-11,92.68
2009-03-12,96.35
2009-03-13,95.93
2009-03-16,95.42
2009-03-17,99.66
2009-03-18,101.52
2009-03-19,101.62
2009-03-20,101.59
2009-03-23,107.66
2009-03-24,106.5
2009-03-25,106.49
2009-03-26,109.87
2009-03-27,106.85
2009-03-30,104.49
2009-03-31,105.12
2009-04-01,108.69
2009-04-02,112.71
2009-04-03,115.99
2009-04-06,118.45
2009-04-07,115.0
2009-04-08,116.32
2009-04-09,119.57
2009-04-13,120.22
2009-04-14,118.31
2009-04-15,117.64
2009-04-16,121.45
2009-04-17,123.42
2009-04-20,120.5
2009-04-21,121.76
2009-04-22,121.51
2009-04-23,125.4
2009-04-24,123.9
2009-04-27,124.73
2009-04-28,123.9
2009-04-29,125.14
2009-04-30,125.83
2009-05-01,127.24
2009-05-04,132.07
2009-05-05,132.71
2009-05-06,132.5
2009-05-07,129.06
2009-05-08,129.19
2009-05-11,129.57
2009-05-12,124.42
2009-05-13,119.49
2009-05-14,122.95
2009-05-15,122.42
2009-05-18,126.65
2009-05-19,127.45
2009-05-20,125.87
2009-05-21,124.18
2009-05-22,122.5
2009-05-26,130.78
2009-05-27,133.05
2009-05-28,135.07
2009-05-29,135.81
2009-06-01,139.35
2009-06-02,139.49
2009-06-03,140.95
2009-06-04,143.74
2009-06-05,144.67
2009-06-08,143.85
2009-06-09,142.72
2009-06-10,140.25
2009-06-11,139.95
2009-06-12,136.97
2009-06-15,136.09
2009-06-16,136.35
2009-06-17,135.58
2009-06-18,135.88
2009-06-19,139.48
2009-06-22,137.37
2009-06-23,134.01
2009-06-24,136.22
2009-06-25,139.86
2009-06-26,142.44
2009-06-29,141.97
2009-06-30,142.43
2009-07-01,142.83
2009-07-02,140.02
2009-07-06,138.61
2009-07-07,135.4
2009-07-08,137.22
2009-07-09,136.36
2009-07-10,138.52
2009-07-13,142.34
2009-07-14,142.27
2009-07-15,146.88
2009-07-16,147.52
2009-07-17,151.75
2009-07-20,152.91
2009-07-21,151.51
2009-07-22,156.74
2009-07-23,157.82
2009-07-24,159.98
2009-07-27,160.1
2009-07-28,160.0
2009-07-29,160.03
2009-07-30,162.79
2009-07-31,163.39
2009-08-03,166.43
2009-08-04,165.55
2009-08-05,165.11
2009-08-06,163.91
2009-08-07,165.51
2009-08-10,164.72
2009-08-11,162.83
2009-08-12,165.31
2009-08-13,168.42
2009-08-14,166.78
2009-08-17,159.59
2009-08-18,164.0
2009-08-19,164.6
2009-08-20,166.33
2009-08-21,169.22
2009-08-24,169.06
2009-08-25,169.4
2009-08-26,167.41
2009-08-27,169.45
2009-08-28,170.05
2009-08-31,168.21
2009-09-01,165.3
2009-09-02,165.18
2009-09-03,166.55
2009-09-04,170.31
2009-09-07,170.31
2009-09-08,172.93
2009-09-09,171.14
2009-09-10,172.56
2009-09-11,172.16
2009-09-14,173.72
2009-09-15,175.16
2009-09-16,181.87
2009-09-17,184.55
2009-09-18,185.02
2009-09-21,184.02
2009-09-22,184.48
2009-09-23,185.5
2009-09-24,183.82
2009-09-25,182.37
2009-09-28,186.15
2009-09-29,185.38
2009-09-30,185.35
2009-10-01,180.86
2009-10-02,184.9
2009-10-05,186.02
2009-10-06,190.01
2009-10-07,190.25
2009-10-08,189.27
2009-10-09,190.47
2009-10-12,190.81
2009-10-13,190.02
2009-10-14,191.29
2009-10-15,190.56
2009-10-16,188.05
2009-10-19,189.86
2009-10-20,198.76
2009-10-21,204.92
2009-10-22,205.2
2009-10-23,203.94
2009-10-26,202.48
2009-10-27,197.37
2009-10-28,192.4
2009-10-29,196.35
2009-10-30,188.5
2009-11-02,189.25
2009-11-03,188.6
2009-11-04,191.07
2009-11-05,193.44
2009-11-06,194.05
2009-11-09,200.82
2009-11-10,202.45
2009-11-11,203.21
2009-11-12,201.71
2009-11-13,204.33
2009-11-16,206.34
2009-11-17,206.16
2009-11-18,205.39
2009-11-19,201.02
2009-11-20,199.96
2009-11-23,204.88
2009-11-24,204.39
2009-11-25,204.08
2009-11-27,200.59
2009-11-30,200.44
2009-12-01,199.84
2009-12-02,196.49
2009-12-03,197.21
2009-12-04,193.5
2009-12-07,189.13
2009-12-08,190.02
2009-12-09,197.13
2009-12-10,196.47
2009-12-11,194.62
2009-12-14,196.67
2009-12-15,193.58
2009-12-16,194.85
2009-12-17,192.33
2009-12-18,195.03
2009-12-21,198.18
2009-12-22,200.07
2009-12-23,202.09
2009-12-24,209.04
2009-12-28,211.35
2009-12-29,209.06
2009-12-30,211.51
2009-12-31,210.8
2010-01-04,214.21
2010-01-05,214.19
2010-01-06,211.22
2010-01-07,210.03
2010-01-08,211.62
2010-01-11,210.27
2010-01-12,206.88
2010-01-13,210.68
2010-01-14,209.65
2010-01-15,206.24
2010-01-19,214.87
2010-01-20,211.51
2010-01-21,208.43
2010-01-22,197.48
2010-01-25,203.75
2010-01-26,205.58
2010-01-27,207.99
2010-01-28,200.05
2010-01-29,192.77
2010-02-01,194.46
2010-02-02,195.86
2010-02-03,199.23
2010-02-04,192.05
2010-02-05,195.46
2010-02-08,194.12
2010-02-09,196.19
2010-02-10,195.12
2010-02-11,198.67
2010-02-12,200.38
2010-02-16,203.4
2010-02-17,202.55
2010-02-18,202.93
2010-02-19,201.67
2010-02-22,200.42
2010-02-23,197.06
2010-02-24,200.66
2010-02-25,202.0
2010-02-26,204.62
2010-03-01,208.99
2010-03-02,208.85
2010-03-03,209.33
2010-03-04,210.71
2010-03-05,218.95
2010-03-08,219.08
2010-03-09,223.02
2010-03-10,224.84
2010-03-11,225.5
2010-03-12,226.6
2010-03-15,223.84
2010-03-16,224.45
2010-03-17,224.12
2010-03-18,224.65
2010-03-19,222.25
2010-03-22,224.75
2010-03-23,228.36
2010-03-24,229.37
2010-03-25,226.65
2010-03-26,230.9
2010-03-29,232.39
2010-03-30,235.84
2010-03-31,235.0
2010-04-01,235.97
2010-04-05,238.49
2010-04-06,239.54
2010-04-07,240.6
2010-04-08,239.95
2010-04-09,241.79
2010-04-12,242.29
2010-04-13,242.43
2010-04-14,245.69
2010-04-15,248.92
2010-04-16,247.4
2010-04-19,247.07
2010-04-20,244.59
2010-04-21,259.22
2010-04-22,266.47
2010-04-23,270.83
2010-04-26,269.5
2010-04-27,262.04
2010-04-28,261.6
2010-04-29,268.64
2010-04-30,261.09
2010-05-03,266.35
2010-05-04,258.68
2010-05-05,255.99
2010-05-06,246.25
2010-05-07,235.86
2010-05-10,253.99
2010-05-11,256.52
2010-05-12,262.09
2010-05-13,258.36
2010-05-14,253.82
2010-05-17,254.22
2010-05-18,252.36
2010-05-19,248.34
2010-05-20,237.76
2010-05-21,242.32
2010-05-24,246.76
2010-05-25,245.22
2010-05-26,244.11
2010-05-27,253.35
2010-05-28,256.88
2010-06-01,260.83
2010-06-02,263.95
2010-06-03,263.12
2010-06-04,255.97
2010-06-07,250.94
2010-06-08,249.33
2010-06-09,243.2
2010-06-10,250.51
2010-06-11,253.51
2010-06-14,254.28
2010-06-15,259.69
2010-06-16,267.25
2010-06-17,271.87
2010-06-18,274.07
2010-06-21,270.17
2010-06-22,273.85
2010-06-23,270.97
2010-06-24,269.0
2010-06-25,266.7
2010-06-28,268.3
2010-06-29,256.17
2010-06-30,251.53
2010-07-01,248.48
2010-07-02,246.94
2010-07-06,248.63
2010-07-07,258.67
2010-07-08,258.09
2010-07-09,259.62
2010-07-12,257.29
2010-07-13,251.8
2010-07-14,252.73
2010-07-15,251.45
2010-07-16,249.9
2010-07-19,245.58
2010-07-20,251.89
2010-07-21,254.24
2010-07-22,259.02
2010-07-23,259.94
2010-07-26,259.28
2010-07-27,264.08
2010-07-28,260.96
2010-07-29,258.11
2010-07-30,257.25
2010-08-02,261.85
2010-08-03,261.93
2010-08-04,262.98
2010-08-05,261.7
2010-08-06,260.09
2010-08-09,261.75
2010-08-10,259.41
2010-08-11,250.19
2010-08-12,251.79
2010-08-13,249.1
2010-08-16,247.64
2010-08-17,251.97
2010-08-18,253.07
2010-08-19,249.88
2010-08-20,249.64
2010-08-23,245.8
2010-08-24,239.93
2010-08-25,242.89
2010-08-26,240.28
2010-08-27,241.62
2010-08-30,242.5
2010-08-31,243.1
2010-09-01,250.33
2010-09-02,252.17
2010-09-03,258.77
2010-09-07,257.81
2010-09-08,262.92
2010-09-09,263.07
2010-09-10,263.41
2010-09-13,267.04
2010-09-14,268.06
2010-09-15,270.22
2010-09-16,276.57
2010-09-17,275.37
2010-09-20,283.23
2010-09-21,283.77
2010-09-22,287.75
2010-09-23,288.92
2010-09-24,292.32
2010-09-27,291.16
2010-09-28,286.86
2010-09-29,287.37
2010-09-30,283.75
2010-10-01,282.52
2010-10-04,278.64
2010-10-05,288.94
2010-10-06,289.19
2010-10-07,291.98
2010-10-08,294.07
2010-10-11,295.36
2010-10-12,298.54
2010-10-13,300.14
2010-10-14,302.31
2010-10-15,314.74
2010-10-18,318.0
2010-10-19,309.49
2010-10-20,310.53
2010-10-21,309.52
2010-10-22,307.47
2010-10-25,308.84
2010-10-26,308.05
2010-10-27,307.83
2010-10-28,305.24
2010-10-29,300.98
2010-11-01,304.18
2010-11-02,309.36
2010-11-03,312.8
2010-11-04,318.27
2010-11-05,317.13
2010-11-08,318.62
2010-11-09,316.08
2010-11-10,318.03
2010-11-11,316.65
2010-11-12,308.03
2010-11-15,307.04
2010-11-16,301.59
2010-11-17,300.5
2010-11-18,308.43
2010-11-19,306.73
2010-11-22,313.36
2010-11-23,308.73
2010-11-24,314.8
2010-11-26,315.0
2010-11-29,316.87
2010-11-30,311.15
2010-12-01,316.4
2010-12-02,318.15
2010-12-03,317.44
2010-12-06,320.15
2010-12-07,317.56
2010-12-08,321.01
2010-12-09,319.76
2010-12-10,320.56
2010-12-13,321.67
2010-12-14,320.29
2010-12-15,320.36
2010-12-16,321.25
2010-12-17,320.61
2010-12-20,322.21
2010-12-21,324.2
2010-12-22,325.16
2010-12-23,323.6
2010-12-27,324.68
2010-12-28,325.47
2010-12-29,325.29
2010-12-30,323.66
2010-12-31,322.56
2011-01-03,329.57
2011-01-04,331.29
2011-01-05,334.0
2011-01-06,333.73
2011-01-07,336.12
2011-01-10,342.45
2011-01-11,341.64
2011-01-12,344.42
2011-01-13,345.68
2011-01-14,348.48
2011-01-18,340.65
2011-01-19,338.84
2011-01-20,332.68
2011-01-21,326.72
2011-01-24,337.45
2011-01-25,341.4
2011-01-26,343.85
2011-01-27,343.21
2011-01-28,336.1
2011-01-31,339.32
2011-02-01,345.03
2011-02-02,344.32
2011-02-03,343.44
2011-02-04,346.5
2011-02-07,351.88
2011-02-08,355.2
2011-02-09,358.16
2011-02-10,354.54
2011-02-11,356.85
2011-02-14,359.18
2011-02-15,359.9
2011-02-16,363.13
2011-02-17,358.3
2011-02-18,350.56
2011-02-22,338.61
2011-02-23,342.62
2011-02-24,342.88
2011-02-25,348.16
2011-02-28,353.21
2011-03-01,349.31
2011-03-02,352.12
2011-03-03,359.56
2011-03-04,360.0
2011-03-07,355.36
2011-03-08,355.76
2011-03-09,352.47
2011-03-10,346.67
2011-03-11,351.99
2011-03-14,353.56
2011-03-15,345.43
2011-03-16,330.01
2011-03-17,334.64
2011-03-18,330.67
2011-03-21,339.3
2011-03-22,341.2
2011-03-23,339.19
2011-03-24,344.97
2011-03-25,351.54
2011-03-28,350.44
2011-03-29,350.96
2011-03-30,348.63
2011-03-31,348.5
2011-04-01,344.56
2011-04-04,341.19
2011-04-05,338.89
2011-04-06,338.04
2011-04-07,338.08
2011-04-08,335.06
2011-04-11,330.8
2011-04-12,332.4
2011-04-13,336.13
2011-04-14,332.42
2011-04-15,327.46
2011-04-18,331.85
2011-04-19,337.86
2011-04-20,342.41
2011-04-21,350.69
2011-04-25,353.0
2011-04-26,350.42
2011-04-27,350.15
2011-04-28,346.75
2011-04-29,350.13
2011-05-02,346.28
2011-05-03,348.2
2011-05-04,349.57
2011-05-05,346.75
2011-05-06,346.66
2011-05-09,347.6
2011-05-10,349.45
2011-05-11,347.23
2011-05-12,346.57
2011-05-13,340.5
2011-05-16,333.3
2011-05-17,336.14
2011-05-18,339.87
2011-05-19,340.53
2011-05-20,335.22
2011-05-23,334.4
2011-05-24,332.19
2011-05-25,336.78
2011-05-26,335.0
2011-05-27,337.41
2011-05-31,347.83
2011-06-01,345.51
2011-06-02,346.22
2011-06-03,343.44
2011-06-06,338.04
2011-06-07,332.04
2011-06-08,332.24
2011-06-09,331.49
2011-06-10,325.9
2011-06-13,326.6
2011-06-14,332.44
2011-06-15,326.75
2011-06-16,325.16
2011-06-17,320.26
2011-06-20,315.32
2011-06-21,325.3
2011-06-22,322.61
2011-06-23,331.23
2011-06-24,326.35
2011-06-27,332.04
2011-06-28,335.26
2011-06-29,334.04
2011-06-30,335.67
2011-07-01,343.26
2011-07-05,349.43
2011-07-06,351.76
2011-07-07,357.2
2011-07-08,359.71
2011-07-11,354.0
2011-07-12,353.75
2011-07-13,358.02
2011-07-14,357.77
2011-07-15,364.92
2011-07-18,373.8
2011-07-19,376.85
2011-07-20,386.9
2011-07-21,387.29
2011-07-22,393.3
2011-07-25,398.5
2011-07-26,403.41
2011-07-27,392.59
2011-07-28,391.82
2011-07-29,390.48
2011-08-01,396.75
2011-08-02,388.91
2011-08-03,392.57
2011-08-04,377.37
2011-08-05,373.62
2011-08-08,353.21
2011-08-09,374.01
2011-08-10,363.69
2011-08-11,373.7
2011-08-12,376.99
2011-08-15,383.41
2011-08-16,380.48
2011-08-17,380.44
2011-08-18,366.05
2011-08-19,356.03
2011-08-22,356.44
2011-08-23,373.6
2011-08-24,376.18
2011-08-25,373.72
2011-08-26,383.58
2011-08-29,389.97
2011-08-30,389.99
2011-08-31,384.83
2011-09-01,381.03
2011-09-02,374.05
2011-09-06,379.74
2011-09-07,383.93
2011-09-08,384.14
2011-09-09,377.48
2011-09-12,379.94
2011-09-13,384.62
2011-09-14,389.3
2011-09-15,392.96
2011-09-16,400.5
2011-09-19,411.63
2011-09-20,413.45
2011-09-21,412.14
2011-09-22,401.82
2011-09-23,404.3
2011-09-26,403.17
2011-09-27,399.26
2011-09-28,397.01
2011-09-29,390.57
2011-09-30,381.32
2011-10-03,374.6
2011-10-04,372.5
2011-10-05,378.25
2011-10-06,377.37
2011-10-07,369.8
2011-10-10,388.81
2011-10-11,400.29
2011-10-12,402.19
2011-10-13,408.43
2011-10-14,422.0
2011-10-17,419.99
2011-10-18,422.24
2011-10-19,398.62
2011-10-20,395.31
2011-10-21,392.87
2011-10-24,405.77
2011-10-25,397.77
2011-10-26,400.6
2011-10-27,404.69
2011-10-28,404.95
2011-10-31,404.78
2011-11-01,396.51
2011-11-02,397.41
2011-11-03,403.07
2011-11-04,400.3
2011-11-07,399.73
2011-11-08,406.23
2011-11-09,395.28
2011-11-10,385.22
2011-11-11,384.62
2011-11-14,379.26
2011-11-15,388.83
2011-11-16,384.77
2011-11-17,377.41
2011-11-18,374.94
2011-11-21,369.01
2011-11-22,376.51
2011-11-23,366.99
2011-11-25,363.57
2011-11-28,376.12
2011-11-29,373.2
2011-11-30,382.2
2011-12-01,387.93
2011-12-02,389.7
2011-12-05,393.01
2011-12-06,390.95
2011-12-07,389.09
2011-12-08,390.66
2011-12-09,393.62
2011-12-12,391.84
2011-12-13,388.81
2011-12-14,380.19
2011-12-15,378.94
2011-12-16,381.02
2011-12-19,382.21
2011-12-20,395.95
2011-12-21,396.44
2011-12-22,398.55
2011-12-23,403.33
2011-12-27,406.53
2011-12-28,402.64
2011-12-29,405.12
2011-12-30,405.0
2012-01-03,411.23
2012-01-04,413.44
2012-01-05,418.03
2012-01-06,422.4
2012-01-09,421.73
2012-01-10,423.24
2012-01-11,422.55
2012-01-12,421.39
2012-01-13,419.81
2012-01-17,424.7
2012-01-18,429.11
2012-01-19,427.75
2012-01-20,420.3
2012-01-23,427.4
2012-01-24,420.41
2012-01-25,446.66
2012-01-26,444.63
2012-01-27,447.28
2012-01-30,453.01
2012-01-31,456.48
2012-02-01,456.19
2012-02-02,455.12
2012-02-03,459.68
2012-02-06,463.97
2012-02-07,468.83
2012-02-08,476.68
2012-02-09,493.17
2012-02-10,493.42
2012-02-13,502.6
2012-02-14,509.46
2012-02-15,497.67
2012-02-16,502.21
2012-02-17,502.12
2012-02-21,514.85
2012-02-22,516.39
2012-02-23,516.39
2012-02-24,522.41
2012-02-27,525.76
2012-02-28,535.41
2012-02-29,542.44
2012-03-01,544.47
2012-03-02,545.18
2012-03-05,533.16
2012-03-06,530.26
2012-03-07,530.69
2012-03-08,541.99
2012-03-09,545.17
2012-03-12,552.0
2012-03-13,568.1
2012-03-14,589.58
2012-03-15,585.56
2012-03-16,585.59
2012-03-19,601.1
2012-03-20,605.96
2012-03-21,602.5
2012-03-22,599.34
2012-03-23,596.05
2012-03-26,606.35
2012-03-27,614.48
2012-03-28,617.62
2012-03-29,609.86
2012-03-30,599.55
2012-04-02,618.63
2012-04-03,629.32
2012-04-04,624.31
2012-04-05,633.68
2012-04-09,636.23
2012-04-10,628.44
2012-04-11,626.2
2012-04-12,622.77
2012-04-13,605.23
2012-04-16,580.13
2012-04-17,609.7
2012-04-18,608.34
2012-04-19,588.21
2012-04-20,572.98
2012-04-23,571.7
2012-04-24,560.28
2012-04-25,610.0
2012-04-26,607.7
2012-04-27,603.0
2012-04-30,583.98
2012-05-01,582.13
2012-05-02,585.98
2012-05-03,581.82
2012-05-04,565.25
2012-05-07,569.48
2012-05-08,568.18
2012-05-09,569.18
2012-05-10,570.52
2012-05-11,566.71
2012-05-14,558.22
2012-05-15,553.17
2012-05-16,546.07
2012-05-17,530.12
2012-05-18,530.38
2012-05-21,561.28
2012-05-22,556.97
2012-05-23,570.56
2012-05-24,565.32
2012-05-25,562.29
2012-05-29,572.27
2012-05-30,579.17
2012-05-31,577.73
2012-06-01,560.99
2012-06-04,564.29
2012-06-05,562.83
2012-06-06,571.46
2012-06-07,571.72
2012-06-08,580.32
2012-06-11,571.17
2012-06-12,576.16
2012-06-13,572.16
2012-06-14,571.53
2012-06-15,574.13
2012-06-18,585.78
2012-06-19,587.41
2012-06-20,585.74
2012-06-21,577.67
2012-06-22,582.1
2012-06-25,570.76
2012-06-26,572.02
2012-06-27,574.5
2012-06-28,569.05
2012-07-02,592.52
2012-07-03,599.41
2012-07-05,609.94
2012-07-06,605.88
2012-07-09,613.89
2012-07-10,608.21
2012-07-11,604.43
2012-07-12,598.9
2012-07-13,604.97
2012-07-16,606.91
2012-07-17,606.94
2012-07-18,606.26
2012-07-19,614.32
2012-07-20,604.3
2012-07-23,603.83
2012-07-24,600.92
2012-07-25,574.97
2012-07-26,574.88
2012-07-27,585.16
2012-07-30,595.03
2012-07-31,610.76
2012-08-01,606.81
2012-08-02,607.79
2012-08-03,615.7
2012-08-06,622.55
2012-08-07,620.91
2012-08-08,619.86
2012-08-09,620.73
2012-08-10,621.7
2012-08-13,630.0
2012-08-14,631.69
2012-08-15,630.83
2012-08-16,636.34
2012-08-17,648.11
2012-08-20,665.15
2012-08-21,656.06
2012-08-22,668.87
2012-08-23,662.63
2012-08-24,663.22
2012-08-27,675.68
2012-08-28,674.8
2012-08-29,673.46
2012-08-30,663.86
2012-08-31,665.24
2012-09-04,674.97
2012-09-05,670.23
2012-09-06,676.27
2012-09-07,680.44
2012-09-10,662.74
2012-09-11,660.59
2012-09-12,669.79
2012-09-13,682.98
2012-09-14,691.28
2012-09-17,699.78
2012-09-18,701.91
2012-09-19,702.1
2012-09-20,698.7
2012-09-21,700.09
2012-09-24,690.79
2012-09-25,673.54
2012-09-26,665.18
2012-09-27,681.32
2012-09-28,667.1
2012-10-01,659.39
2012-10-02,661.31
2012-10-03,671.45
2012-10-04,666.8
2012-10-05,652.59
2012-10-08,638.17
2012-10-09,635.85
2012-10-10,640.91
2012-10-11,628.1
2012-10-12,629.71
2012-10-15,634.76
2012-10-16,649.79
2012-10-17,644.61
2012-10-18,632.64
2012-10-19,609.84
2012-10-22,634.03
2012-10-23,613.35
2012-10-24,616.83
2012-10-25,609.53
2012-10-26,604.0
2012-10-31,595.32
2012-11-01,596.54
2012-11-02,576.8
2012-11-05,584.62
2012-11-06,582.85
2012-11-07,558.0
2012-11-08,537.75
2012-11-09,547.06
2012-11-12,542.83
2012-11-13,542.89
2012-11-14,536.88
2012-11-15,525.62
2012-11-16,527.67
2012-11-19,565.73
2012-11-20,560.91
2012-11-21,561.7
2012-11-23,571.5
2012-11-26,589.53
2012-11-27,584.78
2012-11-28,582.94
2012-11-29,589.36
2012-11-30,585.28
2012-12-03,586.19
2012-12-04,575.84
2012-12-05,538.79
2012-12-06,547.24
2012-12-07,533.25
2012-12-10,529.82
2012-12-11,541.38
2012-12-12,539.0
2012-12-13,529.69
2012-12-14,509.79
2012-12-17,518.83
2012-12-18,533.9
2012-12-19,526.31
2012-12-20,521.73
2012-12-21,519.33
2012-12-24,520.16
2012-12-26,513.0
2012-12-27,515.06
2012-12-28,509.58
2012-12-31,532.17
2013-01-02,549.03
2013-01-03,542.09
2013-01-04,527.0
2013-01-07,523.9
2013-01-08,525.31
2013-01-09,517.1
2013-01-10,523.51
2013-01-11,520.3
2013-01-14,501.75
2013-01-15,485.92
2013-01-16,506.09
2013-01-17,502.68
2013-01-18,500.0
2013-01-22,504.77
2013-01-23,514.0
2013-01-24,450.5
2013-01-25,439.88
2013-01-28,449.83
2013-01-29,458.27
2013-01-30,456.83
2013-01-31,455.49
2013-02-01,453.62
2013-02-04,442.31
2013-02-05,457.84
2013-02-06,457.35
2013-02-07,468.22
2013-02-08,474.98
2013-02-11,479.93
2013-02-12,467.9
2013-02-13,467.01
2013-02-14,466.59
2013-02-15,460.16
2013-02-19,459.99
2013-02-20,448.85
2013-02-21,446.06
2013-02-22,450.81
2013-02-25,442.8
2013-02-26,448.97
2013-02-27,444.57
2013-02-28,441.4
2013-03-01,430.47
2013-03-04,420.05
2013-03-05,431.14
2013-03-06,425.66
2013-03-07,430.58
2013-03-08,431.72
2013-03-11,437.87
2013-03-12,428.43
2013-03-13,428.35
2013-03-14,432.5
2013-03-15,443.66
2013-03-18,455.72
2013-03-19,454.49
2013-03-20,452.08
2013-03-21,452.73
2013-03-22,461.91
2013-03-25,463.58
2013-03-26,461.13
2013-03-27,452.08
2013-03-28,442.66
2013-04-01,428.91
2013-04-02,429.79
2013-04-03,431.99
2013-04-04,427.72
2013-04-05,423.2
2013-04-08,426.21
2013-04-09,426.98
2013-04-10,435.69
2013-04-11,434.33
2013-04-12,429.8
2013-04-15,419.85
2013-04-16,426.24
2013-04-17,402.8
2013-04-18,392.05
2013-04-19,390.53
2013-04-22,398.67
2013-04-23,406.13
2013-04-24,405.46
2013-04-25,408.38
2013-04-26,417.2
2013-04-29,430.12
2013-04-30,442.78
2013-05-01,439.29
2013-05-02,445.52
2013-05-03,449.98
2013-05-06,460.71
2013-05-07,458.65
2013-05-08,463.84
2013-05-09,456.77
2013-05-10,452.97
2013-05-13,454.74
2013-05-14,443.86
2013-05-15,428.85
2013-05-16,434.57
2013-05-17,433.26
2013-05-20,442.93
2013-05-21,439.66
2013-05-22,441.35
2013-05-23,442.14
2013-05-24,445.15
2013-05-28,441.43
2013-05-29,444.95
2013-05-30,451.58
2013-05-31,449.73
2013-06-03,450.72
2013-06-04,449.31
2013-06-05,445.11
2013-06-06,438.46
2013-06-07,441.81
2013-06-10,438.89
2013-06-11,437.6
2013-06-12,432.19
2013-06-13,435.96
2013-06-14,430.05
2013-06-17,432.0
2013-06-18,431.77
2013-06-19,423.0
2013-06-20,416.83
2013-06-21,413.5
2013-06-24,402.54
2013-06-25,402.63
2013-06-26,398.07
2013-06-27,393.78
2013-06-28,396.53
2013-07-01,409.22
2013-07-02,418.49
2013-07-03,420.8
2013-07-05,417.42
2013-07-08,415.05
2013-07-09,422.35
2013-07-10,420.73
2013-07-11,427.28
2013-07-12,426.51
2013-07-15,427.44
2013-07-16,430.19
2013-07-17,430.31
2013-07-18,431.75
2013-07-19,424.95
2013-07-22,426.31
2013-07-23,418.99
2013-07-24,440.51
2013-07-25,438.5
2013-07-26,440.99
2013-07-29,447.79
2013-07-30,453.32
2013-07-31,452.53
2013-08-01,456.67
2013-08-02,462.54
2013-08-05,469.45
2013-08-06,465.25
2013-08-07,464.98
2013-08-08,461.01
2013-08-09,454.45
2013-08-12,467.36
2013-08-13,489.57
2013-08-14,498.5
2013-08-15,497.91
2013-08-16,502.33
2013-08-19,507.74
2013-08-20,501.07
2013-08-21,502.36
2013-08-22,502.96
2013-08-23,501.02
2013-08-26,502.97
2013-08-27,488.59
2013-08-28,490.89
2013-08-29,491.7
2013-08-30,487.21
2013-09-03,488.58
2013-09-04,498.69
2013-09-05,495.27
2013-09-06,498.22
2013-09-09,506.17
2013-09-10,494.64
2013-09-11,467.71
2013-09-12,472.69
2013-09-13,464.9
2013-09-16,450.12
2013-09-17,455.32
2013-09-18,464.68
2013-09-19,472.3
2013-09-20,467.41
2013-09-23,490.64
2013-09-24,489.1
2013-09-25,481.53
2013-09-26,486.22
2013-09-27,482.75
2013-09-30,476.75
2013-10-01,487.96
2013-10-02,489.56
2013-10-03,483.41
2013-10-04,483.03
2013-10-07,487.75
2013-10-08,480.94
2013-10-09,486.58
2013-10-10,489.63
2013-10-11,492.81
2013-10-14,496.04
2013-10-15,498.68
2013-10-16,501.11
2013-10-17,504.5
2013-10-18,508.89
2013-10-21,521.36
2013-10-22,519.86
2013-10-23,524.96
2013-10-24,531.91
2013-10-25,525.95
2013-10-28,529.87
2013-10-29,516.67
2013-10-30,524.89
2013-10-31,522.7
2013-11-01,520.03
2013-11-04,526.75
2013-11-05,525.44
2013-11-06,520.92
2013-11-07,512.49
2013-11-08,520.56
2013-11-11,519.04
2013-11-12,520.01
2013-11-13,520.63
2013-11-14,528.16
2013-11-15,524.99
2013-11-18,518.62
2013-11-19,519.55
2013-11-20,515.0
2013-11-21,521.13
2013-11-22,519.8
2013-11-25,523.74
2013-11-26,533.4
2013-11-27,545.96
2013-11-29,556.07
2013-12-02,551.23
2013-12-03,566.32
2013-12-04,565.0
2013-12-05,567.9
2013-12-06,560.02
2013-12-09,566.43
2013-12-10,565.55
2013-12-11,561.36
2013-12-12,560.54
2013-12-13,554.43
2013-12-16,557.5
2013-12-17,554.99
2013-12-18,550.77
2013-12-19,544.46
2013-12-20,549.02
2013-12-23,570.09
2013-12-24,567.67
2013-12-26,563.9
2013-12-27,560.09
2013-12-30,554.52
2013-12-31,561.02
2014-01-02,553.13
2014-01-03,540.98
2014-01-06,543.93
2014-01-07,540.03
2014-01-08,543.46
2014-01-09,536.51
2014-01-10,532.94
2014-01-13,535.73
2014-01-14,546.39
2014-01-15,557.36
2014-01-16,554.25
2014-01-17,540.67
2014-01-21,549.07
2014-01-22,551.51
2014-01-23,556.18
2014-01-24,546.07
2014-01-27,550.5
2014-01-28,506.5
2014-01-29,500.75
2014-01-30,499.78
2014-01-31,500.6
2014-02-03,501.53
2014-02-04,508.79
2014-02-05,512.59
2014-02-06,512.51
2014-02-07,519.68
2014-02-10,529.1
2014-02-11,535.96
2014-02-12,535.91
2014-02-13,544.42
2014-02-14,544.0
2014-02-18,545.94
2014-02-19,537.37
2014-02-20,531.15
2014-02-21,525.25
2014-02-24,527.55
2014-02-25,522.06
2014-02-26,517.35
2014-02-27,527.67
2014-02-28,526.24
2014-03-03,527.76
2014-03-04,531.24
2014-03-05,532.36
2014-03-06,530.75
2014-03-07,530.44
2014-03-10,530.92
2014-03-11,536.09
2014-03-12,536.61
2014-03-13,530.65
2014-03-14,524.69
2014-03-17,526.74
2014-03-18,531.32
2014-03-19,531.26
2014-03-20,528.7
2014-03-21,532.87
2014-03-24,539.19
2014-03-25,544.99
2014-03-26,539.78
2014-03-27,537.46
2014-03-28,536.86
2014-03-31,536.73
2014-04-01,541.65
2014-04-02,542.55
2014-04-03,538.79
2014-04-04,531.82
2014-04-07,523.47
2014-04-08,523.44
2014-04-09,530.32
2014-04-10,523.48
2014-04-11,519.61
2014-04-14,521.68
2014-04-15,517.96
2014-04-16,519.01
2014-04-17,524.94
2014-04-21,531.17
2014-04-22,531.69
2014-04-23,524.75
2014-04-24,567.77
2014-04-25,571.94
2014-04-28,594.09
2014-04-29,592.33
2014-04-30,590.09
2014-05-01,591.48
2014-05-02,592.58
2014-05-05,600.96
2014-05-06,594.41
2014-05-07,592.33
2014-05-08,587.99
2014-05-09,585.54
2014-05-12,592.83
2014-05-13,593.76
2014-05-14,593.87
2014-05-15,588.82
2014-05-16,597.51
2014-05-19,604.59
2014-05-20,604.71
2014-05-21,606.31
2014-05-22,607.27
2014-05-23,614.13
2014-05-27,625.63
2014-05-28,624.01
2014-05-29,635.38
2014-05-30,633.0
2014-06-02,628.65
2014-06-03,637.54
2014-06-04,644.82
2014-06-05,647.35
2014-06-06,645.57
2014-06-09,93.7
2014-06-10,94.25
2014-06-11,93.86
2014-06-12,92.29
2014-06-13,91.28
2014-06-16,92.2
2014-06-17,92.08
2014-06-18,92.18
2014-06-19,91.86
2014-06-20,90.91
2014-06-23,90.83
2014-06-24,90.28
2014-06-25,90.36
2014-06-26,90.9
2014-06-27,91.96
2014-06-30,92.93
2014-07-01,93.52
2014-07-02,93.48
2014-07-03,94.03
2014-07-07,95.96
2014-07-08,95.35
2014-07-09,95.39
2014-07-10,95.03
2014-07-11,95.22
2014-07-14,96.45
2014-07-15,94.78
2014-07-17,93.09
2014-07-18,94.43
2014-07-21,93.94
2014-07-22,94.72
2014-07-23,97.19
2014-07-24,97.03
2014-07-25,97.67
2014-07-28,99.02
2014-07-29,98.38
2014-07-30,98.15
2014-07-31,95.6
2014-08-01,96.13
2014-08-04,95.59
2014-08-05,95.12
2014-08-06,94.96
2014-08-07,94.48
2014-08-08,94.74
2014-08-11,95.99
2014-08-12,95.97
2014-08-13,97.24
2014-08-14,97.5
2014-08-15,97.98
2014-08-18,99.16
2014-08-19,100.53
2014-08-20,100.57
2014-08-21,100.58
2014-08-22,101.32
2014-08-25,101.54
2014-08-26,100.89
2014-08-27,102.13
2014-08-28,102.25
2014-08-29,102.5
2014-09-02,103.3
2014-09-03,98.94
2014-09-04,98.12
2014-09-05,98.97
2014-09-08,98.35
2014-09-09,97.99
2014-09-10,101.0
2014-09-11,101.43
2014-09-12,101.66
2014-09-15,101.6
2014-09-16,100.86
2014-09-17,101.58
2014-09-18,101.79
2014-09-19,100.96
2014-09-22,101.07
2014-09-23,102.64
2014-09-24,101.73
2014-09-25,97.87
2014-09-26,100.75
2014-09-29,100.11
2014-09-30,100.75
2014-10-01,99.18
2014-10-02,99.9
2014-10-03,99.62
2014-10-06,99.62
2014-10-07,98.75
2014-10-08,100.8
2014-10-09,101.02
2014-10-10,100.73
2014-10-13,99.81
2014-10-14,98.75
2014-10-15,97.54
2014-10-16,96.26
2014-10-17,97.67
2014-10-20,99.76
2014-10-21,102.47
2014-10-22,102.99
2014-10-23,104.83
2014-10-24,105.22
2014-10-27,105.11
2014-10-28,106.74
2014-10-29,107.34
2014-10-30,106.98
2014-10-31,108.0
2014-11-03,109.4
2014-11-04,108.6
2014-11-05,108.86
2014-11-06,108.7
2014-11-07,109.01
2014-11-10,108.83
2014-11-11,109.7
2014-11-12,111.25
2014-11-13,112.82
2014-11-14,114.18
2014-11-17,113.99
2014-11-18,115.47
2014-11-19,114.66
2014-11-20,116.31
2014-11-21,116.35
2014-11-24,118.62
2014-11-25,117.61
2014-11-26,119.0
2014-11-28,118.93
2014-12-01,115.05
2014-12-02,114.63
2014-12-03,115.95
2014-12-04,115.46
2014-12-05,114.98
2014-12-08,112.4
2014-12-09,114.13
2014-12-10,111.99
2014-12-11,111.62
2014-12-12,109.85
2014-12-15,108.24
2014-12-16,106.69
2014-12-17,109.29
2014-12-18,112.65
2014-12-19,111.78
2014-12-22,112.94
2014-12-23,112.54
2014-12-24,112.01
2014-12-26,113.99
2014-12-29,113.91
2014-12-30,112.52
2014-12-31,110.38
2015-01-02,109.33
2015-01-05,106.25
2015-01-06,106.26
2015-01-07,107.75
2015-01-08,111.87
2015-01-09,112.01
2015-01-12,109.25
2015-01-13,110.16
2015-01-14,109.7
2015-01-15,106.86
2015-01-16,105.94
2015-01-20,108.78
2015-01-21,110.37
2015-01-22,112.4
2015-01-23,112.98
2015-01-26,113.1
2015-01-27,109.13
2015-01-28,115.31
2015-01-29,118.9
2015-01-30,117.16
2015-02-02,118.63
2015-02-03,118.57
2015-02-04,119.56
2015-02-05,119.94
2015-02-06,118.93
2015-02-09,119.7
2015-02-10,122.02
2015-02-11,124.88
2015-02-12,126.41
2015-02-13,127.08
2015-02-17,127.83
2015-02-18,128.71
2015-02-19,128.45
2015-02-20,129.49
2015-02-23,133.0
2015-02-24,132.17
2015-02-25,128.73
2015-02-26,130.41
2015-02-27,128.48
2015-03-02,129.09
2015-03-03,129.37
2015-03-04,128.54
2015-03-05,126.38
2015-03-06,126.6
2015-03-09,127.09
2015-03-10,124.55
2015-03-11,122.24
2015-03-12,124.45
2015-03-13,123.54
2015-03-16,124.95
2015-03-17,127.04
2015-03-18,128.5
2015-03-19,127.49
2015-03-20,126.05
2015-03-23,127.21
2015-03-24,126.69
2015-03-25,123.38
2015-03-26,124.24
2015-03-27,123.25
2015-03-30,126.37
2015-03-31,124.43
2015-04-01,124.23
2015-04-02,125.31
2015-04-06,127.35
2015-04-07,126.01
2015-04-08,125.6
2015-04-09,126.56
2015-04-10,127.1
2015-04-13,126.85
2015-04-14,126.3
2015-04-15,126.77
2015-04-16,126.17
2015-04-17,124.75
2015-04-20,127.6
2015-04-21,126.91
2015-04-22,128.62
2015-04-23,129.67
2015-04-24,130.28
2015-04-27,132.65
2015-04-28,130.56
2015-04-29,128.64
2015-04-30,125.15
2015-05-01,128.95
2015-05-04,128.7
2015-05-05,125.8
2015-05-06,125.01
2015-05-07,125.24
2015-05-08,127.52
2015-05-11,126.32
2015-05-12,125.86
2015-05-13,126.01
2015-05-14,128.95
2015-05-15,128.75
2015-05-18,130.19
2015-05-19,130.07
2015-05-20,130.11
2015-05-21,131.39
2015-05-22,132.54
2015-05-26,129.62
2015-05-27,132.04
2015-05-28,131.78
2015-05-29,130.32
2015-06-01,130.53
2015-06-02,129.96
2015-06-03,130.16
2015-06-04,129.36
2015-06-05,128.65
2015-06-08,127.8
2015-06-09,127.42
2015-06-10,128.88
2015-06-11,128.59
2015-06-12,127.17
2015-06-15,126.92
2015-06-16,127.6
2015-06-17,127.3
2015-06-18,127.85
2015-06-19,126.6
2015-06-22,127.61
2015-06-23,127.03
2015-06-24,128.18
2015-06-25,127.5
2015-06-26,126.79
2015-06-29,124.55
2015-06-30,125.42
2015-07-01,126.52
2015-07-02,126.4
2015-07-06,126.0
2015-07-07,125.69
2015-07-08,122.59
2015-07-09,120.07
2015-07-10,123.3
2015-07-13,125.66
2015-07-14,125.6
2015-07-15,126.82
2015-07-16,128.49
2015-07-17,129.57
2015-07-20,132.07
2015-07-21,130.71
2015-07-22,125.14
2015-07-23,125.16
2015-07-24,124.48
2015-07-27,122.89
2015-07-28,123.32
2015-07-29,122.99
2015-07-30,122.38
2015-07-31,121.46
2015-08-03,118.43
2015-08-04,114.64
2015-08-05,115.4
2015-08-06,115.17
2015-08-07,115.51
2015-08-10,119.69
2015-08-11,113.55
2015-08-12,115.24
2015-08-13,115.15
2015-08-14,116.0
2015-08-17,117.16
2015-08-18,116.5
2015-08-19,115.01
2015-08-20,112.65
2015-08-21,106.05
2015-08-24,103.15
2015-08-25,103.74
2015-08-26,109.62
2015-08-27,112.84
2015-08-28,113.28
2015-08-31,112.76
2015-09-01,107.96
2015-09-02,112.34
2015-09-03,110.37
2015-09-04,109.27
2015-09-08,112.31
2015-09-09,110.15
2015-09-10,112.57
2015-09-11,114.21
2015-09-14,115.3
2015-09-15,116.28
2015-09-16,116.35
2015-09-17,113.93
2015-09-18,113.45
2015-09-21,115.21
2015-09-22,113.43
2015-09-23,114.32
2015-09-24,115.0
2015-09-25,114.72
2015-09-28,112.44
2015-09-29,109.17
2015-09-30,109.95
2015-10-01,109.57
2015-10-02,110.28
2015-10-05,110.78
2015-10-06,111.31
2015-10-07,110.67
2015-10-08,109.5
2015-10-09,112.09
2015-10-12,111.58
2015-10-13,111.79
2015-10-14,110.21
2015-10-15,111.8
2015-10-16,111.02
2015-10-19,111.73
2015-10-20,113.78
2015-10-21,113.76
2015-10-22,115.47
2015-10-23,119.09
2015-10-26,115.21
2015-10-27,114.55
2015-10-28,119.29
2015-10-29,120.53
2015-10-30,119.5
2015-11-02,121.18
2015-11-03,122.57
2015-11-04,122.0
2015-11-05,120.92
2015-11-06,121.06
2015-11-09,120.57
2015-11-10,116.73
2015-11-11,116.12
2015-11-12,115.72
2015-11-13,112.34
2015-11-16,114.17
2015-11-17,113.69
2015-11-18,117.29
2015-11-19,118.78
2015-11-20,119.3
2015-11-23,117.76
2015-11-24,118.88
2015-11-25,118.03
2015-11-27,117.81
2015-11-30,118.35
2015-12-01,117.34
2015-12-02,116.28
2015-12-03,115.2
2015-12-04,119.03
2015-12-07,118.27
2015-12-08,118.23
2015-12-09,115.62
2015-12-10,116.17
2015-12-11,113.18
2015-12-14,112.45
2015-12-15,110.46
2015-12-16,111.33
2015-12-17,109.0
2015-12-18,105.9
2015-12-21,107.33
2015-12-22,107.23
2015-12-23,108.62
2015-12-24,108.03
2015-12-28,106.82
2015-12-29,108.74
2015-12-30,107.32
2015-12-31,105.23
2016-01-04,105.33
2016-01-05,102.71
2016-01-06,100.7
2016-01-07,96.56
2016-01-08,96.96
2016-01-11,98.53
2016-01-12,99.97
2016-01-13,97.37
2016-01-14,99.52
2016-01-15,97.05
2016-01-19,96.68
2016-01-20,96.82
2016-01-21,96.29
2016-01-22,101.42
2016-01-25,99.41
2016-01-26,99.99
2016-01-27,93.42
2016-01-28,94.09
2016-01-29,97.34
2016-02-01,96.43
2016-02-02,94.48
2016-02-03,96.35
2016-02-04,96.6
2016-02-05,94.02
2016-02-08,95.01
2016-02-09,94.99
2016-02-10,94.27
2016-02-11,93.7
2016-02-12,93.99
2016-02-16,96.64
2016-02-17,98.12
2016-02-18,96.26
2016-02-19,96.04
2016-02-22,96.88
2016-02-23,94.69
2016-02-24,96.1
2016-02-25,96.76
2016-02-26,96.91
2016-02-29,96.69
2016-03-01,100.53
2016-03-02,100.75
2016-03-03,101.5
2016-03-04,103.01
2016-03-07,101.87
2016-03-08,101.03
2016-03-09,101.12
2016-03-10,101.17
2016-03-11,102.26
2016-03-14,102.52
2016-03-15,104.58
2016-03-16,105.97
2016-03-17,105.8
2016-03-18,105.92
2016-03-21,105.91
2016-03-22,106.72
2016-03-23,106.13
2016-03-24,105.67
2016-03-28,105.19
2016-03-29,107.68
2016-03-30,109.56
2016-03-31,108.99
2016-04-01,109.99
2016-04-04,111.12
2016-04-05,109.81
2016-04-06,110.96
2016-04-07,108.54
2016-04-08,108.66
2016-04-11,109.02
2016-04-12,110.44
2016-04-13,112.04
2016-04-14,112.1
2016-04-15,109.85
2016-04-18,107.48
2016-04-19,106.91
2016-04-20,107.13
2016-04-21,105.97
2016-04-22,105.68
2016-04-25,105.08
2016-04-26,104.35
2016-04-27,97.82
2016-04-28,94.83
2016-04-29,93.74
2016-05-02,93.64
2016-05-03,95.18
2016-05-04,94.19
2016-05-05,93.24
2016-05-06,92.72
2016-05-09,92.79
2016-05-10,93.42
2016-05-11,92.51
2016-05-12,90.34
2016-05-13,90.52
2016-05-16,93.88
2016-05-17,93.49
2016-05-18,94.56
2016-05-19,94.2
2016-05-20,95.22
2016-05-23,96.43
2016-05-24,97.9
2016-05-25,99.62
2016-05-26,100.41
2016-05-27,100.35
2016-05-31,99.86
2016-06-01,98.46
2016-06-02,97.72
2016-06-03,97.92
2016-06-06,98.63
2016-06-07,99.03
2016-06-08,98.94
2016-06-09,99.65
2016-06-10,98.83
2016-06-13,97.34
2016-06-14,97.46
2016-06-15,97.14
2016-06-16,97.55
2016-06-17,95.33
2016-06-20,95.1
2016-06-21,95.91
2016-06-22,95.55
2016-06-23,96.1
2016-06-24,93.4
2016-06-27,91.92
2016-06-28,93.59
2016-06-29,94.4
2016-06-30,95.6
2016-07-01,95.89
2016-07-05,95.04
2016-07-06,95.53
2016-07-07,95.94
2016-07-08,96.68
2016-07-11,96.98
2016-07-12,97.42
2016-07-13,96.87
2016-07-14,98.79
2016-07-15,98.78
2016-07-18,99.83
2016-07-19,99.87
2016-07-20,99.96
2016-07-21,99.43
2016-07-22,98.66
2016-07-25,97.34
2016-07-26,96.67
2016-07-27,102.95
2016-07-28,104.34
2016-07-29,104.21
2016-08-01,106.05
2016-08-02,104.48
2016-08-03,105.79
2016-08-04,105.87
2016-08-05,107.48
2016-08-08,108.37
2016-08-09,108.81
2016-08-10,108.0
2016-08-11,107.93
2016-08-12,108.18
2016-08-15,109.48
2016-08-16,109.38
2016-08-17,109.22
2016-08-18,109.08
2016-08-19,109.36
2016-08-22,108.51
2016-08-23,108.85
2016-08-24,108.03
2016-08-25,107.57
2016-08-26,106.94
2016-08-29,106.82
2016-08-30,106.0
2016-08-31,106.1
2016-09-01,106.73
2016-09-02,107.73
2016-09-06,107.7
2016-09-07,108.36
2016-09-08,105.52
2016-09-09,103.13
2016-09-12,105.44
2016-09-13,107.95
2016-09-14,111.77
2016-09-15,115.57
2016-09-16,114.92
2016-09-19,113.58
2016-09-20,113.57
2016-09-21,113.55
2016-09-22,114.62
2016-09-23,112.71
2016-09-26,112.88
2016-09-27,113.09
2016-09-28,113.95
2016-09-29,112.18
2016-09-30,113.05
2016-10-03,112.52
2016-10-04,113.0
2016-10-05,113.05
2016-10-06,113.89
2016-10-07,114.06
2016-10-10,116.05
2016-10-11,116.3
2016-10-12,117.34
2016-10-13,116.98
2016-10-14,117.63
2016-10-17,117.55
2016-10-18,117.47
2016-10-19,117.12
2016-10-20,117.06
2016-10-21,116.6
2016-10-24,117.65
2016-10-25,118.25
2016-10-26,115.59
2016-10-27,114.48
2016-10-28,113.72
2016-10-31,113.54
2016-11-01,111.49
2016-11-02,111.59
2016-11-03,109.83
2016-11-04,108.84
2016-11-07,110.41
2016-11-08,111.06
2016-11-09,110.88
2016-11-10,107.79
2016-11-11,108.43
2016-11-14,105.71
2016-11-15,107.11
2016-11-16,109.99
2016-11-17,109.95
2016-11-18,110.06
2016-11-21,111.73
2016-11-22,111.8
2016-11-23,111.23
2016-11-25,111.79
2016-11-28,111.57
2016-11-29,111.46
2016-11-30,110.52
2016-12-01,109.49
2016-12-02,109.9
2016-12-05,109.11
2016-12-06,109.95
2016-12-07,111.03
2016-12-08,112.12
2016-12-09,113.95
2016-12-12,113.3
2016-12-13,115.19
2016-12-14,115.19
2016-12-15,115.82
2016-12-16,115.97
2016-12-19,116.64
2016-12-20,116.95
2016-12-21,117.06
2016-12-22,116.29
2016-12-23,116.52
2016-12-27,117.26
2016-12-28,116.76
2016-12-29,116.73
2016-12-30,115.82
2017-01-03,116.15
2017-01-04,116.02
2017-01-05,116.61
2017-01-06,117.91
2017-01-09,118.99
2017-01-10,119.11
2017-01-11,119.75
2017-01-12,119.25
2017-01-13,119.04
2017-01-17,120.0
2017-01-18,119.99
2017-01-19,119.78
2017-01-20,120.0
2017-01-23,120.08
2017-01-24,119.97
2017-01-25,121.88
2017-01-26,121.94
2017-01-27,121.95
2017-01-30,121.63
2017-01-31,121.35
2017-02-01,128.75
2017-02-02,128.53
2017-02-03,129.08
2017-02-06,130.29
2017-02-07,131.53
2017-02-08,132.04
2017-02-09,132.42
2017-02-10,132.12
2017-02-13,133.29
2017-02-14,135.02
2017-02-15,135.51
2017-02-16,135.34
2017-02-17,135.72
2017-02-21,136.7
2017-02-22,137.11
2017-02-23,136.53
2017-02-24,136.66
2017-02-27,136.93
2017-02-28,136.99
2017-03-01,139.79
2017-03-02,138.96
2017-03-03,139.78
2017-03-06,139.34
2017-03-07,139.52
2017-03-08,139.0
2017-03-09,138.68
2017-03-10,139.14
2017-03-13,139.2
2017-03-14,138.99
2017-03-15,140.46
2017-03-16,140.69
2017-03-17,139.99
2017-03-20,141.46
2017-03-21,139.84
2017-03-22,141.42
2017-03-23,140.92
2017-03-24,140.64
2017-03-27,140.88
2017-03-28,143.8
2017-03-29,144.12
2017-03-30,143.93
2017-03-31,143.66
2017-04-03,143.7
2017-04-04,144.77
2017-04-05,144.02
2017-04-06,143.66
2017-04-07,143.34
2017-04-10,143.17
2017-04-11,141.63
2017-04-12,141.8
2017-04-13,141.05
2017-04-17,141.83
2017-04-18,141.2
2017-04-19,140.68
2017-04-20,142.44
2017-04-21,142.27
2017-04-24,143.64
2017-04-25,144.53
2017-04-26,143.68
2017-04-27,143.79
2017-04-28,143.65
2017-05-01,146.58
2017-05-02,147.51
2017-05-03,147.06
2017-05-04,146.53
2017-05-05,148.96
2017-05-08,153.01
2017-05-09,153.99
2017-05-10,153.26
2017-05-11,153.95
2017-05-12,156.1
2017-05-15,155.7
2017-05-16,155.47
2017-05-17,150.25
2017-05-18,152.54
2017-05-19,153.06
2017-05-22,153.99
2017-05-23,153.8
2017-05-24,153.34
2017-05-25,153.87
2017-05-26,153.61
2017-05-30,153.67
2017-05-31,152.76
2017-06-01,153.18
2017-06-02,155.45
2017-06-05,153.93
2017-06-06,154.45
2017-06-07,155.37
2017-06-08,154.99
2017-06-09,148.98
2017-06-12,145.42
2017-06-13,146.59
2017-06-14,145.16
2017-06-15,144.29
2017-06-16,142.27
2017-06-19,146.34
2017-06-20,145.01
2017-06-21,145.87
2017-06-22,145.63
2017-06-23,146.28
2017-06-26,145.82
2017-06-27,143.73
2017-06-28,145.83
2017-06-29,143.68
2017-06-30,144.02
2017-07-03,143.5
2017-07-05,144.09
2017-07-06,142.73
2017-07-07,144.18
2017-07-10,145.06
2017-07-11,145.53
2017-07-12,145.74
2017-07-13,147.77
2017-07-14,149.04
2017-07-17,149.56
2017-07-18,150.08
2017-07-19,151.02
2017-07-20,150.34
2017-07-21,150.27
2017-07-24,152.09
2017-07-25,152.74
2017-07-26,153.46
2017-07-27,150.56
2017-07-28,149.5
2017-07-31,148.73
2017-08-01,150.05
2017-08-02,157.14
2017-08-03,155.57
2017-08-04,156.39
2017-08-07,158.81
2017-08-08,160.08
2017-08-09,161.06
2017-08-10,155.32
2017-08-11,157.48
2017-08-14,159.85
2017-08-15,161.6
2017-08-16,160.95
2017-08-17,157.86
2017-08-18,157.5
2017-08-21,157.21
2017-08-22,159.78
2017-08-23,159.98
2017-08-24,159.27
2017-08-25,159.86
2017-08-28,161.47
2017-08-29,162.91
2017-08-30,163.35
2017-08-31,164.0
2017-09-01,164.05
2017-09-05,162.08
2017-09-06,161.91
2017-09-07,161.26
2017-09-08,158.63
2017-09-11,161.5
2017-09-12,160.86
2017-09-13,159.65
2017-09-14,158.28
2017-09-15,159.88
2017-09-18,158.67
2017-09-19,158.73
2017-09-20,156.07
2017-09-21,153.39
2017-09-22,151.89
2017-09-25,150.55
2017-09-26,153.14
2017-09-27,154.23
2017-09-28,153.28
2017-09-29,154.12
2017-10-02,153.81
2017-10-03,154.48
2017-10-04,153.48
2017-10-05,155.39
2017-10-06,155.3
2017-10-09,155.84
2017-10-10,155.9
2017-10-11,156.55
2017-10-12,156.0
2017-10-13,156.99
2017-10-16,159.88
2017-10-17,160.47
2017-10-18,159.76
2017-10-19,155.98
2017-10-20,156.25
2017-10-23,156.17
2017-10-24,157.1
2017-10-25,156.41
2017-10-26,157.41
2017-10-27,163.05
2017-10-30,166.72
2017-10-31,169.04
2017-11-01,166.89
2017-11-02,168.11
2017-11-03,172.5
2017-11-06,174.25
2017-11-07,174.81
2017-11-08,176.24
2017-11-09,175.88
2017-11-10,174.67
2017-11-13,173.97
2017-11-14,171.34
2017-11-15,169.08
2017-11-16,171.1
2017-11-17,170.15
2017-11-20,169.98
2017-11-21,173.14
2017-11-22,174.96
2017-11-24,174.97
2017-11-27,174.09
2017-11-28,173.07
2017-11-29,169.48
2017-11-30,171.85
2017-12-01,171.05
2017-12-04,169.8
2017-12-05,169.64
2017-12-06,169.01
2017-12-07,169.32
2017-12-08,169.37
2017-12-11,172.67
2017-12-12,171.7
2017-12-13,172.27
2017-12-14,172.22
2017-12-15,173.97
2017-12-18,176.42
2017-12-19,174.54
2017-12-20,174.35
2017-12-21,175.01
2017-12-22,175.01
2017-12-26,170.57
2017-12-27,170.6
2017-12-28,171.08
2017-12-29,169.23
2018-01-02,172.26
2018-01-03,172.23
2018-01-04,173.03
2018-01-05,175.0
2018-01-08,174.35
2018-01-09,174.33
2018-01-10,174.29
2018-01-11,175.28
2018-01-12,177.09
2018-01-16,176.19
2018-01-17,179.1
2018-01-18,179.26
2018-01-19,178.46
2018-01-22,177.0
2018-01-23,177.04
2018-01-24,174.22
2018-01-25,171.11
2018-01-26,171.51
2018-01-29,167.96
2018-01-30,166.97
2018-01-31,167.43
2018-02-01,167.78
2018-02-02,160.5
2018-02-05,156.49
2018-02-06,163.03
2018-02-07,159.54
2018-02-08,155.15
2018-02-09,156.41
2018-02-12,162.71
2018-02-13,164.34
2018-02-14,167.37
2018-02-15,172.99
2018-02-16,172.43
2018-02-20,171.85
2018-02-21,171.07
2018-02-22,172.5
2018-02-23,175.5
2018-02-26,178.97
2018-02-27,178.39
2018-02-28,178.12
2018-03-01,175.0
2018-03-02,176.21
2018-03-05,176.82
2018-03-06,176.67
2018-03-07,175.03
2018-03-08,176.94
2018-03-09,179.98
2018-03-12,181.72
2018-03-13,179.97
2018-03-14,178.44
2018-03-15,178.65
2018-03-16,178.02
2018-03-19,175.3
2018-03-20,175.24
2018-03-21,171.27
2018-03-22,168.85
2018-03-23,164.94
2018-03-26,172.77
2018-03-27,168.34
2018-03-28,166.48
2018-03-29,167.78
2018-04-02,166.68
2018-04-03,168.39
2018-04-04,171.61
2018-04-05,172.8
2018-04-06,168.38
2018-04-09,170.05
2018-04-10,173.25
2018-04-11,172.44
2018-04-12,174.14
2018-04-13,174.73
2018-04-16,175.82
2018-04-17,178.24
2018-04-18,177.84
2018-04-19,172.8
2018-04-20,165.72
2018-04-23,165.24
2018-04-24,162.94
2018-04-25,163.65
2018-04-26,164.22
2018-04-27,162.32
2018-04-30,165.26
2018-05-01,169.1
2018-05-02,176.57
2018-05-03,176.89
2018-05-04,183.83
2018-05-07,185.16
2018-05-08,186.05
2018-05-09,187.36
2018-05-10,190.04
2018-05-11,188.59
2018-05-14,188.15
2018-05-15,186.44
2018-05-16,188.18
2018-05-17,186.99
2018-05-18,186.31
2018-05-21,187.63
2018-05-22,187.16
2018-05-23,188.36
2018-05-24,188.15
2018-05-25,188.58
2018-05-29,187.9
2018-05-30,187.5
2018-05-31,186.87
2018-06-01,190.24
2018-06-04,191.83
2018-06-05,193.31
2018-06-06,193.98
2018-06-07,193.46
2018-06-08,191.7
2018-06-11,191.23
2018-06-12,192.28
2018-06-13,190.7
2018-06-14,190.8
2018-06-15,188.84
2018-06-18,188.74
2018-06-19,185.69
2018-06-20,186.5
2018-06-21,185.46
2018-06-22,184.92
2018-06-25,182.17
2018-06-26,184.43
2018-06-27,184.16
2018-06-28,185.5
2018-06-29,185.11
2018-07-02,187.18
2018-07-03,183.92
2018-07-05,185.4
2018-07-06,187.97
2018-07-09,190.58
2018-07-10,190.35
2018-07-11,187.88
2018-07-12,191.03
2018-07-13,191.33
2018-07-16,190.91
2018-07-17,191.45
2018-07-18,190.4
2018-07-19,191.88
2018-07-20,191.44
2018-07-23,191.61
2018-07-24,193.0
2018-07-25,194.82
2018-07-26,194.21
2018-07-27,190.98
2018-07-30,189.91
2018-07-31,190.29
2018-08-01,201.5
2018-08-02,207.39
2018-08-03,207.99
2018-08-06,209.07
2018-08-07,207.11
2018-08-08,207.25
2018-08-09,208.88
2018-08-10,207.53
2018-08-13,208.87
2018-08-14,209.75
2018-08-15,210.24
2018-08-16,213.32
2018-08-17,217.58
2018-08-20,215.46
2018-08-21,215.04
2018-08-22,215.05
2018-08-23,215.49
2018-08-24,216.16
2018-08-27,217.94
2018-08-28,219.7
2018-08-29,222.98
2018-08-30,225.03
2018-08-31,227.63
2018-09-04,228.36
2018-09-05,226.87
2018-09-06,223.1
2018-09-07,221.3
2018-09-10,218.33
2018-09-11,223.85
2018-09-12,221.07
2018-09-13,226.41
2018-09-14,223.84
2018-09-17,217.88
2018-09-18,218.24
2018-09-19,218.37
2018-09-20,220.03
2018-09-21,217.66
2018-09-24,220.79
2018-09-25,222.19
2018-09-26,220.42
2018-09-27,224.95
2018-09-28,225.74
2018-10-01,227.26
2018-10-02,229.28
2018-10-03,232.07
2018-10-04,227.99
2018-10-05,224.29
2018-10-08,223.77
2018-10-09,226.87
2018-10-10,216.36
2018-10-11,214.45
2018-10-12,222.11
2018-10-15,217.36
2018-10-16,222.15
2018-10-17,221.19
2018-10-18,216.02
2018-10-19,219.31
2018-10-22,220.65
2018-10-23,222.73
2018-10-24,215.09
2018-10-25,219.8
2018-10-26,216.3
2018-10-29,212.24
2018-10-30,213.3
2018-10-31,218.86
2018-11-01,222.22
2018-11-02,207.48
2018-11-05,201.59
2018-11-06,203.77
2018-11-07,209.95
2018-11-08,208.49
2018-11-09,204.47
2018-11-12,194.17
2018-11-13,192.23
2018-11-14,186.8
2018-11-15,191.41
2018-11-16,193.53
2018-11-19,185.86
2018-11-20,176.98
2018-11-21,176.78
2018-11-23,172.29
2018-11-26,174.62
2018-11-27,174.24
2018-11-28,180.94
2018-11-29,179.55
2018-11-30,178.58
2018-12-03,184.82
2018-12-04,176.69
2018-12-06,174.72
2018-12-07,168.49
2018-12-10,169.6
2018-12-11,168.63
2018-12-12,169.1
2018-12-13,170.95
2018-12-14,165.48
2018-12-17,163.94
2018-12-18,166.07
2018-12-19,160.89
2018-12-20,156.83
2018-12-21,150.73
2018-12-24,146.83
2018-12-26,157.17
2018-12-27,156.15
2018-12-28,156.23
2018-12-31,157.74
2019-01-02,157.92
2019-01-03,142.19
2019-01-04,148.26
2019-01-07,147.93
2019-01-08,150.75
2019-01-09,153.31
2019-01-10,153.8
2019-01-11,152.29
2019-01-14,150.0
2019-01-15,153.07
2019-01-16,154.94
2019-01-17,155.86
2019-01-18,156.82
2019-01-22,153.3
2019-01-23,153.92
2019-01-24,152.7
2019-01-25,157.76
2019-01-28,156.3
2019-01-29,154.68
2019-01-30,165.25
2019-01-31,166.44
2019-02-01,166.52
2019-02-04,171.25
2019-02-05,174.18
2019-02-06,174.24
2019-02-07,170.94
2019-02-08,170.41
2019-02-11,169.43
2019-02-12,170.89
2019-02-13,170.18
2019-02-14,170.8
2019-02-15,170.42
2019-02-19,170.93
2019-02-20,172.03
2019-02-21,171.06
2019-02-22,172.97
2019-02-25,174.23
2019-02-26,174.33
2019-02-27,174.87
2019-02-28,173.15
2019-03-01,174.97
2019-03-04,175.85
2019-03-05,175.53
2019-03-06,174.52
2019-03-07,172.5
2019-03-08,172.91
2019-03-11,178.9
2019-03-12,180.91
2019-03-13,181.71
2019-03-14,183.73
2019-03-15,186.12
2019-03-18,188.02
2019-03-19,186.53
2019-03-20,188.16
2019-03-21,195.09
2019-03-22,191.05
2019-03-25,188.74
2019-03-26,186.79
2019-03-27,188.47
2019-03-28,188.72
2019-03-29,189.95
2019-04-01,191.24
2019-04-02,194.02
2019-04-03,195.35
2019-04-04,195.69
2019-04-05,197.0
2019-04-08,200.1
2019-04-09,199.5
2019-04-10,200.62
2019-04-11,198.95
2019-04-12,198.87
2019-04-15,199.23
2019-04-16,199.25
2019-04-17,203.13
2019-04-18,203.86
2019-04-22,204.53
2019-04-23,207.48
2019-04-24,207.16
2019-04-25,205.28
2019-04-26,204.3
2019-04-29,204.61
2019-04-30,200.67
2019-05-01,210.52
2019-05-02,209.15
2019-05-03,211.75
2019-05-06,208.48
2019-05-07,202.86
2019-05-08,202.9
2019-05-09,200.72
2019-05-10,197.18
2019-05-13,185.72
2019-05-14,188.66
2019-05-15,190.92
2019-05-16,190.08
2019-05-17,189.0
2019-05-20,183.09
2019-05-21,186.6
2019-05-22,182.78
2019-05-23,179.66
2019-05-24,178.97
2019-05-28,178.23
2019-05-29,177.38
2019-05-30,178.3
2019-05-31,175.07
2019-06-03,173.3
2019-06-04,179.64
2019-06-05,182.54
2019-06-06,185.22
2019-06-07,190.15
2019-06-10,192.58
2019-06-11,194.81
2019-06-12,194.19
2019-06-13,194.15
2019-06-14,192.74
2019-06-17,193.89
2019-06-18,198.45
2019-06-19,197.87
2019-06-20,199.46
2019-06-21,198.78
2019-06-24,198.58
2019-06-25,195.57
2019-06-26,199.8
2019-06-27,199.74
2019-06-28,197.92
2019-07-01,201.55
2019-07-02,202.73
2019-07-03,204.41
2019-07-05,204.23
2019-07-08,200.02
2019-07-09,201.24
2019-07-10,203.23
2019-07-11,201.75
2019-07-12,203.3
2019-07-15,205.21
2019-07-16,204.5
2019-07-17,203.35
2019-07-18,205.66
2019-07-19,202.59
2019-07-22,207.22
2019-07-23,208.84
2019-07-24,208.67
2019-07-25,207.02
2019-07-26,207.74
2019-07-29,209.68
2019-07-30,208.78
2019-07-31,213.04
2019-08-01,208.43
2019-08-02,204.02
2019-08-05,193.34
2019-08-06,197.0
2019-08-07,199.04
2019-08-08,203.43
2019-08-09,200.99
2019-08-12,200.48
2019-08-13,208.97
2019-08-14,202.75
2019-08-15,201.74
2019-08-16,206.5
2019-08-19,210.35
2019-08-20,210.36
2019-08-21,212.64
2019-08-22,212.46
2019-08-23,202.64
2019-08-26,206.49
2019-08-27,204.16
2019-08-28,205.53
2019-08-29,209.01
2019-08-30,208.74
2019-09-03,205.7
2019-09-04,209.19
2019-09-05,213.28
2019-09-06,213.26
2019-09-09,214.17
2019-09-10,216.7
2019-09-11,223.59
2019-09-12,223.09
2019-09-13,218.75
2019-09-16,219.9
2019-09-17,220.7
2019-09-18,222.77
2019-09-19,220.96
2019-09-20,217.73
2019-09-23,218.72
2019-09-24,217.68
2019-09-25,221.03
2019-09-26,219.89
2019-09-27,218.82
2019-09-30,223.97
2019-10-01,224.59
2019-10-02,218.96
2019-10-03,220.82
2019-10-04,227.01
2019-10-07,227.06
2019-10-08,224.4
2019-10-09,227.03
2019-10-10,230.09
2019-10-11,236.21
2019-10-14,235.87
2019-10-15,235.32
2019-10-16,234.37
2019-10-17,235.28
2019-10-18,236.41
2019-10-21,240.51
2019-10-22,239.96
2019-10-23,243.18
2019-10-24,243.58
2019-10-25,246.58
2019-10-28,249.05
2019-10-29,243.29
2019-10-30,243.26
2019-10-31,248.76
2019-11-01,255.82
2019-11-04,257.5
2019-11-05,257.13
2019-11-06,257.24
2019-11-07,259.43
2019-11-08,260.14
2019-11-11,262.2
2019-11-12,261.96
2019-11-13,264.47
2019-11-14,262.64
2019-11-15,265.76
2019-11-18,267.1
2019-11-19,266.29
2019-11-20,263.19
2019-11-21,262.01
2019-11-22,261.78
2019-11-25,266.37
2019-11-26,264.29
2019-11-27,267.84
2019-11-29,267.25
2019-12-02,264.16
2019-12-03,259.45
2019-12-04,261.74
2019-12-05,265.58
2019-12-06,270.71
2019-12-09,266.92
2019-12-10,268.48
2019-12-11,270.77
2019-12-12,271.46
2019-12-13,275.15
2019-12-16,279.86
2019-12-17,280.41
2019-12-18,279.74
2019-12-19,280.02
2019-12-20,279.44
2019-12-23,284.0
2019-12-24,284.27
2019-12-26,289.91
2019-12-27,289.8
2019-12-30,291.52
2019-12-31,293.65
2020-01-02,300.35
2020-01-03,297.43
2020-01-06,299.8
2020-01-07,298.39
2020-01-08,303.19
2020-01-09,309.63
2020-01-10,310.33
2020-01-13,316.96
2020-01-14,312.68
2020-01-15,311.34
2020-01-16,315.24
2020-01-17,318.73
2020-01-21,316.57
2020-01-22,317.7
2020-01-23,319.23
2020-01-24,318.31
2020-01-27,308.95
2020-01-28,317.69
2020-01-29,324.34
2020-01-30,323.87
2020-01-31,309.51
2020-02-03,308.66
2020-02-04,318.85
2020-02-05,321.45
2020-02-06,325.21
2020-02-07,320.03
2020-02-10,321.55
2020-02-11,319.61
2020-02-12,327.2
2020-02-13,324.87
2020-02-14,324.95
2020-02-18,319.0
2020-02-19,323.62
2020-02-20,320.3
2020-02-21,313.05
2020-02-24,298.18
2020-02-25,288.08
2020-02-26,292.65
2020-02-27,273.52
2020-02-28,273.36
2020-03-02,298.81
2020-03-03,289.32
2020-03-04,302.74
2020-03-05,292.92
2020-03-06,289.03
2020-03-09,266.17
2020-03-10,285.34
2020-03-11,275.43
2020-03-12,248.23
2020-03-13,277.97
2020-03-16,242.21
2020-03-17,252.86
2020-03-18,246.67
2020-03-19,244.78
2020-03-20,229.24
2020-03-23,224.37
2020-03-24,246.88
2020-03-25,245.52
2020-03-26,258.44
2020-03-27,247.74
2020-03-30,254.81
2020-03-31,254.29
2020-04-01,240.91
2020-04-02,244.93
2020-04-03,241.41
2020-04-06,262.47
2020-04-07,259.43
2020-04-08,266.07
2020-04-09,267.99
2020-04-13,273.25
2020-04-14,287.05
2020-04-15,284.43
2020-04-16,286.69
2020-04-17,282.8
2020-04-20,276.93
2020-04-21,268.37
2020-04-22,276.1
2020-04-23,275.03
2020-04-24,282.97
2020-04-27,283.17
2020-04-28,278.58
2020-04-29,287.73
2020-04-30,293.8
2020-05-01,289.07
2020-05-04,293.16
2020-05-05,297.56
2020-05-06,300.63
2020-05-07,303.74
2020-05-08,310.13
2020-05-11,315.01
2020-05-12,311.41
2020-05-13,307.65
2020-05-14,309.54
2020-05-15,307.71
2020-05-18,314.96
2020-05-19,313.14
2020-05-20,319.23
2020-05-21,316.85
2020-05-22,318.89
2020-05-26,316.73
2020-05-27,318.11
2020-05-28,318.25
2020-05-29,317.94
2020-06-01,321.85
2020-06-02,323.34
2020-06-03,325.12
2020-06-04,322.32
2020-06-05,331.5
2020-06-08,333.46
2020-06-09,343.99
2020-06-10,352.84
2020-06-11,335.9
2020-06-12,338.8
2020-06-15,342.99
2020-06-16,352.08
2020-06-17,351.59
2020-06-18,351.73
2020-06-19,349.72
2020-06-22,358.87
2020-06-23,366.53
2020-06-24,360.06
2020-06-25,364.84
2020-06-26,353.63
2020-06-29,361.78
2020-06-30,364.8
2020-07-01,364.11
2020-07-02,364.11
2020-07-06,373.85
2020-07-07,372.69
2020-07-08,381.37
2020-07-09,382.73
2020-07-10,383.68
2020-07-13,381.91
2020-07-14,388.23
2020-07-15,390.9
2020-07-16,386.09
2020-07-17,385.31
2020-07-20,393.43
2020-07-21,388.0
2020-07-22,389.09
2020-07-23,371.38
2020-07-24,370.46
2020-07-27,379.24
2020-07-28,373.01
2020-07-29,380.16
2020-07-30,384.76
2020-07-31,425.04
2020-08-03,435.75
2020-08-04,438.66
2020-08-05,440.25
2020-08-06,455.61
2020-08-07,444.45
2020-08-10,450.91
2020-08-11,437.5
2020-08-12,452.04
2020-08-13,460.04
2020-08-14,459.63
2020-08-17,458.43
2020-08-18,462.25
2020-08-19,462.83
2020-08-20,473.1
2020-08-21,497.48
2020-08-24,503.43
2020-08-25,499.3
2020-08-26,506.09
2020-08-27,500.04
2020-08-28,499.23
2020-08-31,129.04
2020-09-01,134.18
2020-09-02,131.4
2020-09-03,120.88
2020-09-04,120.96
2020-09-08,112.82
2020-09-09,117.32
2020-09-10,113.49
2020-09-11,112.0
2020-09-14,115.36
2020-09-15,115.54
2020-09-16,112.13
2020-09-17,110.34
2020-09-18,106.84
2020-09-21,110.08
2020-09-22,111.81
2020-09-23,107.12
2020-09-24,108.22
2020-09-25,112.28
2020-09-28,114.96
2020-09-29,114.09
2020-09-30,115.81
2020-10-01,116.79
2020-10-02,113.02
2020-10-05,116.5
2020-10-06,113.16
2020-10-07,115.08
2020-10-08,114.97
2020-10-09,116.97
2020-10-12,124.4
2020-10-13,121.1
2020-10-14,121.19
2020-10-15,120.71
2020-10-16,119.02
2020-10-19,115.98
2020-10-20,117.51
2020-10-21,116.87
2020-10-22,115.75
2020-10-23,115.04
2020-10-26,115.05
2020-10-27,116.6
2020-10-28,111.2
2020-10-29,115.32
2020-10-30,108.86
2020-11-02,108.77
2020-11-03,110.44
2020-11-04,114.95
2020-11-05,119.03
2020-11-06,118.69
2020-11-09,116.32
2020-11-10,115.97
2020-11-11,119.49
2020-11-12,119.21
2020-11-13,119.26
2020-11-16,120.3
2020-11-17,119.39
2020-11-18,118.03
2020-11-19,118.64
2020-11-20,117.34
2020-11-23,113.85
2020-11-24,115.17
2020-11-25,116.03
2020-11-27,116.59
2020-11-30,119.05
2020-12-01,122.72
2020-12-02,123.08
2020-12-03,122.94
2020-12-04,122.25
2020-12-07,123.75
2020-12-08,124.38
2020-12-09,121.78
2020-12-10,123.24
2020-12-11,122.41
2020-12-14,121.78
2020-12-15,127.88
2020-12-16,127.81
2020-12-17,128.7
2020-12-18,126.66
2020-12-21,128.23
2020-12-22,131.88
2020-12-23,130.96
2020-12-24,131.97
2020-12-28,136.69
2020-12-29,134.87
2020-12-30,133.72
2020-12-31,132.69
2021-01-04,129.41
2021-01-05,131.01
2021-01-06,126.6
2021-01-07,130.92
2021-01-08,132.05
2021-01-11,128.98
2021-01-12,128.8
2021-01-13,130.89
2021-01-14,128.91
2021-01-15,127.14
2021-01-19,127.83
2021-01-20,132.03
2021-01-21,136.87
2021-01-22,139.07
2021-01-25,142.92
2021-01-26,143.16
2021-01-27,142.06
2021-01-28,137.09
2021-01-29,131.96
2021-02-01,134.14
2021-02-02,134.99
2021-02-03,133.94
2021-02-04,137.39
2021-02-05,136.76
2021-02-08,136.91
2021-02-09,136.01
2021-02-10,135.39
2021-02-11,135.13
2021-02-12,135.37
2021-02-16,133.19
2021-02-17,130.84
2021-02-18,129.71
2021-02-19,129.87
2021-02-22,126.0
2021-02-23,125.86
2021-02-24,125.35
2021-02-25,120.99
2021-02-26,121.26
2021-03-01,127.79
2021-03-02,125.12
2021-03-03,122.06
2021-03-04,120.13
2021-03-05,121.42
2021-03-08,116.36
2021-03-09,121.08
2021-03-10,119.98
2021-03-11,121.96
2021-03-12,121.03
2021-03-15,123.99
2021-03-16,125.57
2021-03-17,124.76
2021-03-18,120.53
2021-03-19,119.99
2021-03-22,123.39
2021-03-23,122.54
2021-03-24,120.09
2021-03-25,120.59
2021-03-26,121.21
2021-03-29,121.39
2021-03-30,119.9
2021-03-31,122.15
2021-04-01,123.0
2021-04-05,125.9
2021-04-06,126.21
2021-04-07,127.9
2021-04-08,130.36
2021-04-09,133.0
2021-04-12,131.24
2021-04-13,134.43
2021-04-14,132.03
2021-04-15,134.5
2021-04-16,134.16
2021-04-19,134.84
2021-04-20,133.11
2021-04-21,133.5
2021-04-22,131.94
2021-04-23,134.32
2021-04-26,134.72
2021-04-27,134.39
2021-04-28,133.58
2021-04-29,133.48
2021-04-30,131.46
2021-05-03,132.54
2021-05-04,127.85
2021-05-05,128.1
2021-05-06,129.74
2021-05-07,130.21
2021-05-10,126.85
2021-05-11,125.91
2021-05-12,122.77
2021-05-13,124.97
2021-05-14,127.45
2021-05-17,126.27
2021-05-18,124.85
2021-05-19,124.69
2021-05-20,127.31
2021-05-21,125.43
2021-05-24,127.1
2021-05-25,126.9
2021-05-26,126.85
2021-05-27,125.28
2021-05-28,124.61
2021-06-01,124.28
2021-06-02,125.06
2021-06-03,123.54
2021-06-04,125.89
2021-06-07,125.9
2021-06-08,126.74
2021-06-09,127.13
2021-06-10,126.11
2021-06-11,127.35
2021-06-14,130.48
2021-06-15,129.64
2021-06-16,130.15
2021-06-17,131.79
2021-06-18,130.46
2021-06-21,132.3
2021-06-22,133.98
2021-06-23,133.7
2021-06-24,133.41
2021-06-25,133.11
2021-06-28,134.78
2021-06-29,136.33
2021-06-30,136.96
2021-07-01,137.27
2021-07-02,139.96
2021-07-06,142.02
2021-07-07,144.57
2021-07-08,143.24
2021-07-09,145.11
2021-07-12,144.5
2021-07-13,145.64
2021-07-14,149.15
2021-07-15,148.48
2021-07-16,146.39
2021-07-19,142.45
2021-07-20,146.15
2021-07-21,145.4
2021-07-22,146.8
2021-07-23,148.56
2021-07-26,148.99
2021-07-27,146.77
2021-07-28,144.98
2021-07-29,145.64
2021-07-30,145.86
2021-08-02,145.52
2021-08-03,147.36
2021-08-04,146.95
2021-08-05,147.06
2021-08-06,146.14
2021-08-09,146.09
2021-08-10,145.6
2021-08-11,145.86
2021-08-12,148.89
2021-08-13,149.1
2021-08-16,151.12
2021-08-17,150.19
2021-08-18,146.36
2021-08-19,146.7
2021-08-20,148.19
2021-08-23,149.71
2021-08-24,149.62
2021-08-25,148.36
2021-08-26,147.54
2021-08-27,148.6
2021-08-30,153.12
2021-08-31,151.83
2021-09-01,152.51
2021-09-02,153.65
2021-09-03,154.3
2021-09-07,156.69
2021-09-08,155.11
2021-09-09,154.07
2021-09-10,148.97
2021-09-13,149.55
2021-09-14,148.12
2021-09-15,149.03
2021-09-16,148.79
2021-09-17,146.06
2021-09-20,142.94
2021-09-21,143.43
2021-09-22,145.85
2021-09-23,146.83
2021-09-24,146.92
2021-09-27,145.37
2021-09-28,141.91
2021-09-29,142.83
2021-09-30,141.5
2021-10-01,142.65
2021-10-04,139.14
2021-10-05,141.11
2021-10-06,142.0
2021-10-07,143.29
2021-10-08,142.9
2021-10-11,142.81
2021-10-12,141.51
2021-10-13,140.91
2021-10-14,143.76
2021-10-15,144.84
2021-10-18,146.55
2021-10-19,148.76
2021-10-20,149.26
2021-10-21,149.48
2021-10-22,148.69
2021-10-25,148.64
2021-10-26,149.32
2021-10-27,148.85
2021-10-28,152.57
2021-10-29,149.8
2021-11-01,148.96
2021-11-02,150.02
2021-11-03,151.49
2021-11-04,150.96
2021-11-05,151.28
2021-11-08,150.44
2021-11-09,150.81
2021-11-10,147.92
2021-11-11,147.87
2021-11-12,149.99
2021-11-15,150.0
2021-11-16,151.0
2021-11-17,153.49
2021-11-18,157.87
2021-11-19,160.55
2021-11-22,161.02
2021-11-23,161.41
2021-11-24,161.94
2021-11-26,156.81
2021-11-29,160.24
2021-11-30,165.3
2021-12-01,164.77
2021-12-02,163.76
2021-12-03,161.84
2021-12-06,165.32
2021-12-07,171.18
2021-12-08,175.08
2021-12-09,174.56
2021-12-10,179.45
2021-12-13,175.74
2021-12-14,174.33
2021-12-15,179.3
2021-12-16,172.26
2021-12-17,171.14
2021-12-20,169.75
2021-12-21,172.99
2021-12-22,175.64
2021-12-23,176.28
2021-12-27,180.33
2021-12-28,179.29
2021-12-29,179.38
2021-12-30,178.2
2021-12-31,177.57
2022-01-03,182.01
2022-01-04,179.7
2022-01-05,174.92
2022-01-06,172.0
2022-01-07,172.17
2022-01-10,172.19
2022-01-11,175.08
2022-01-12,175.53
2022-01-13,172.19
2022-01-14,173.07
2022-01-18,169.8
2022-01-19,166.23
2022-01-20,164.51
2022-01-21,162.41
2022-01-24,161.62
2022-01-25,159.78
2022-01-26,159.69
2022-01-27,159.22
2022-01-28,170.33
2022-01-31,174.78
2022-02-01,174.61
2022-02-02,175.84
2022-02-03,172.9
2022-02-04,172.39
2022-02-07,171.66
2022-02-08,174.83
2022-02-09,176.28
2022-02-10,172.12
2022-02-11,168.64
2022-02-14,168.88
2022-02-15,172.79
2022-02-16,172.55
2022-02-17,168.88
2022-02-18,167.3
2022-02-22,164.32
2022-02-23,160.07
2022-02-24,162.74
2022-02-25,164.85
2022-02-28,165.12
2022-03-01,163.2
2022-03-02,166.56
2022-03-03,166.23
2022-03-04,163.17
2022-03-07,159.3
2022-03-08,157.44
2022-03-09,162.95
2022-03-10,158.52
2022-03-11,154.73
2022-03-14,150.62
2022-03-15,155.09
2022-03-16,159.59
2022-03-17,160.62
2022-03-18,163.98
2022-03-21,165.38
2022-03-22,168.82
2022-03-23,170.21
2022-03-24,174.07
2022-03-25,174.72
2022-03-28,175.6
2022-03-29,178.96
2022-03-30,177.77
2022-03-31,174.61
2022-04-01,174.31
2022-04-04,178.44
2022-04-05,175.06
2022-04-06,171.83
2022-04-07,172.14
2022-04-08,170.09
2022-04-11,165.75
2022-04-12,167.66
2022-04-13,170.4
2022-04-14,165.29
2022-04-18,165.07
2022-04-19,167.4
2022-04-20,167.23
2022-04-21,166.42
2022-04-22,161.79
2022-04-25,162.88
2022-04-26,156.8
2022-04-27,156.57
2022-04-28,163.64
2022-04-29,157.65
2022-05-02,157.96
2022-05-03,159.48
2022-05-04,166.02
2022-05-05,156.77
2022-05-06,157.28
2022-05-09,152.06
2022-05-10,154.51
2022-05-11,146.5
2022-05-12,142.56
2022-05-13,147.11
2022-05-16,145.54
2022-05-17,149.24
2022-05-18,140.82
2022-05-19,137.35
2022-05-20,137.59
2022-05-23,143.11
2022-05-24,140.36
2022-05-25,140.52
2022-05-26,143.78
2022-05-27,149.64
2022-05-31,148.84
2022-06-01,148.71
2022-06-02,151.21
2022-06-03,145.38
2022-06-06,146.14
2022-06-07,148.71
2022-06-08,147.96
2022-06-09,142.64
2022-06-10,137.13
2022-06-13,131.88
2022-06-14,132.76
2022-06-15,135.43
2022-06-16,130.06
2022-06-17,131.56
2022-06-21,135.87
2022-06-22,135.35
2022-06-23,138.27
2022-06-24,141.66
2022-06-27,141.66
2022-06-28,137.44
2022-06-29,139.23
2022-06-30,136.72
2022-07-01,138.93
2022-07-05,141.56
2022-07-06,142.92
2022-07-07,146.35
2022-07-08,147.04
2022-07-11,144.87
2022-07-12,145.86
2022-07-13,145.49
2022-07-14,148.47
2022-07-15,150.17
2022-07-18,147.07
2022-07-19,151.0
2022-07-20,153.04
2022-07-21,155.35
2022-07-22,154.09
2022-07-25,152.95
2022-07-26,151.6
2022-07-27,156.79
2022-07-28,157.35
2022-07-29,162.51
2022-08-01,161.51
2022-08-02,160.01
2022-08-03,166.13
2022-08-04,165.81
2022-08-05,165.35
2022-08-08,164.87
2022-08-09,164.92
2022-08-10,169.24
2022-08-11,168.49
2022-08-12,172.1
2022-08-15,173.19
2022-08-16,173.03
2022-08-17,174.55
2022-08-18,174.15
2022-08-19,171.52
2022-08-22,167.57
2022-08-23,167.23
2022-08-24,167.53
2022-08-25,170.03
2022-08-26,163.62
2022-08-29,161.38
2022-08-30,158.91
2022-08-31,157.22
2022-09-01,157.96
2022-09-02,155.81
2022-09-06,154.53
2022-09-07,155.96
2022-09-08,154.46
2022-09-09,157.37
2022-09-12,163.43
2022-09-13,153.84
2022-09-14,155.31
2022-09-15,152.37
2022-09-16,150.7
2022-09-19,154.48
2022-09-20,156.9
2022-09-21,153.72
2022-09-22,152.74
2022-09-23,150.43
2022-09-26,150.77
2022-09-27,151.76
2022-09-28,149.84
2022-09-29,142.48
2022-09-30,138.2
2022-10-03,142.45
2022-10-04,146.1
2022-10-05,146.4
2022-10-06,145.43
2022-10-07,140.09
2022-10-10,140.42
2022-10-11,138.98
2022-10-12,138.34
2022-10-13,142.99
2022-10-14,138.38
2022-10-17,142.41
2022-10-18,143.75
2022-10-19,143.86
2022-10-20,143.39
2022-10-21,147.27
2022-10-24,149.45
2022-10-25,152.34
2022-10-26,149.35
2022-10-27,144.8
2022-10-28,155.74
2022-10-31,153.34
2022-11-01,150.65
2022-11-02,145.03
2022-11-03,138.88
2022-11-04,138.38
2022-11-07,138.92
2022-11-08,139.5
2022-11-09,134.87
2022-11-10,146.87
2022-11-11,149.7
2022-11-14,148.28
2022-11-15,150.04
2022-11-16,148.79
2022-11-17,150.72
2022-11-18,151.29
2022-11-21,148.01
2022-11-22,150.18
2022-11-23,151.07
2022-11-25,148.11
2022-11-28,144.22
2022-11-29,141.17
2022-11-30,148.03
2022-12-01,148.31
2022-12-02,147.81
2022-12-05,146.63
2022-12-06,142.91
2022-12-07,140.94
2022-12-08,142.65
2022-12-09,142.16
2022-12-12,144.49
2022-12-13,145.47
2022-12-14,143.21
2022-12-15,136.5
2022-12-16,134.51
2022-12-19,132.37
2022-12-20,132.3
2022-12-21,135.45
2022-12-22,132.23
2022-12-23,131.86
2022-12-27,130.03
2022-12-28,126.04
2022-12-29,129.61
2022-12-30,129.93
2023-01-03,125.07
2023-01-04,126.36
2023-01-05,125.02
2023-01-06,129.62
2023-01-09,130.15
2023-01-10,130.73
2023-01-11,133.49
2023-01-12,133.41
2023-01-13,134.76
2023-01-17,135.94
2023-01-18,135.21
2023-01-19,135.27
2023-01-20,137.87
2023-01-23,141.11
2023-01-24,142.53
2023-01-25,141.86
2023-01-26,143.96
2023-01-27,145.93
2023-01-30,143.0
2023-01-31,144.29
2023-02-01,145.43
2023-02-02,150.82
2023-02-03,154.5
2023-02-06,151.73
2023-02-07,154.65
2023-02-08,151.92
2023-02-09,150.87
2023-02-10,151.01
2023-02-13,153.85
2023-02-14,153.2
2023-02-15,155.33
2023-02-16,153.71
2023-02-17,152.55
2023-02-21,148.48
2023-02-22,148.91
2023-02-23,149.4
2023-02-24,146.71
2023-02-27,147.92
2023-02-28,147.41
2023-03-01,145.31
2023-03-02,145.91
2023-03-03,151.03
2023-03-06,153.83
2023-03-07,151.6
2023-03-08,152.87
2023-03-09,150.59
2023-03-10,148.5
2023-03-13,150.47
2023-03-14,152.59
2023-03-15,152.99
2023-03-16,155.85
2023-03-17,155.0
2023-03-20,157.4
2023-03-21,159.28
2023-03-22,157.83
2023-03-23,158.93
2023-03-24,160.25
2023-03-27,158.28
2023-03-28,157.65
2023-03-29,160.77
2023-03-30,162.36
2023-03-31,164.9
2023-04-03,166.17
2023-04-04,165.63
2023-04-05,163.76
2023-04-06,164.66
2023-04-10,162.03
2023-04-11,160.8
2023-04-12,160.1
2023-04-13,165.56
2023-04-14,165.21
2023-04-17,165.23
2023-04-18,166.47
2023-04-19,167.63
2023-04-20,166.65
2023-04-21,165.02
2023-04-24,165.33
2023-04-25,163.77
2023-04-26,163.76
2023-04-27,168.41
2023-04-28,169.68
2023-05-01,169.59
2023-05-02,168.54
2023-05-03,167.45
2023-05-04,165.79
2023-05-05,173.57
2023-05-08,173.5
2023-05-09,171.77
2023-05-10,173.56
2023-05-11,173.75
2023-05-12,172.57
2023-05-15,172.07
2023-05-16,172.07
2023-05-17,172.69
2023-05-18,175.05
2023-05-19,175.16
2023-05-22,174.2
2023-05-23,171.56
2023-05-24,171.84
2023-05-25,172.99
2023-05-26,175.43
2023-05-30,177.3
2023-05-31,177.25
2023-06-01,180.09
2023-06-02,180.95
2023-06-05,179.58
2023-06-06,179.21
2023-06-07,177.82
2023-06-08,180.57
2023-06-09,180.96
2023-06-12,183.79
2023-06-13,183.31
2023-06-14,183.95
2023-06-15,186.01
2023-06-16,184.92
2023-06-20,185.01
2023-06-21,183.96
2023-06-22,187.0
2023-06-23,186.68
2023-06-26,185.27
2023-06-27,188.06
2023-06-28,189.25
2023-06-29,189.59
2023-06-30,193.97
2023-07-03,192.46
2023-07-05,191.33
2023-07-06,191.81
2023-07-07,190.68
2023-07-10,188.61
2023-07-11,188.08
2023-07-12,189.77
2023-07-13,190.54
2023-07-14,190.69
2023-07-17,193.99
2023-07-18,193.73
2023-07-19,195.1
2023-07-20,193.13
2023-07-21,191.94
2023-07-24,192.75
2023-07-25,193.62
2023-07-26,194.5
2023-07-27,193.22
2023-07-28,195.83
2023-07-31,196.45
2023-08-01,195.61
2023-08-02,192.58
2023-08-03,191.17
2023-08-04,181.99
2023-08-07,178.85
2023-08-08,179.8
2023-08-09,178.19
2023-08-10,177.97
2023-08-11,177.79
2023-08-14,179.46
2023-08-15,177.45
2023-08-16,176.57
2023-08-17,174.0
2023-08-18,174.49
2023-08-21,175.84
2023-08-22,177.23
2023-08-23,181.12
2023-08-24,176.38
2023-08-25,178.61
2023-08-28,180.19
2023-08-29,184.12
2023-08-30,187.65
2023-08-31,187.87
2023-09-01,189.46
2023-09-05,189.7
2023-09-06,182.91
2023-09-07,177.56
2023-09-08,178.18
2023-09-11,179.36
2023-09-12,176.3
2023-09-13,174.21
2023-09-14,175.74
2023-09-15,175.01
2023-09-18,177.97
2023-09-19,179.07
2023-09-20,175.49
2023-09-21,173.93
2023-09-22,174.79
2023-09-25,176.08
2023-09-26,171.96
2023-09-27,170.43
2023-09-28,170.69
2023-09-29,171.21
2023-10-02,173.75
2023-10-03,172.4
2023-10-04,173.66
2023-10-05,174.91
2023-10-06,177.49
2023-10-09,178.99
2023-10-10,178.39
2023-10-11,179.8
2023-10-12,180.71
2023-10-13,178.85
2023-10-16,178.72
2023-10-17,177.15
2023-10-18,175.84
2023-10-19,175.46
2023-10-20,172.88
2023-10-23,173.0
2023-10-24,173.44
2023-10-25,171.1
2023-10-26,166.89
2023-10-27,168.22
2023-10-30,170.29
2023-10-31,170.77
2023-11-01,173.97
2023-11-02,177.57
2023-11-03,176.65
2023-11-06,179.23
2023-11-07,181.82
2023-11-08,182.89
2023-11-09,182.41
2023-11-10,186.4
2023-11-13,184.8
2023-11-14,187.44
2023-11-15,188.01
2023-11-16,189.71
2023-11-17,189.69
2023-11-20,191.45
2023-11-21,190.64
2023-11-22,191.31
2023-11-24,189.97
2023-11-27,189.79
2023-11-28,190.4
2023-11-29,189.37
2023-11-30,189.95
2023-12-01,191.24
2023-12-04,189.43
2023-12-05,193.42
2023-12-06,192.32
2023-12-07,194.27
2023-12-08,195.71
2023-12-11,193.18
2023-12-12,194.71
2023-12-13,197.96
2023-12-14,198.11
2023-12-15,197.57
2023-12-18,195.89
2023-12-19,196.94
2023-12-20,194.83
2023-12-21,194.68
2023-12-22,193.6
2023-12-26,193.05
2023-12-27,193.15
2023-12-28,193.58
2023-12-29,192.53
2024-01-02,185.64
2024-01-03,184.25
2024-01-04,181.91
2024-01-05,181.18
2024-01-08,185.56
2024-01-09,185.14
2024-01-10,186.19
2024-01-11,185.59
2024-01-12,185.92
2024-01-16,183.63
2024-01-17,182.68
2024-01-18,188.63
2024-01-19,191.56
2024-01-22,193.89
2024-01-23,195.18
2024-01-24,194.5
2024-01-25,194.17
2024-01-26,192.42
2024-01-29,191.73
2024-01-30,188.04
2024-01-31,184.4
2024-02-01,186.86
2024-02-02,185.85
2024-02-05,187.68
2024-02-06,189.3
2024-02-07,189.41
2024-02-08,188.32
2024-02-09,188.85
2024-02-12,187.15
2024-02-13,185.04
2024-02-14,184.15
2024-02-15,183.86
2024-02-16,182.31
2024-02-20,181.56
2024-02-21,182.32
2024-02-22,184.37
2024-02-23,182.52
2024-02-26,181.16
2024-02-27,182.63
2024-02-28,181.42
2024-02-29,180.75
2024-03-01,179.66
2024-03-04,175.09
2024-03-05,170.12
2024-03-06,169.12
2024-03-07,169.0
2024-03-08,170.73
2024-03-11,172.75
2024-03-12,173.23
2024-03-13,171.13
2024-03-14,173.0
2024-03-15,172.62
2024-03-18,173.72
2024-03-19,176.08
2024-03-20,178.67
2024-03-21,171.37
2024-03-22,172.28
2024-03-25,170.85
2024-03-26,169.71
2024-03-27,173.31
2024-03-28,171.48
2024-04-01,170.03
2024-04-02,168.84
2024-04-03,169.65
2024-04-04,168.82
2024-04-05,169.58
2024-04-08,168.45
2024-04-09,169.67
2024-04-10,167.78
2024-04-11,175.04
2024-04-12,176.55
2024-04-15,172.69
2024-04-16,169.38
2024-04-17,168.0
2024-04-18,167.04
2024-04-19,165.0
2024-04-22,165.84
2024-04-23,166.9
2024-04-24,169.02
2024-04-25,169.89
2024-04-26,169.3
2024-04-29,173.5
2024-04-30,170.33
2024-05-01,169.3
2024-05-02,173.03
2024-05-03,183.38
2024-05-06,181.71
2024-05-07,182.4
2024-05-08,182.74
2024-05-09,184.57
2024-05-10,183.05
2024-05-13,186.28
2024-05-14,187.43
2024-05-15,189.72
2024-05-16,189.84
2024-05-17,189.87
2024-05-20,191.04
2024-05-21,192.35
2024-05-22,190.9
2024-05-23,186.88
2024-05-24,189.98
2024-05-28,189.99
2024-05-29,190.29
2024-05-30,191.29
2024-05-31,192.25
2024-06-03,194.03
2024-06-04,194.35
2024-06-05,195.87
2024-06-06,194.48
2024-06-07,196.89
2024-06-10,193.12
2024-06-11,207.15
2024-06-12,213.07
2024-06-13,214.24
2024-06-14,212.49
2024-06-17,216.67
2024-06-18,214.29
2024-06-20,209.68
2024-06-21,207.49
2024-06-24,208.14
2024-06-25,209.07
2024-06-26,213.25
2024-06-27,214.1
2024-06-28,210.62
2024-07-01,216.75
2024-07-02,220.27
2024-07-03,221.55
2024-07-05,226.34
2024-07-08,227.82
2024-07-09,228.68
2024-07-10,232.98
2024-07-11,227.57
2024-07-12,230.54
2024-07-15,234.4
2024-07-16,234.82
2024-07-17,228.88
2024-07-18,224.18
2024-07-19,224.31
2024-07-22,223.96
2024-07-23,225.01
2024-07-24,218.54
2024-07-25,217.49
2024-07-26,217.96
2024-07-29,218.24
2024-07-30,218.8
2024-07-31,222.08
2024-08-01,218.36
2024-08-02,219.86
2024-08-05,209.27
2024-08-06,207.23
2024-08-07,209.82
2024-08-08,213.31
2024-08-09,216.24
2024-08-12,217.53
2024-08-13,221.27
2024-08-14,221.72
2024-08-15,224.72
2024-08-16,226.05
2024-08-19,225.89
2024-08-20,226.51
2024-08-21,226.4
2024-08-22,224.53
2024-08-23,226.84
2024-08-26,227.18
2024-08-27,228.03
2024-08-28,226.49
2024-08-29,229.79
2024-08-30,229.0
2024-09-03,222.77
2024-09-04,220.85
2024-09-05,222.38
2024-09-06,220.82
2024-09-09,220.91
2024-09-10,220.11
2024-09-11,222.66
2024-09-12,222.77
2024-09-13,222.5
2024-09-16,216.32
2024-09-17,216.79
2024-09-18,220.69
2024-09-19,228.87
2024-09-20,228.2
2024-09-23,226.47
2024-09-24,227.37
2024-09-25,226.37
2024-09-26,227.52
2024-09-27,227.79
2024-09-30,233.0
2024-10-01,226.21
2024-10-02,226.78
2024-10-03,225.67
2024-10-04,226.8
2024-10-07,221.69
2024-10-08,225.77
2024-10-09,229.54
2024-10-10,229.04
2024-10-11,227.55
2024-10-14,231.3
2024-10-15,233.85
2024-10-16,231.78
2024-10-17,232.15
2024-10-18,235.0
2024-10-21,236.48
2024-10-22,235.86
2024-10-23,230.76
2024-10-24,230.57
2024-10-25,231.41
2024-10-28,233.4
2024-10-29,233.67
2024-10-30,230.1
2024-10-31,225.91
2024-11-01,222.91
2024-11-04,222.01
2024-11-05,223.45
2024-11-06,222.72
2024-11-07,227.48
2024-11-08,226.96
2024-11-11,224.23
2024-11-12,224.23
2024-11-13,225.12
2024-11-14,228.22
2024-11-15,225.0
2024-11-18,228.02
2024-11-19,228.28
2024-11-20,229.0
2024-11-21,228.52
2024-11-22,229.87
2024-11-25,232.87
2024-11-26,235.06
2024-11-27,234.93
2024-11-29,237.33
2024-12-02,239.59
2024-12-03,242.65
2024-12-04,243.01
2024-12-05,243.04
2024-12-06,242.84
2024-12-09,246.75
2024-12-10,247.77
2024-12-11,246.49
2024-12-12,247.96
2024-12-13,248.13
2024-12-16,251.04
2024-12-17,253.48
2024-12-18,248.05
2024-12-19,249.79
2024-12-20,254.49
2024-12-23,255.27
2024-12-24,258.2
2024-12-26,259.02
2024-12-27,255.59
2024-12-30,252.2
2024-12-31,250.42
2025-01-02,243.85
2025-01-03,243.36
2025-01-06,245.0
2025-01-07,242.21
2025-01-08,242.7
2025-01-10,236.85
2025-01-13,234.4
2025-01-14,233.28
2025-01-15,237.87
2025-01-16,228.26
2025-01-17,229.98
2025-01-21,222.64
2025-01-22,223.83
2025-01-23,223.66
2025-01-24,222.78
2025-01-27,229.86
2025-01-28,238.26
2025-01-29,239.36
2025-01-30,237.59
2025-01-31,236.0
2025-02-03,228.01
2025-02-04,232.8
2025-02-05,232.47
2025-02-06,233.22
2025-02-07,227.63
2025-02-10,227.65
2025-02-11,232.62
2025-02-12,236.87
2025-02-13,241.53
2025-02-14,244.6
2025-02-18,244.47
2025-02-19,244.87
2025-02-20,245.83
2025-02-21,245.55
2025-02-24,247.1
2025-02-25,247.04
2025-02-26,240.36
2025-02-27,237.3
2025-02-28,241.84
2025-03-03,238.03
2025-03-04,235.93
2025-03-05,235.74
2025-03-06,235.33
2025-03-07,239.07
2025-03-10,227.48
2025-03-11,220.84
2025-03-12,216.98
2025-03-13,209.68
2025-03-14,213.49
2025-03-17,214.0
2025-03-18,212.69
2025-03-19,215.24
2025-03-20,214.1
2025-03-21,218.27
2025-03-24,220.73
2025-03-25,223.75
2025-03-26,221.53
2025-03-27,223.85
2025-03-28,217.9
2025-03-31,222.13
2025-04-01,223.19
2025-04-02,223.89
2025-04-03,203.19
2025-04-04,188.38
2025-04-07,181.46
2025-04-08,172.42
2025-04-09,198.85
2025-04-10,190.42
2025-04-11,198.15
2025-04-14,202.52
2025-04-15,202.14
2025-04-16,194.27
2025-04-17,196.98
2025-04-21,193.16
2025-04-22,199.74
2025-04-23,204.6
2025-04-24,208.37
2025-04-25,209.28
2025-04-28,210.14
2025-04-29,211.21
2025-04-30,212.5
2025-05-01,213.32
2025-05-02,205.35
2025-05-05,198.89
2025-05-06,198.51
2025-05-07,196.25
2025-05-08,197.49
2025-05-09,198.53
2025-05-12,210.79
2025-05-13,212.93
2025-05-14,212.33
2025-05-15,211.45
2025-05-16,211.26
2025-05-19,208.78
2025-05-20,206.86
2025-05-21,202.09
2025-05-22,201.36
2025-05-23,195.27
2025-05-27,200.21
2025-05-28,200.42
2025-05-29,199.95
2025-05-30,200.85
2025-06-02,201.7
2025-06-03,203.27
2025-06-04,202.82
2025-06-05,200.63
2025-06-06,203.92
2025-06-09,201.45
2025-06-10,202.67
2025-06-11,198.78
2025-06-12,199.2
2025-06-13,196.45
2025-06-16,198.42
2025-06-17,195.64
2025-06-18,196.58
2025-06-20,201.0
2025-06-23,201.5
2025-06-24,200.3
2025-06-25,201.56
2025-06-26,201.0
2025-06-27,201.08
2025-06-30,205.17
2025-07-01,207.82
2025-07-02,212.44
2025-07-03,213.55
2025-07-07,209.95
2025-07-08,210.01
2025-07-09,211.14
2025-07-10,212.41
2025-07-11,211.16
2025-07-14,208.62
2025-07-15,209.11
2025-07-16,210.16
2025-07-17,210.02
2025-07-18,211.18
2025-07-21,212.48
2025-07-22,214.4
2025-07-23,214.15
2025-07-24,213.76
2025-07-25,213.88
2025-07-28,214.05
2025-07-29,211.27
2025-07-30,209.05
2025-07-31,207.57
2025-08-01,202.38
2025-08-04,203.35
2025-08-05,202.92
2025-08-06,213.25
2025-08-07,220.03
2025-08-08,229.35
2025-08-11,227.18
2025-08-12,229.65
2025-08-13,233.33
2025-08-14,232.78
2025-08-15,231.59
2025-08-18,230.89
2025-08-19,230.56
2025-08-20,226.01
2025-08-21,224.9
2025-08-22,227.76
2025-08-25,227.16
2025-08-26,229.31
2025-08-27,230.49
2025-08-28,232.56
2025-08-29,232.14
2025-09-02,229.72
2025-09-03,238.47
2025-09-04,239.78
2025-09-05,239.69
2025-09-08,237.88
2025-09-09,234.35
2025-09-10,226.79
2025-09-11,230.03
2025-09-12,234.07
2025-09-15,236.7
2025-09-16,238.15
2025-09-17,238.99
2025-09-18,237.88
2025-09-19,245.5
2025-09-22,256.08
2025-09-23,254.43
2025-09-24,252.31
2025-09-25,256.87
2025-09-26,255.46
2025-09-29,254.43
2025-09-30,254.63
2025-10-01,255.45
2025-10-02,257.13
2025-10-03,258.02
2025-10-06,256.69
2025-10-07,256.48
2025-10-08,258.06
2025-10-09,254.04
2025-10-10,245.27
2025-10-13,247.66
2025-10-14,247.77
2025-10-15,249.34
2025-10-16,247.45
2025-10-17,252.29
2025-10-20,262.24
2025-10-21,262.77
2025-10-22,258.45
2025-10-23,259.58
2025-10-24,262.82
2025-10-27,268.81
2025-10-28,269.0
2025-10-29,269.7
2025-10-30,271.4
2025-10-31,270.37
2025-11-03,269.05
2025-11-04,270.04
2025-11-05,270.14
2025-11-06,269.77
2025-11-07,268.47
2025-11-10,269.43
2025-11-11,275.25
2025-11-12,273.47
2025-11-13,272.95
2025-11-14,272.41
2025-11-17,267.46
2025-11-18,267.44
2025-11-19,268.56
2025-11-20,266.25
2025-11-21,271.49
2025-11-24,275.92
2025-11-25,276.97
2025-11-26,277.55
2025-11-28,278.85
2025-12-01,283.1
2025-12-02,286.19
2025-12-03,284.15
2025-12-04,280.7
2025-12-05,278.78
2025-12-08,277.89
2025-12-09,277.18
2025-12-10,278.78
2025-12-11,278.03
2025-12-12,278.28
2025-12-15,274.11
2025-12-16,274.61
2025-12-17,271.84
2025-12-18,272.19
2025-12-19,273.67
2025-12-22,270.97
2025-12-23,272.36
2025-12-24,273.81
2025-12-26,273.4
2025-12-29,273.76
2025-12-30,273.08
2025-12-31,271.86
2026-01-02,271.01
2026-01-05,267.26
2026-01-06,262.36
2026-01-07,260.33
2026-01-08,259.04
2026-01-09,259.37
2026-01-12,260.25
2026-01-13,261.05
2026-01-14,259.96
2026-01-15,258.21
2026-01-16,255.53
2026-01-20,246.7
2026-01-21,247.65
2026-01-22,248.35
2026-01-23,248.04
2026-01-26,255.41
2026-01-27,258.27
2026-01-28,256.44
2026-01-29,258.28
2026-01-30,259.48
2026-02-02,270.01
2026-02-03,269.48
2026-02-04,276.49
2026-02-05,275.91
2026-02-06,278.12
2026-02-09,274.62
2026-02-10,273.68
2026-02-11,275.5
2026-02-12,261.73
2026-02-13,255.78
2026-02-17,263.88
2026-02-18,264.35
2026-02-19,260.58
2026-02-20,264.58
2026-02-23,266.18
2026-02-24,272.14
2026-02-25,274.23
2026-02-26,272.95
2026-02-27,264.18
2026-03-02,264.72
2026-03-03,263.75
2026-03-04,262.52
2026-03-05,260.29
2026-03-06,257.46
2026-03-09,259.88
2026-03-10,260.83
2026-03-11,260.81
2026-03-12,255.76
